date,store_id,city,city_tier,treatment_group,orders_placed,orders_delivered,orders_cancelled_stockout,orders_cancelled_other,avg_delivery_time_min,pct_on_time_15min,gtv_inr
2026-01-01,DS1000,Pune,Tier 1,control,177,168,6,3,16.99,35.0,39504.0
2026-01-01,DS1001,Bengaluru,Tier 1,treated,161,152,8,1,17.98,35.0,31573.0
2026-01-01,DS1002,Mumbai,Tier 1,treated,161,153,5,3,14.52,51.4,33230.0
2026-01-01,DS1003,Lucknow,Tier 2,control,94,91,3,0,16.5,35.0,19758.0
2026-01-01,DS1004,Pune,Tier 1,control,125,116,5,4,14.85,51.7,28128.0
2026-01-01,DS1005,Pune,Tier 1,control,138,132,6,0,15.9,35.0,34177.0
2026-01-01,DS1006,Pune,Tier 1,control,203,194,6,3,15.56,35.0,49033.0
2026-01-01,DS1007,Mumbai,Tier 1,treated,147,137,7,3,13.17,66.6,37922.0
2026-01-01,DS1008,Chennai,Tier 1,control,169,161,7,1,17.99,35.0,37939.0
2026-01-01,DS1009,Hyderabad,Tier 1,control,184,175,6,3,16.01,45.6,40979.0
2026-01-01,DS1010,Lucknow,Tier 2,control,61,61,0,0,17.98,35.0,13540.0
2026-01-01,DS1011,Pune,Tier 1,control,127,120,6,1,17.89,35.0,26716.0
2026-01-01,DS1012,Bengaluru,Tier 1,treated,181,175,5,1,15.51,41.5,40208.0
2026-01-01,DS1013,Pune,Tier 1,control,174,170,3,1,16.8,35.0,35812.0
2026-01-01,DS1014,Hyderabad,Tier 1,control,140,138,1,1,19.81,35.0,31147.0
2026-01-01,DS1015,Jaipur,Tier 2,control,102,98,3,1,16.24,37.2,18296.0
2026-01-01,DS1016,Mumbai,Tier 1,treated,190,185,2,3,13.99,64.0,50088.0
2026-01-01,DS1017,Chennai,Tier 1,control,113,110,1,2,14.47,50.3,22187.0
2026-01-01,DS1018,Bhopal,Tier 2,control,83,77,3,3,17.94,35.0,15562.0
2026-01-01,DS1019,Hyderabad,Tier 1,control,197,185,9,3,19.56,35.0,43740.0
2026-01-01,DS1020,Jaipur,Tier 2,control,92,86,3,3,17.56,35.0,15216.0
2026-01-01,DS1021,Bengaluru,Tier 1,treated,121,119,0,2,13.26,68.1,26323.0
2026-01-01,DS1022,Lucknow,Tier 2,control,124,117,3,4,15.27,44.3,23936.0
2026-01-01,DS1023,Mumbai,Tier 1,treated,197,190,7,0,16.11,43.9,51258.0
2026-01-01,DS1024,Mumbai,Tier 1,treated,195,188,6,1,16.73,35.0,55048.0
2026-01-01,DS1025,Jaipur,Tier 2,control,82,78,3,1,15.94,44.8,13879.0
2026-01-01,DS1026,Delhi NCR,Tier 1,treated,152,142,8,2,15.28,43.0,35135.0
2026-01-01,DS1027,Mumbai,Tier 1,treated,130,125,4,1,17.22,35.0,33351.0
2026-01-01,DS1028,Bhopal,Tier 2,control,130,127,2,1,16.01,35.4,28437.0
2026-01-01,DS1029,Jaipur,Tier 2,control,85,83,2,0,17.06,35.0,15994.0
2026-01-01,DS1030,Pune,Tier 1,control,216,206,10,0,16.83,35.7,48310.0
2026-01-01,DS1031,Mumbai,Tier 1,treated,124,117,6,1,14.68,48.0,30026.0
2026-01-01,DS1032,Chennai,Tier 1,control,137,135,2,0,16.8,35.0,28766.0
2026-01-01,DS1033,Jaipur,Tier 2,control,70,67,2,1,18.63,35.0,13319.0
2026-01-01,DS1034,Mumbai,Tier 1,treated,142,137,5,0,19.53,35.0,32178.0
2026-01-01,DS1035,Pune,Tier 1,control,196,190,5,1,17.48,35.0,48791.0
2026-01-01,DS1036,Lucknow,Tier 2,control,75,69,4,2,14.22,51.1,15377.0
2026-01-01,DS1037,Lucknow,Tier 2,control,130,126,4,0,15.4,46.7,23214.0
2026-01-01,DS1038,Delhi NCR,Tier 1,treated,161,153,5,3,14.28,59.5,41175.0
2026-01-01,DS1039,Lucknow,Tier 2,control,65,63,1,1,14.12,52.3,13519.0
2026-01-01,DS1040,Hyderabad,Tier 1,control,148,142,6,0,17.6,35.0,31361.0
2026-01-01,DS1041,Lucknow,Tier 2,control,79,76,3,0,18.62,35.0,14140.0
2026-01-01,DS1042,Jaipur,Tier 2,control,89,86,2,1,16.14,35.0,17428.0
2026-01-01,DS1043,Indore,Tier 2,control,102,97,5,0,13.35,70.8,21808.0
2026-01-01,DS1044,Bengaluru,Tier 1,treated,163,154,7,2,15.82,46.6,33729.0
2026-01-01,DS1045,Delhi NCR,Tier 1,treated,137,128,5,4,15.81,42.9,35464.0
2026-01-01,DS1046,Bengaluru,Tier 1,treated,112,107,4,1,17.8,35.0,19244.0
2026-01-01,DS1047,Bengaluru,Tier 1,treated,114,109,3,2,20.19,35.0,25333.0
2026-01-01,DS1048,Mumbai,Tier 1,treated,162,151,10,1,17.04,35.0,27578.0
2026-01-01,DS1049,Jaipur,Tier 2,control,108,105,3,0,15.62,42.8,25159.0
2026-01-01,DS1050,Chennai,Tier 1,control,125,120,4,1,14.28,57.5,29257.0
2026-01-01,DS1051,Chennai,Tier 1,control,160,153,6,1,14.67,52.8,36030.0
2026-01-01,DS1052,Jaipur,Tier 2,control,78,77,0,1,15.37,45.5,17895.0
2026-01-01,DS1053,Bhopal,Tier 2,control,81,79,1,1,15.16,43.5,15124.0
2026-01-01,DS1054,Pune,Tier 1,control,180,167,12,1,14.6,49.0,37815.0
2026-01-01,DS1055,Delhi NCR,Tier 1,treated,153,149,3,1,14.39,53.7,38095.0
2026-01-01,DS1056,Delhi NCR,Tier 1,treated,184,179,5,0,18.28,35.0,40200.0
2026-01-01,DS1057,Delhi NCR,Tier 1,treated,131,129,1,1,18.69,35.0,30396.0
2026-01-01,DS1058,Chennai,Tier 1,control,155,153,1,1,17.78,35.0,36883.0
2026-01-01,DS1059,Mumbai,Tier 1,treated,139,131,7,1,16.32,43.1,34013.0
2026-01-02,DS1000,Pune,Tier 1,control,221,211,9,1,16.94,35.0,54614.0
2026-01-02,DS1001,Bengaluru,Tier 1,treated,205,198,7,0,19.41,35.0,47007.0
2026-01-02,DS1002,Mumbai,Tier 1,treated,189,179,8,2,14.92,51.6,37289.0
2026-01-02,DS1003,Lucknow,Tier 2,control,119,114,4,1,16.07,43.8,19159.0
2026-01-02,DS1004,Pune,Tier 1,control,157,145,8,4,14.02,62.5,37498.0
2026-01-02,DS1005,Pune,Tier 1,control,144,137,2,5,17.62,35.0,33174.0
2026-01-02,DS1006,Pune,Tier 1,control,223,205,12,6,14.14,64.9,40828.0
2026-01-02,DS1007,Mumbai,Tier 1,treated,198,189,5,4,14.44,51.4,43084.0
2026-01-02,DS1008,Chennai,Tier 1,control,201,194,7,0,18.99,35.0,48101.0
2026-01-02,DS1009,Hyderabad,Tier 1,control,219,210,7,2,14.88,49.2,47475.0
2026-01-02,DS1010,Lucknow,Tier 2,control,68,62,5,1,18.56,35.0,11277.0
2026-01-02,DS1011,Pune,Tier 1,control,180,171,8,1,16.98,35.0,43879.0
2026-01-02,DS1012,Bengaluru,Tier 1,treated,215,206,7,2,17.3,35.0,54953.0
2026-01-02,DS1013,Pune,Tier 1,control,187,171,10,6,16.98,35.0,42488.0
2026-01-02,DS1014,Hyderabad,Tier 1,control,224,208,11,5,19.87,35.0,48679.0
2026-01-02,DS1015,Jaipur,Tier 2,control,126,122,2,2,16.94,35.0,24177.0
2026-01-02,DS1016,Mumbai,Tier 1,treated,192,186,4,2,14.99,52.0,39969.0
2026-01-02,DS1017,Chennai,Tier 1,control,158,152,4,2,14.47,63.4,40258.0
2026-01-02,DS1018,Bhopal,Tier 2,control,88,85,2,1,16.41,35.0,13121.0
2026-01-02,DS1019,Hyderabad,Tier 1,control,261,253,6,2,17.09,35.0,45750.0
2026-01-02,DS1020,Jaipur,Tier 2,control,116,108,6,2,16.6,35.0,21173.0
2026-01-02,DS1021,Bengaluru,Tier 1,treated,133,125,7,1,14.9,47.2,31792.0
2026-01-02,DS1022,Lucknow,Tier 2,control,149,139,4,6,13.15,69.5,31926.0
2026-01-02,DS1023,Mumbai,Tier 1,treated,229,216,9,4,15.6,52.7,58333.0
2026-01-02,DS1024,Mumbai,Tier 1,treated,241,228,11,2,16.03,35.2,59912.0
2026-01-02,DS1025,Jaipur,Tier 2,control,127,115,10,2,15.34,37.0,25989.0
2026-01-02,DS1026,Delhi NCR,Tier 1,treated,187,181,5,1,15.61,46.3,48946.0
2026-01-02,DS1027,Mumbai,Tier 1,treated,149,147,1,1,18.1,35.0,30430.0
2026-01-02,DS1028,Bhopal,Tier 2,control,169,160,8,1,15.63,47.1,23216.0
2026-01-02,DS1029,Jaipur,Tier 2,control,117,115,1,1,15.42,42.5,26127.0
2026-01-02,DS1030,Pune,Tier 1,control,270,253,9,8,15.31,47.5,77988.0
2026-01-02,DS1031,Mumbai,Tier 1,treated,190,177,10,3,15.68,41.1,39397.0
2026-01-02,DS1032,Chennai,Tier 1,control,187,180,5,2,17.06,35.0,41929.0
2026-01-02,DS1033,Jaipur,Tier 2,control,70,65,4,1,19.35,35.0,12765.0
2026-01-02,DS1034,Mumbai,Tier 1,treated,173,163,6,4,16.57,35.0,35704.0
2026-01-02,DS1035,Pune,Tier 1,control,225,212,7,6,14.34,54.8,38533.0
2026-01-02,DS1036,Lucknow,Tier 2,control,100,95,3,2,12.92,80.1,20322.0
2026-01-02,DS1037,Lucknow,Tier 2,control,119,113,3,3,18.09,35.0,24287.0
2026-01-02,DS1038,Delhi NCR,Tier 1,treated,220,203,12,5,12.33,77.8,48860.0
2026-01-02,DS1039,Lucknow,Tier 2,control,91,88,3,0,13.94,61.7,19118.0
2026-01-02,DS1040,Hyderabad,Tier 1,control,190,181,7,2,16.83,35.0,43309.0
2026-01-02,DS1041,Lucknow,Tier 2,control,120,116,3,1,16.9,35.0,17874.0
2026-01-02,DS1042,Jaipur,Tier 2,control,101,97,4,0,16.26,35.0,17690.0
2026-01-02,DS1043,Indore,Tier 2,control,94,88,3,3,13.43,64.4,16690.0
2026-01-02,DS1044,Bengaluru,Tier 1,treated,174,165,8,1,16.73,36.1,38597.0
2026-01-02,DS1045,Delhi NCR,Tier 1,treated,187,173,13,1,13.65,62.0,41075.0
2026-01-02,DS1046,Bengaluru,Tier 1,treated,180,175,1,4,16.57,35.0,40437.0
2026-01-02,DS1047,Bengaluru,Tier 1,treated,130,128,1,1,18.56,35.0,25238.0
2026-01-02,DS1048,Mumbai,Tier 1,treated,161,152,9,0,17.24,35.0,34644.0
2026-01-02,DS1049,Jaipur,Tier 2,control,118,113,3,2,16.12,41.9,26916.0
2026-01-02,DS1050,Chennai,Tier 1,control,120,110,10,0,14.71,51.9,28987.0
2026-01-02,DS1051,Chennai,Tier 1,control,196,180,13,3,16.41,37.6,48195.0
2026-01-02,DS1052,Jaipur,Tier 2,control,97,94,3,0,15.13,49.2,22408.0
2026-01-02,DS1053,Bhopal,Tier 2,control,86,82,4,0,13.35,69.7,17787.0
2026-01-02,DS1054,Pune,Tier 1,control,227,213,8,6,16.65,35.0,46914.0
2026-01-02,DS1055,Delhi NCR,Tier 1,treated,189,180,8,1,15.7,41.5,42201.0
2026-01-02,DS1056,Delhi NCR,Tier 1,treated,256,248,4,4,17.54,35.0,62563.0
2026-01-02,DS1057,Delhi NCR,Tier 1,treated,174,164,8,2,19.37,35.0,32210.0
2026-01-02,DS1058,Chennai,Tier 1,control,219,209,8,2,19.14,35.0,59780.0
2026-01-02,DS1059,Mumbai,Tier 1,treated,211,204,3,4,15.7,39.6,48366.0
2026-01-03,DS1000,Pune,Tier 1,control,206,195,8,3,17.21,35.0,46095.0
2026-01-03,DS1001,Bengaluru,Tier 1,treated,198,188,8,2,20.08,35.0,31134.0
2026-01-03,DS1002,Mumbai,Tier 1,treated,170,166,2,2,16.12,35.0,46160.0
2026-01-03,DS1003,Lucknow,Tier 2,control,109,102,7,0,16.77,40.9,22958.0
2026-01-03,DS1004,Pune,Tier 1,control,143,132,6,5,13.52,66.1,32447.0
2026-01-03,DS1005,Pune,Tier 1,control,147,140,4,3,15.65,42.6,30536.0
2026-01-03,DS1006,Pune,Tier 1,control,228,210,14,4,14.47,57.9,61782.0
2026-01-03,DS1007,Mumbai,Tier 1,treated,194,186,6,2,14.23,65.8,42506.0
2026-01-03,DS1008,Chennai,Tier 1,control,217,206,8,3,17.11,35.0,52112.0
2026-01-03,DS1009,Hyderabad,Tier 1,control,242,235,4,3,13.25,68.5,58662.0
2026-01-03,DS1010,Lucknow,Tier 2,control,96,93,3,0,19.45,35.0,25870.0
2026-01-03,DS1011,Pune,Tier 1,control,176,168,5,3,18.87,35.0,42931.0
2026-01-03,DS1012,Bengaluru,Tier 1,treated,185,177,6,2,18.35,35.0,49399.0
2026-01-03,DS1013,Pune,Tier 1,control,210,199,6,5,15.65,42.6,41838.0
2026-01-03,DS1014,Hyderabad,Tier 1,control,183,176,6,1,19.38,35.0,38046.0
2026-01-03,DS1015,Jaipur,Tier 2,control,128,120,8,0,17.45,35.0,25359.0
2026-01-03,DS1016,Mumbai,Tier 1,treated,200,196,3,1,17.48,35.0,42717.0
2026-01-03,DS1017,Chennai,Tier 1,control,161,155,5,1,14.39,59.7,34375.0
2026-01-03,DS1018,Bhopal,Tier 2,control,84,80,3,1,16.24,35.0,16627.0
2026-01-03,DS1019,Hyderabad,Tier 1,control,237,227,8,2,19.34,35.0,59438.0
2026-01-03,DS1020,Jaipur,Tier 2,control,101,99,2,0,17.24,35.0,27643.0
2026-01-03,DS1021,Bengaluru,Tier 1,treated,137,131,5,1,14.88,45.4,28678.0
2026-01-03,DS1022,Lucknow,Tier 2,control,137,134,2,1,17.05,35.0,28443.0
2026-01-03,DS1023,Mumbai,Tier 1,treated,227,219,6,2,15.97,38.4,45717.0
2026-01-03,DS1024,Mumbai,Tier 1,treated,251,241,6,4,17.35,35.0,51237.0
2026-01-03,DS1025,Jaipur,Tier 2,control,100,93,6,1,-1.673,35.0,18617.0
2026-01-03,DS1026,Delhi NCR,Tier 1,treated,201,189,12,0,15.74,39.7,42722.0
2026-01-03,DS1027,Mumbai,Tier 1,treated,132,125,5,2,18.25,35.0,36011.0
2026-01-03,DS1028,Bhopal,Tier 2,control,163,157,6,0,18.26,35.0,37356.0
2026-01-03,DS1029,Jaipur,Tier 2,control,99,96,2,1,15.63,44.2,17293.0
2026-01-03,DS1030,Pune,Tier 1,control,267,257,8,2,17.05,35.0,75751.0
2026-01-03,DS1031,Mumbai,Tier 1,treated,187,181,2,4,16.67,35.0,34356.0
2026-01-03,DS1032,Chennai,Tier 1,control,215,204,7,4,17.45,35.0,56589.0
2026-01-03,DS1033,Jaipur,Tier 2,control,74,70,4,0,18.91,35.0,13455.0
2026-01-03,DS1034,Mumbai,Tier 1,treated,189,183,6,0,16.26,35.0,51658.0
2026-01-03,DS1035,Pune,Tier 1,control,222,214,8,0,17.82,35.0,45497.0
2026-01-03,DS1036,Lucknow,Tier 2,control,91,87,2,2,13.65,65.1,16386.0
2026-01-03,DS1037,Lucknow,Tier 2,control,124,120,4,0,16.48,36.1,26816.0
2026-01-03,DS1038,Delhi NCR,Tier 1,treated,203,195,5,3,11.98,84.1,43719.0
2026-01-03,DS1039,Lucknow,Tier 2,control,92,86,4,2,16.01,40.9,16752.0
2026-01-03,DS1040,Hyderabad,Tier 1,control,187,177,9,1,17.51,35.0,41248.0
2026-01-03,DS1041,Lucknow,Tier 2,control,111,107,2,2,16.38,36.7,18191.0
2026-01-03,DS1042,Jaipur,Tier 2,control,104,101,2,1,17.05,35.0,19842.0
2026-01-03,DS1043,Indore,Tier 2,control,107,100,5,2,12.63,71.1,18042.0
2026-01-03,DS1044,Bengaluru,Tier 1,treated,169,162,5,2,16.08,35.0,39163.0
2026-01-03,DS1045,Delhi NCR,Tier 1,treated,179,172,7,0,14.39,53.5,42271.0
2026-01-03,DS1046,Bengaluru,Tier 1,treated,161,155,2,4,16.38,35.0,34618.0
2026-01-03,DS1047,Bengaluru,Tier 1,treated,146,138,5,3,19.76,35.0,33576.0
2026-01-03,DS1048,Mumbai,Tier 1,treated,182,172,8,2,17.19,35.0,40324.0
2026-01-03,DS1049,Jaipur,Tier 2,control,122,114,8,0,14.7,51.8,22555.0
2026-01-03,DS1050,Chennai,Tier 1,control,128,123,3,2,14.69,54.3,27977.0
2026-01-03,DS1051,Chennai,Tier 1,control,205,199,5,1,15.26,53.0,52065.0
2026-01-03,DS1052,Jaipur,Tier 2,control,108,103,4,1,14.86,50.1,20177.0
2026-01-03,DS1053,Bhopal,Tier 2,control,87,83,2,2,13.18,67.8,16056.0
2026-01-03,DS1054,Pune,Tier 1,control,217,209,6,2,17.02,35.0,43922.0
2026-01-03,DS1055,Delhi NCR,Tier 1,treated,175,170,4,1,15.57,41.3,36730.0
2026-01-03,DS1056,Delhi NCR,Tier 1,treated,256,243,7,6,18.2,35.0,66306.0
2026-01-03,DS1057,Delhi NCR,Tier 1,treated,187,177,6,4,17.17,35.0,45980.0
2026-01-03,DS1058,Chennai,Tier 1,control,197,191,6,0,16.05,37.3,48925.0
2026-01-03,DS1059,Mumbai,Tier 1,treated,175,169,6,0,14.95,54.1,31502.0
2026-01-04,DS1000,Pune,Tier 1,control,197,187,6,4,16.48,42.0,40160.0
2026-01-04,DS1001,Bengaluru,Tier 1,treated,156,146,8,2,17.97,35.0,39279.0
2026-01-04,DS1002,Mumbai,Tier 1,treated,176,172,4,0,14.64,48.6,45661.0
2026-01-04,DS1003,Lucknow,Tier 2,control,89,89,0,0,16.69,38.1,19456.0
2026-01-04,DS1004,Pune,Tier 1,control,140,133,5,2,13.93,66.5,32175.0
2026-01-04,DS1005,Pune,Tier 1,control,114,109,2,3,16.91,35.0,28108.0
2026-01-04,DS1006,Pune,Tier 1,control,189,179,5,5,15.23,45.0,37836.0
2026-01-04,DS1007,Mumbai,Tier 1,treated,153,147,3,3,13.88,61.8,29232.0
2026-01-04,DS1008,Chennai,Tier 1,control,164,160,4,0,17.28,35.0,41117.0
2026-01-04,DS1009,Hyderabad,Tier 1,control,185,173,8,4,16.12,35.1,46057.0
2026-01-04,DS1010,Lucknow,Tier 2,control,75,70,3,2,19.74,35.0,14565.0
2026-01-04,DS1011,Pune,Tier 1,control,152,146,4,2,18.0,35.0,29917.0
2026-01-04,DS1012,Bengaluru,Tier 1,treated,172,162,8,2,14.88,49.7,36724.0
2026-01-04,DS1013,Pune,Tier 1,control,185,178,4,3,15.96,35.0,44160.0
2026-01-04,DS1014,Hyderabad,Tier 1,control,149,145,3,1,20.83,35.0,30104.0
2026-01-04,DS1015,Jaipur,Tier 2,control,115,110,3,2,17.06,35.0,24757.0
2026-01-04,DS1016,Mumbai,Tier 1,treated,174,168,4,2,16.24,35.0,48149.0
2026-01-04,DS1017,Chennai,Tier 1,control,130,121,6,3,14.05,60.1,35683.0
2026-01-04,DS1018,Bhopal,Tier 2,control,80,74,5,1,18.31,35.0,17107.0
2026-01-04,DS1019,Hyderabad,Tier 1,control,192,180,9,3,18.04,35.0,44365.0
2026-01-04,DS1020,Jaipur,Tier 2,control,102,99,2,1,18.37,35.0,19078.0
2026-01-04,DS1021,Bengaluru,Tier 1,treated,109,105,2,2,16.06,35.5,27378.0
2026-01-04,DS1022,Lucknow,Tier 2,control,124,116,7,1,15.93,39.6,23281.0
2026-01-04,DS1023,Mumbai,Tier 1,treated,183,178,4,1,15.39,43.0,52352.0
2026-01-04,DS1024,Mumbai,Tier 1,treated,206,196,7,3,17.06,35.0,48312.0
2026-01-04,DS1025,Jaipur,Tier 2,control,104,99,4,1,15.18,50.7,17518.0
2026-01-04,DS1026,Delhi NCR,Tier 1,treated,147,143,4,0,17.77,35.0,32648.0
2026-01-04,DS1027,Mumbai,Tier 1,treated,137,130,4,3,16.1,39.3,36458.0
2026-01-04,DS1028,Bhopal,Tier 2,control,143,135,7,1,14.97,49.8,23745.0
2026-01-04,DS1029,Jaipur,Tier 2,control,82,77,5,0,16.01,35.0,17069.0
2026-01-04,DS1030,Pune,Tier 1,control,226,217,5,4,15.65,39.2,61047.0
2026-01-04,DS1031,Mumbai,Tier 1,treated,146,138,6,2,15.72,35.2,32964.0
2026-01-04,DS1032,Chennai,Tier 1,control,165,159,3,3,17.04,35.0,41462.0
2026-01-04,DS1033,Jaipur,Tier 2,control,79,73,5,1,19.88,35.0,14973.0
2026-01-04,DS1034,Mumbai,Tier 1,treated,161,154,6,1,16.76,35.0,31126.0
2026-01-04,DS1035,Pune,Tier 1,control,185,182,3,0,14.51,53.2,43889.0
2026-01-04,DS1036,Lucknow,Tier 2,control,66,63,2,1,13.45,64.1,14304.0
2026-01-04,DS1037,Lucknow,Tier 2,control,116,113,3,0,17.51,35.0,22940.0
2026-01-04,DS1038,Delhi NCR,Tier 1,treated,188,187,1,0,14.36,61.9,45739.0
2026-01-04,DS1039,Lucknow,Tier 2,control,89,87,2,0,14.31,63.1,16354.0
2026-01-04,DS1040,Hyderabad,Tier 1,control,161,151,7,3,18.51,35.0,31081.0
2026-01-04,DS1041,Lucknow,Tier 2,control,75,73,2,0,18.16,35.0,13991.0
2026-01-04,DS1042,Jaipur,Tier 2,control,91,88,2,1,15.12,45.5,18992.0
2026-01-04,DS1043,Indore,Tier 2,control,82,76,5,1,14.0,67.5,15538.0
2026-01-04,DS1044,Bengaluru,Tier 1,treated,124,120,1,3,15.4,47.4,33436.0
2026-01-04,DS1045,Delhi NCR,Tier 1,treated,164,154,7,3,14.14,60.3,29183.0
2026-01-04,DS1046,Bengaluru,Tier 1,treated,140,138,2,0,16.07,45.0,27659.0
2026-01-04,DS1047,Bengaluru,Tier 1,treated,130,124,4,2,20.85,35.0,26269.0
2026-01-04,DS1048,Mumbai,Tier 1,treated,171,169,2,0,16.13,39.0,34303.0
2026-01-04,DS1049,Jaipur,Tier 2,control,119,117,1,1,13.07,71.0,23528.0
2026-01-04,DS1050,Chennai,Tier 1,control,116,110,5,1,15.85,39.7,29382.0
2026-01-04,DS1051,Chennai,Tier 1,control,159,152,4,3,15.39,50.3,30279.0
2026-01-04,DS1052,Jaipur,Tier 2,control,80,74,2,4,15.81,42.3,16710.0
2026-01-04,DS1053,Bhopal,Tier 2,control,80,75,1,4,13.96,63.1,12081.0
2026-01-04,DS1054,Pune,Tier 1,control,195,186,4,5,17.11,35.0,44476.0
2026-01-04,DS1055,Delhi NCR,Tier 1,treated,150,148,2,0,14.53,54.6,36678.0
2026-01-04,DS1056,Delhi NCR,Tier 1,treated,205,195,5,5,17.24,35.0,52736.0
2026-01-04,DS1057,Delhi NCR,Tier 1,treated,150,140,8,2,17.95,35.0,28256.0
2026-01-04,DS1058,Chennai,Tier 1,control,198,189,8,1,19.4,35.0,49517.0
2026-01-04,DS1059,Mumbai,Tier 1,treated,151,148,2,1,15.31,45.2,31206.0
2026-01-05,DS1000,Pune,Tier 1,control,186,177,5,4,15.71,47.3,43474.0
2026-01-05,DS1001,Bengaluru,Tier 1,treated,173,167,4,2,19.03,35.0,38917.0
2026-01-05,DS1002,Mumbai,Tier 1,treated,144,137,6,1,14.61,47.8,35391.0
2026-01-05,DS1003,Lucknow,Tier 2,control,69,63,6,0,17.24,35.0,12314.0
2026-01-05,DS1004,Pune,Tier 1,control,131,124,5,2,13.38,62.8,31147.0
2026-01-05,DS1005,Pune,Tier 1,control,137,130,6,1,15.82,39.3,30092.0
2026-01-05,DS1006,Pune,Tier 1,control,170,166,3,1,14.44,60.1,40218.0
2026-01-05,DS1007,Mumbai,Tier 1,treated,148,144,3,1,16.58,36.0,38359.0
2026-01-05,DS1008,Chennai,Tier 1,control,179,169,7,3,19.22,35.0,39606.0
2026-01-05,DS1009,Hyderabad,Tier 1,control,201,198,1,2,14.2,66.9,40417.0
2026-01-05,DS1010,Lucknow,Tier 2,control,74,72,2,0,18.33,35.0,13898.0
2026-01-05,DS1011,Pune,Tier 1,control,137,129,4,4,19.41,35.0,26904.0
2026-01-05,DS1012,Bengaluru,Tier 1,treated,181,172,6,3,16.52,35.0,33243.0
2026-01-05,DS1013,Pune,Tier 1,control,188,181,6,1,18.25,35.0,42687.0
2026-01-05,DS1014,Hyderabad,Tier 1,control,161,152,8,1,19.14,35.0,37821.0
2026-01-05,DS1015,Jaipur,Tier 2,control,117,113,2,2,15.38,43.8,25536.0
2026-01-05,DS1016,Mumbai,Tier 1,treated,187,180,4,3,14.94,48.6,46786.0
2026-01-05,DS1017,Chennai,Tier 1,control,125,117,5,3,13.47,71.9,27132.0
2026-01-05,DS1018,Bhopal,Tier 2,control,96,95,1,0,16.52,35.0,17994.0
2026-01-05,DS1019,Hyderabad,Tier 1,control,209,200,5,4,16.96,35.0,53932.0
2026-01-05,DS1020,Jaipur,Tier 2,control,112,109,2,1,17.34,35.0,19525.0
2026-01-05,DS1021,Bengaluru,Tier 1,treated,116,110,5,1,14.86,51.0,27606.0
2026-01-05,DS1022,Lucknow,Tier 2,control,125,121,3,1,14.67,59.8,28491.0
2026-01-05,DS1023,Mumbai,Tier 1,treated,190,182,6,2,15.86,41.5,42093.0
2026-01-05,DS1024,Mumbai,Tier 1,treated,215,210,4,1,17.58,35.0,66615.0
2026-01-05,DS1025,Jaipur,Tier 2,control,80,72,6,2,15.63,40.2,14403.0
2026-01-05,DS1026,Delhi NCR,Tier 1,treated,174,165,7,2,17.24,35.0,34350.0
2026-01-05,DS1027,Mumbai,Tier 1,treated,152,143,8,1,17.94,35.0,29235.0
2026-01-05,DS1028,Bhopal,Tier 2,control,131,127,3,1,16.29,35.0,29074.0
2026-01-05,DS1029,Jaipur,Tier 2,control,91,89,1,1,16.97,35.0,18980.0
2026-01-05,DS1030,Pune,Tier 1,control,227,214,10,3,17.24,35.0,41009.0
2026-01-05,DS1031,Mumbai,Tier 1,treated,154,146,7,1,16.83,35.0,36325.0
2026-01-05,DS1032,Chennai,Tier 1,control,187,173,10,4,17.63,35.0,38960.0
2026-01-05,DS1033,Jaipur,Tier 2,control,58,54,4,0,18.6,35.0,14822.0
2026-01-05,DS1034,Mumbai,Tier 1,treated,146,138,7,1,17.36,35.0,38194.0
2026-01-05,DS1035,Pune,Tier 1,control,192,182,7,3,16.4,35.0,43048.0
2026-01-05,DS1036,Lucknow,Tier 2,control,91,83,6,2,14.24,60.1,19766.0
2026-01-05,DS1037,Lucknow,Tier 2,control,114,109,4,1,17.15,35.0,23267.0
2026-01-05,DS1038,Delhi NCR,Tier 1,treated,182,173,6,3,11.36,85.2,41196.0
2026-01-05,DS1039,Lucknow,Tier 2,control,69,62,5,2,12.96,76.7,13475.0
2026-01-05,DS1040,Hyderabad,Tier 1,control,171,162,6,3,16.92,35.0,38109.0
2026-01-05,DS1041,Lucknow,Tier 2,control,94,87,3,4,17.37,35.0,18768.0
2026-01-05,DS1042,Jaipur,Tier 2,control,81,75,5,1,15.53,47.4,15253.0
2026-01-05,DS1043,Indore,Tier 2,control,99,94,3,2,14.57,56.9,19675.0
2026-01-05,DS1044,Bengaluru,Tier 1,treated,155,152,2,1,15.81,45.5,36063.0
2026-01-05,DS1045,Delhi NCR,Tier 1,treated,175,165,5,5,17.1,35.0,32023.0
2026-01-05,DS1046,Bengaluru,Tier 1,treated,124,118,3,3,15.3,46.7,26934.0
2026-01-05,DS1047,Bengaluru,Tier 1,treated,116,109,5,2,18.19,35.0,24206.0
2026-01-05,DS1048,Mumbai,Tier 1,treated,169,161,6,2,17.12,35.0,41520.0
2026-01-05,DS1049,Jaipur,Tier 2,control,108,101,5,2,14.5,57.2,16294.0
2026-01-05,DS1050,Chennai,Tier 1,control,104,98,5,1,15.44,42.9,24676.0
2026-01-05,DS1051,Chennai,Tier 1,control,146,139,6,1,17.17,35.0,33146.0
2026-01-05,DS1052,Jaipur,Tier 2,control,94,87,7,0,15.91,36.1,20090.0
2026-01-05,DS1053,Bhopal,Tier 2,control,98,94,1,3,14.18,60.1,17289.0
2026-01-05,DS1054,Pune,Tier 1,control,188,182,4,2,17.94,35.0,45255.0
2026-01-05,DS1055,Delhi NCR,Tier 1,treated,121,115,4,2,13.38,73.6,26043.0
2026-01-05,DS1056,Delhi NCR,Tier 1,treated,243,237,6,0,18.92,35.0,54058.0
2026-01-05,DS1057,Delhi NCR,Tier 1,treated,141,136,5,0,17.84,35.0,34022.0
2026-01-05,DS1058,Chennai,Tier 1,control,187,179,7,1,16.67,35.0,45660.0
2026-01-05,DS1059,Mumbai,Tier 1,treated,153,148,2,3,16.26,35.0,30403.0
2026-01-06,DS1000,Pune,Tier 1,control,198,191,5,2,17.4,35.0,49938.0
2026-01-06,DS1001,Bengaluru,Tier 1,treated,161,147,9,5,19.72,35.0,33297.0
2026-01-06,DS1002,Mumbai,Tier 1,treated,156,143,8,5,16.14,41.0,29225.0
2026-01-06,DS1003,Lucknow,Tier 2,control,77,76,1,0,16.53,35.0,17295.0
2026-01-06,DS1004,Pune,Tier 1,control,135,131,2,2,15.27,49.0,37825.0
2026-01-06,DS1005,Pune,Tier 1,control,129,123,6,0,18.09,35.0,31033.0
2026-01-06,DS1006,Pune,Tier 1,control,192,182,6,4,14.9,53.2,45233.0
2026-01-06,DS1007,Mumbai,Tier 1,treated,173,163,6,4,14.99,58.9,36427.0
2026-01-06,DS1008,Chennai,Tier 1,control,193,181,8,4,16.89,35.0,37079.0
2026-01-06,DS1009,Hyderabad,Tier 1,control,168,158,6,4,17.68,35.0,40802.0
2026-01-06,DS1010,Lucknow,Tier 2,control,75,74,1,0,17.05,35.0,14738.0
2026-01-06,DS1011,Pune,Tier 1,control,125,122,0,3,19.68,35.0,31325.0
2026-01-06,DS1012,Bengaluru,Tier 1,treated,159,152,7,0,15.67,43.6,28217.0
2026-01-06,DS1013,Pune,Tier 1,control,166,159,6,1,18.04,35.0,39109.0
2026-01-06,DS1014,Hyderabad,Tier 1,control,157,149,6,2,21.14,35.0,43764.0
2026-01-06,DS1015,Jaipur,Tier 2,control,121,115,3,3,16.13,39.6,19472.0
2026-01-06,DS1016,Mumbai,Tier 1,treated,176,166,7,3,15.89,35.0,47031.0
2026-01-06,DS1017,Chennai,Tier 1,control,107,104,2,1,12.91,75.2,23759.0
2026-01-06,DS1018,Bhopal,Tier 2,control,83,79,2,2,15.84,45.5,17217.0
2026-01-06,DS1019,Hyderabad,Tier 1,control,194,189,3,2,18.99,35.0,46162.0
2026-01-06,DS1020,Jaipur,Tier 2,control,97,95,1,1,16.98,35.0,18745.0
2026-01-06,DS1021,Bengaluru,Tier 1,treated,134,126,7,1,14.2,61.4,29214.0
2026-01-06,DS1022,Lucknow,Tier 2,control,118,115,2,1,15.98,44.0,28399.0
2026-01-06,DS1023,Mumbai,Tier 1,treated,175,167,6,2,15.54,42.9,45748.0
2026-01-06,DS1024,Mumbai,Tier 1,treated,210,201,6,3,17.75,35.0,53924.0
2026-01-06,DS1025,Jaipur,Tier 2,control,101,96,3,2,15.72,35.1,17758.0
2026-01-06,DS1026,Delhi NCR,Tier 1,treated,146,144,1,1,17.53,35.0,31088.0
2026-01-06,DS1027,Mumbai,Tier 1,treated,129,124,5,0,17.52,35.0,25512.0
2026-01-06,DS1028,Bhopal,Tier 2,control,131,125,5,1,16.38,35.0,23174.0
2026-01-06,DS1029,Jaipur,Tier 2,control,86,82,4,0,18.65,35.0,14893.0
2026-01-06,DS1030,Pune,Tier 1,control,229,216,10,3,15.97,42.2,48828.0
2026-01-06,DS1031,Mumbai,Tier 1,treated,158,151,5,2,15.97,43.2,33278.0
2026-01-06,DS1032,Chennai,Tier 1,control,143,133,4,6,15.94,41.9,36859.0
2026-01-06,DS1033,Jaipur,Tier 2,control,74,69,4,1,18.7,35.0,14807.0
2026-01-06,DS1034,Mumbai,Tier 1,treated,140,138,2,0,16.5,39.7,33837.0
2026-01-06,DS1035,Pune,Tier 1,control,204,194,7,3,17.49,35.0,49873.0
2026-01-06,DS1036,Lucknow,Tier 2,control,58,54,3,1,14.15,67.0,11612.0
2026-01-06,DS1037,Lucknow,Tier 2,control,135,129,5,1,16.5,35.0,26221.0
2026-01-06,DS1038,Delhi NCR,Tier 1,treated,178,171,5,2,13.86,56.5,37738.0
2026-01-06,DS1039,Lucknow,Tier 2,control,64,61,2,1,12.56,86.6,8084.0
2026-01-06,DS1040,Hyderabad,Tier 1,control,140,132,5,3,17.99,35.0,34407.0
2026-01-06,DS1041,Lucknow,Tier 2,control,88,85,1,2,17.1,35.0,14232.0
2026-01-06,DS1042,Jaipur,Tier 2,control,82,79,1,2,15.36,43.1,16365.0
2026-01-06,DS1043,Indore,Tier 2,control,82,76,6,0,13.52,70.3,14428.0
2026-01-06,DS1044,Bengaluru,Tier 1,treated,137,130,5,2,17.61,35.0,31849.0
2026-01-06,DS1045,Delhi NCR,Tier 1,treated,162,149,12,1,14.6,60.3,36747.0
2026-01-06,DS1046,Bengaluru,Tier 1,treated,157,147,9,1,16.9,35.0,38543.0
2026-01-06,DS1047,Bengaluru,Tier 1,treated,131,126,4,1,19.85,35.0,24063.0
2026-01-06,DS1048,Mumbai,Tier 1,treated,170,165,4,1,16.63,39.7,41708.0
2026-01-06,DS1049,Jaipur,Tier 2,control,109,105,3,1,16.04,35.0,24625.0
2026-01-06,DS1050,Chennai,Tier 1,control,113,109,4,0,13.37,75.8,26712.0
2026-01-06,DS1051,Chennai,Tier 1,control,148,140,7,1,14.15,53.6,34385.0
2026-01-06,DS1052,Jaipur,Tier 2,control,82,78,3,1,14.12,59.1,14182.0
2026-01-06,DS1053,Bhopal,Tier 2,control,90,90,0,0,13.15,68.8,23530.0
2026-01-06,DS1054,Pune,Tier 1,control,188,180,6,2,17.38,35.0,37120.0
2026-01-06,DS1055,Delhi NCR,Tier 1,treated,191,179,9,3,14.44,60.4,43010.0
2026-01-06,DS1056,Delhi NCR,Tier 1,treated,204,194,9,1,16.83,35.0,45639.0
2026-01-06,DS1057,Delhi NCR,Tier 1,treated,145,133,11,1,18.8,35.0,31742.0
2026-01-06,DS1058,Chennai,Tier 1,control,189,182,6,1,18.11,35.0,46167.0
2026-01-06,DS1059,Mumbai,Tier 1,treated,184,181,3,0,15.41,44.5,37136.0
2026-01-07,DS1000,Pune,Tier 1,control,191,181,8,2,16.36,36.3,42992.0
2026-01-07,DS1001,Bengaluru,Tier 1,treated,167,159,4,4,21.35,35.0,38136.0
2026-01-07,DS1002,Mumbai,Tier 1,treated,157,151,4,2,15.55,51.8,38203.0
2026-01-07,DS1003,Lucknow,Tier 2,control,90,89,1,0,16.37,35.0,18684.0
2026-01-07,DS1004,Pune,Tier 1,control,130,125,5,0,14.93,48.4,28432.0
2026-01-07,DS1005,Pune,Tier 1,control,105,102,3,0,16.82,37.9,24058.0
2026-01-07,DS1006,Pune,Tier 1,control,195,186,6,3,11.76,81.7,45196.0
2026-01-07,DS1007,Mumbai,Tier 1,treated,171,162,5,4,15.18,37.7,39187.0
2026-01-07,DS1008,Chennai,Tier 1,control,165,156,8,1,19.2,35.0,39735.0
2026-01-07,DS1009,Hyderabad,Tier 1,control,185,174,7,4,13.6,71.4,44873.0
2026-01-07,DS1010,Lucknow,Tier 2,control,56,54,1,1,17.73,35.0,14342.0
2026-01-07,DS1011,Pune,Tier 1,control,135,126,8,1,18.49,35.0,32527.0
2026-01-07,DS1012,Bengaluru,Tier 1,treated,185,177,6,2,15.72,46.7,43973.0
2026-01-07,DS1013,Pune,Tier 1,control,179,170,6,3,16.96,35.0,35943.0
2026-01-07,DS1014,Hyderabad,Tier 1,control,176,164,9,3,20.32,35.0,39155.0
2026-01-07,DS1015,Jaipur,Tier 2,control,119,108,8,3,16.39,35.0,17871.0
2026-01-07,DS1016,Mumbai,Tier 1,treated,170,159,8,3,16.54,36.4,35133.0
2026-01-07,DS1017,Chennai,Tier 1,control,126,121,3,2,15.91,38.2,28110.0
2026-01-07,DS1018,Bhopal,Tier 2,control,87,84,3,0,17.86,35.0,18485.0
2026-01-07,DS1019,Hyderabad,Tier 1,control,192,183,8,1,19.52,35.0,52089.0
2026-01-07,DS1020,Jaipur,Tier 2,control,104,103,0,1,18.42,35.0,19066.0
2026-01-07,DS1021,Bengaluru,Tier 1,treated,99,94,2,3,14.17,54.0,25501.0
2026-01-07,DS1022,Lucknow,Tier 2,control,116,110,5,1,14.13,64.4,24471.0
2026-01-07,DS1023,Mumbai,Tier 1,treated,207,203,2,2,16.05,39.2,55416.0
2026-01-07,DS1024,Mumbai,Tier 1,treated,206,195,9,2,17.23,35.0,41745.0
2026-01-07,DS1025,Jaipur,Tier 2,control,87,85,0,2,14.13,60.3,18977.0
2026-01-07,DS1026,Delhi NCR,Tier 1,treated,150,144,5,1,15.54,39.3,34224.0
2026-01-07,DS1027,Mumbai,Tier 1,treated,133,128,4,1,16.19,35.0,29831.0
2026-01-07,DS1028,Bhopal,Tier 2,control,122,116,3,3,16.24,35.0,19059.0
2026-01-07,DS1029,Jaipur,Tier 2,control,91,87,2,2,17.32,35.0,21520.0
2026-01-07,DS1030,Pune,Tier 1,control,199,193,3,3,15.79,35.0,47331.0
2026-01-07,DS1031,Mumbai,Tier 1,treated,132,122,8,2,15.78,37.9,33293.0
2026-01-07,DS1032,Chennai,Tier 1,control,182,177,4,1,17.66,35.0,49828.0
2026-01-07,DS1033,Jaipur,Tier 2,control,81,74,4,3,18.71,35.0,12869.0
2026-01-07,DS1034,Mumbai,Tier 1,treated,167,159,7,1,17.49,35.0,37315.0
2026-01-07,DS1035,Pune,Tier 1,control,215,206,8,1,16.03,35.0,44580.0
2026-01-07,DS1036,Lucknow,Tier 2,control,81,77,3,1,13.25,75.9,13717.0
2026-01-07,DS1037,Lucknow,Tier 2,control,111,103,6,2,17.4,35.0,15983.0
2026-01-07,DS1038,Delhi NCR,Tier 1,treated,177,165,7,5,13.11,70.3,37697.0
2026-01-07,DS1039,Lucknow,Tier 2,control,77,72,5,0,14.14,59.4,16774.0
2026-01-07,DS1040,Hyderabad,Tier 1,control,152,145,4,3,17.84,35.0,30201.0
2026-01-07,DS1041,Lucknow,Tier 2,control,93,91,2,0,16.46,35.0,20814.0
2026-01-07,DS1042,Jaipur,Tier 2,control,80,76,3,1,15.26,46.8,16982.0
2026-01-07,DS1043,Indore,Tier 2,control,95,90,2,3,13.97,66.6,21003.0
2026-01-07,DS1044,Bengaluru,Tier 1,treated,149,141,6,2,15.9,37.8,33943.0
2026-01-07,DS1045,Delhi NCR,Tier 1,treated,178,168,9,1,15.57,42.3,45924.0
2026-01-07,DS1046,Bengaluru,Tier 1,treated,128,126,1,1,16.42,36.4,27469.0
2026-01-07,DS1047,Bengaluru,Tier 1,treated,147,141,5,1,20.83,35.0,35964.0
2026-01-07,DS1048,Mumbai,Tier 1,treated,185,184,1,0,14.83,53.3,36092.0
2026-01-07,DS1049,Jaipur,Tier 2,control,107,103,3,1,16.53,35.0,21444.0
2026-01-07,DS1050,Chennai,Tier 1,control,124,119,4,1,14.26,62.5,27116.0
2026-01-07,DS1051,Chennai,Tier 1,control,150,145,5,0,16.54,35.0,31999.0
2026-01-07,DS1052,Jaipur,Tier 2,control,81,79,2,0,17.78,35.0,16994.0
2026-01-07,DS1053,Bhopal,Tier 2,control,94,88,4,2,13.04,75.7,21795.0
2026-01-07,DS1054,Pune,Tier 1,control,199,193,5,1,17.5,35.0,43904.0
2026-01-07,DS1055,Delhi NCR,Tier 1,treated,138,131,2,5,13.62,73.0,29831.0
2026-01-07,DS1056,Delhi NCR,Tier 1,treated,202,196,4,2,17.67,35.0,42188.0
2026-01-07,DS1057,Delhi NCR,Tier 1,treated,135,126,9,0,17.28,35.0,29601.0
2026-01-07,DS1058,Chennai,Tier 1,control,175,170,4,1,17.54,35.0,48999.0
2026-01-07,DS1059,Mumbai,Tier 1,treated,160,153,7,0,16.34,36.7,36009.0
2026-01-08,DS1000,Pune,Tier 1,control,198,189,7,2,17.76,35.0,50472.0
2026-01-08,DS1001,Bengaluru,Tier 1,treated,192,185,4,3,18.99,35.0,39281.0
2026-01-08,DS1002,Mumbai,Tier 1,treated,160,150,8,2,16.21,35.0,37154.0
2026-01-08,DS1003,Lucknow,Tier 2,control,96,94,2,0,15.7,45.3,23779.0
2026-01-08,DS1004,Pune,Tier 1,control,132,129,2,1,14.51,54.0,22896.0
2026-01-08,DS1005,Pune,Tier 1,control,129,126,2,1,15.94,42.0,24634.0
2026-01-08,DS1006,Pune,Tier 1,control,188,182,5,1,14.17,55.0,43150.0
2026-01-08,DS1007,Mumbai,Tier 1,treated,148,138,5,5,15.49,37.8,29076.0
2026-01-08,DS1008,Chennai,Tier 1,control,176,165,8,3,18.42,35.0,35323.0
2026-01-08,DS1009,Hyderabad,Tier 1,control,200,192,4,4,12.95,71.6,46580.0
2026-01-08,DS1010,Lucknow,Tier 2,control,68,63,4,1,17.16,35.0,13204.0
2026-01-08,DS1011,Pune,Tier 1,control,130,122,5,3,18.62,35.0,24280.0
2026-01-08,DS1012,Bengaluru,Tier 1,treated,167,158,8,1,17.35,35.0,36698.0
2026-01-08,DS1013,Pune,Tier 1,control,169,163,4,2,17.32,35.0,37600.0
2026-01-08,DS1014,Hyderabad,Tier 1,control,188,181,5,2,21.57,35.0,37327.0
2026-01-08,DS1015,Jaipur,Tier 2,control,118,114,3,1,16.08,36.0,33426.0
2026-01-08,DS1016,Mumbai,Tier 1,treated,174,164,7,3,15.72,44.6,39680.0
2026-01-08,DS1017,Chennai,Tier 1,control,114,110,3,1,12.8,71.7,23941.0
2026-01-08,DS1018,Bhopal,Tier 2,control,92,87,3,2,15.36,43.2,15746.0
2026-01-08,DS1019,Hyderabad,Tier 1,control,181,175,5,1,18.28,35.0,38560.0
2026-01-08,DS1020,Jaipur,Tier 2,control,105,104,1,0,18.85,35.0,18114.0
2026-01-08,DS1021,Bengaluru,Tier 1,treated,105,101,4,0,13.66,68.5,24090.0
2026-01-08,DS1022,Lucknow,Tier 2,control,113,109,3,1,15.79,45.2,25128.0
2026-01-08,DS1023,Mumbai,Tier 1,treated,193,176,15,2,15.25,47.4,40490.0
2026-01-08,DS1024,Mumbai,Tier 1,treated,186,177,5,4,16.21,35.0,49321.0
2026-01-08,DS1025,Jaipur,Tier 2,control,85,81,4,0,16.86,36.0,13351.0
2026-01-08,DS1026,Delhi NCR,Tier 1,treated,166,158,6,2,15.22,49.3,41703.0
2026-01-08,DS1027,Mumbai,Tier 1,treated,148,140,5,3,16.31,35.0,30063.0
2026-01-08,DS1028,Bhopal,Tier 2,control,132,125,5,2,15.39,47.6,21335.0
2026-01-08,DS1029,Jaipur,Tier 2,control,83,79,3,1,15.18,47.6,18296.0
2026-01-08,DS1030,Pune,Tier 1,control,231,217,10,4,15.88,35.1,58597.0
2026-01-08,DS1031,Mumbai,Tier 1,treated,155,145,8,2,17.74,35.0,37661.0
2026-01-08,DS1032,Chennai,Tier 1,control,160,155,5,0,18.36,35.0,38239.0
2026-01-08,DS1033,Jaipur,Tier 2,control,74,69,4,1,18.35,35.0,12074.0
2026-01-08,DS1034,Mumbai,Tier 1,treated,148,143,4,1,18.01,35.0,32273.0
2026-01-08,DS1035,Pune,Tier 1,control,175,170,4,1,14.31,59.4,42518.0
2026-01-08,DS1036,Lucknow,Tier 2,control,80,75,4,1,13.61,63.3,20189.0
2026-01-08,DS1037,Lucknow,Tier 2,control,110,107,3,0,15.36,48.0,20492.0
2026-01-08,DS1038,Delhi NCR,Tier 1,treated,180,171,6,3,10.73,89.2,36252.0
2026-01-08,DS1039,Lucknow,Tier 2,control,75,72,3,0,15.02,53.1,12372.0
2026-01-08,DS1040,Hyderabad,Tier 1,control,137,128,5,4,18.06,35.0,31773.0
2026-01-08,DS1041,Lucknow,Tier 2,control,90,85,4,1,16.85,35.0,19722.0
2026-01-08,DS1042,Jaipur,Tier 2,control,85,84,1,0,15.66,39.8,15474.0
2026-01-08,DS1043,Indore,Tier 2,control,87,81,4,2,14.12,57.5,17415.0
2026-01-08,DS1044,Bengaluru,Tier 1,treated,119,114,2,3,17.22,35.0,31583.0
2026-01-08,DS1045,Delhi NCR,Tier 1,treated,150,144,5,1,15.33,46.3,36871.0
2026-01-08,DS1046,Bengaluru,Tier 1,treated,115,111,2,2,16.9,35.7,29279.0
2026-01-08,DS1047,Bengaluru,Tier 1,treated,140,135,4,1,19.84,35.0,29141.0
2026-01-08,DS1048,Mumbai,Tier 1,treated,165,163,2,0,15.99,39.4,41323.0
2026-01-08,DS1049,Jaipur,Tier 2,control,74,72,2,0,15.85,38.3,14844.0
2026-01-08,DS1050,Chennai,Tier 1,control,136,129,6,1,15.5,46.8,30893.0
2026-01-08,DS1051,Chennai,Tier 1,control,165,159,5,1,17.05,35.0,29921.0
2026-01-08,DS1052,Jaipur,Tier 2,control,76,73,3,0,15.84,41.0,17332.0
2026-01-08,DS1053,Bhopal,Tier 2,control,66,61,3,2,14.46,58.2,10070.0
2026-01-08,DS1054,Pune,Tier 1,control,180,170,10,0,16.37,38.1,47180.0
2026-01-08,DS1055,Delhi NCR,Tier 1,treated,143,135,7,1,14.0,68.3,31370.0
2026-01-08,DS1056,Delhi NCR,Tier 1,treated,198,190,4,4,19.19,35.0,42606.0
2026-01-08,DS1057,Delhi NCR,Tier 1,treated,133,124,5,4,19.65,35.0,35196.0
2026-01-08,DS1058,Chennai,Tier 1,control,182,176,5,1,18.29,35.0,43673.0
2026-01-08,DS1059,Mumbai,Tier 1,treated,155,146,5,4,14.51,53.9,29470.0
2026-01-09,DS1000,Pune,Tier 1,control,224,215,8,1,16.59,37.1,45320.0
2026-01-09,DS1001,Bengaluru,Tier 1,treated,182,174,7,1,20.35,35.0,45692.0
2026-01-09,DS1002,Mumbai,Tier 1,treated,192,183,8,1,15.7,38.5,44579.0
2026-01-09,DS1003,Lucknow,Tier 2,control,120,114,3,3,15.2,40.5,30089.0
2026-01-09,DS1004,Pune,Tier 1,control,162,153,6,3,12.74,74.7,45868.0
2026-01-09,DS1005,Pune,Tier 1,control,139,133,5,1,16.83,35.0,32378.0
2026-01-09,DS1006,Pune,Tier 1,control,239,230,4,5,15.61,45.6,53171.0
2026-01-09,DS1007,Mumbai,Tier 1,treated,190,180,8,2,12.73,70.1,47508.0
2026-01-09,DS1008,Chennai,Tier 1,control,192,186,2,4,18.33,35.0,41410.0
2026-01-09,DS1009,Hyderabad,Tier 1,control,234,228,5,1,14.77,47.2,49219.0
2026-01-09,DS1010,Lucknow,Tier 2,control,77,75,1,1,18.29,35.0,16422.0
2026-01-09,DS1011,Pune,Tier 1,control,195,181,13,1,18.31,35.0,42271.0
2026-01-09,DS1012,Bengaluru,Tier 1,treated,219,212,4,3,17.97,35.0,56659.0
2026-01-09,DS1013,Pune,Tier 1,control,203,195,5,3,17.07,35.0,52251.0
2026-01-09,DS1014,Hyderabad,Tier 1,control,194,188,6,0,19.27,35.0,44768.0
2026-01-09,DS1015,Jaipur,Tier 2,control,143,137,5,1,16.02,35.0,26360.0
2026-01-09,DS1016,Mumbai,Tier 1,treated,215,206,7,2,15.68,45.6,56533.0
2026-01-09,DS1017,Chennai,Tier 1,control,147,140,3,4,13.71,65.9,34185.0
2026-01-09,DS1018,Bhopal,Tier 2,control,95,93,1,1,16.63,35.0,17642.0
2026-01-09,DS1019,Hyderabad,Tier 1,control,224,213,8,3,20.73,35.0,48215.0
2026-01-09,DS1020,Jaipur,Tier 2,control,116,114,1,1,19.45,35.0,25388.0
2026-01-09,DS1021,Bengaluru,Tier 1,treated,134,129,4,1,14.41,57.4,33973.0
2026-01-09,DS1022,Lucknow,Tier 2,control,144,135,8,1,17.04,35.0,26474.0
2026-01-09,DS1023,Mumbai,Tier 1,treated,223,216,4,3,15.02,53.6,59646.0
2026-01-09,DS1024,Mumbai,Tier 1,treated,256,244,10,2,16.21,35.1,65134.0
2026-01-09,DS1025,Jaipur,Tier 2,control,96,94,2,0,16.46,35.0,16177.0
2026-01-09,DS1026,Delhi NCR,Tier 1,treated,184,177,6,1,17.3,35.0,49867.0
2026-01-09,DS1027,Mumbai,Tier 1,treated,174,166,6,2,17.4,35.0,47595.0
2026-01-09,DS1028,Bhopal,Tier 2,control,160,152,5,3,16.55,35.0,32644.0
2026-01-09,DS1029,Jaipur,Tier 2,control,120,116,3,1,15.49,44.7,21066.0
2026-01-09,DS1030,Pune,Tier 1,control,264,255,6,3,17.5,35.0,50292.0
2026-01-09,DS1031,Mumbai,Tier 1,treated,203,192,11,0,16.77,37.4,47525.0
2026-01-09,DS1032,Chennai,Tier 1,control,221,208,11,2,16.98,35.0,51522.0
2026-01-09,DS1033,Jaipur,Tier 2,control,67,66,0,1,20.34,35.0,14374.0
2026-01-09,DS1034,Mumbai,Tier 1,treated,182,175,5,2,17.29,35.0,43146.0
2026-01-09,DS1035,Pune,Tier 1,control,233,218,12,3,15.95,38.9,51403.0
2026-01-09,DS1036,Lucknow,Tier 2,control,76,74,2,0,12.48,85.3,10296.0
2026-01-09,DS1037,Lucknow,Tier 2,control,152,146,4,2,16.92,35.0,34869.0
2026-01-09,DS1038,Delhi NCR,Tier 1,treated,204,193,4,7,14.44,55.3,38100.0
2026-01-09,DS1039,Lucknow,Tier 2,control,90,84,4,2,16.21,35.0,19344.0
2026-01-09,DS1040,Hyderabad,Tier 1,control,177,165,10,2,16.83,35.0,31911.0
2026-01-09,DS1041,Lucknow,Tier 2,control,96,92,4,0,17.11,35.0,18411.0
2026-01-09,DS1042,Jaipur,Tier 2,control,112,109,2,1,16.95,35.0,25346.0
2026-01-09,DS1043,Indore,Tier 2,control,109,103,4,2,14.5,58.2,21016.0
2026-01-09,DS1044,Bengaluru,Tier 1,treated,152,147,4,1,15.83,35.0,33402.0
2026-01-09,DS1045,Delhi NCR,Tier 1,treated,176,165,8,3,14.78,57.1,38031.0
2026-01-09,DS1046,Bengaluru,Tier 1,treated,174,168,5,1,15.68,45.2,43318.0
2026-01-09,DS1047,Bengaluru,Tier 1,treated,142,132,10,0,20.57,35.0,26964.0
2026-01-09,DS1048,Mumbai,Tier 1,treated,215,206,8,1,15.61,39.0,50155.0
2026-01-09,DS1049,Jaipur,Tier 2,control,130,129,1,0,14.6,54.9,23071.0
2026-01-09,DS1050,Chennai,Tier 1,control,154,149,4,1,13.65,61.1,37069.0
2026-01-09,DS1051,Chennai,Tier 1,control,221,211,6,4,16.97,35.0,50044.0
2026-01-09,DS1052,Jaipur,Tier 2,control,88,83,5,0,15.58,35.9,16894.0
2026-01-09,DS1053,Bhopal,Tier 2,control,83,80,2,1,13.55,62.2,17895.0
2026-01-09,DS1054,Pune,Tier 1,control,219,214,4,1,14.93,48.7,47693.0
2026-01-09,DS1055,Delhi NCR,Tier 1,treated,166,155,6,5,14.59,56.8,40032.0
2026-01-09,DS1056,Delhi NCR,Tier 1,treated,241,238,3,0,18.39,35.0,62036.0
2026-01-09,DS1057,Delhi NCR,Tier 1,treated,171,167,4,0,18.95,35.0,38555.0
2026-01-09,DS1058,Chennai,Tier 1,control,238,232,3,3,19.33,35.0,56652.0
2026-01-09,DS1059,Mumbai,Tier 1,treated,166,161,3,2,15.03,49.4,37276.0
2026-01-10,DS1000,Pune,Tier 1,control,207,194,12,1,16.12,35.0,41613.0
2026-01-10,DS1001,Bengaluru,Tier 1,treated,185,177,7,1,18.8,35.0,34934.0
2026-01-10,DS1002,Mumbai,Tier 1,treated,177,169,6,2,17.04,35.0,39758.0
2026-01-10,DS1003,Lucknow,Tier 2,control,109,104,2,3,16.83,35.0,22171.0
2026-01-10,DS1004,Pune,Tier 1,control,144,139,4,1,14.95,51.3,29532.0
2026-01-10,DS1005,Pune,Tier 1,control,162,154,8,0,15.02,46.4,29865.0
2026-01-10,DS1006,Pune,Tier 1,control,199,193,5,1,14.98,54.7,48819.0
2026-01-10,DS1007,Mumbai,Tier 1,treated,193,183,10,0,15.85,42.9,44398.0
2026-01-10,DS1008,Chennai,Tier 1,control,199,189,5,5,17.24,35.0,41145.0
2026-01-10,DS1009,Hyderabad,Tier 1,control,232,216,13,3,13.71,64.8,54378.0
2026-01-10,DS1010,Lucknow,Tier 2,control,91,89,2,0,18.25,35.0,14904.0
2026-01-10,DS1011,Pune,Tier 1,control,161,157,2,2,18.85,35.0,30917.0
2026-01-10,DS1012,Bengaluru,Tier 1,treated,189,179,8,2,16.68,37.0,47547.0
2026-01-10,DS1013,Pune,Tier 1,control,221,209,10,2,17.49,35.0,48037.0
2026-01-10,DS1014,Hyderabad,Tier 1,control,173,165,7,1,18.49,35.0,36448.0
2026-01-10,DS1015,Jaipur,Tier 2,control,134,125,8,1,-1.562,44.5,26541.0
2026-01-10,DS1016,Mumbai,Tier 1,treated,184,175,5,4,15.05,47.7,52330.0
2026-01-10,DS1017,Chennai,Tier 1,control,158,152,4,2,12.18,83.3,32587.0
2026-01-10,DS1018,Bhopal,Tier 2,control,77,72,2,3,16.46,42.7,16126.0
2026-01-10,DS1019,Hyderabad,Tier 1,control,229,215,11,3,19.31,35.0,51045.0
2026-01-10,DS1020,Jaipur,Tier 2,control,128,122,5,1,16.54,35.0,23792.0
2026-01-10,DS1021,Bengaluru,Tier 1,treated,150,143,7,0,14.92,50.8,37233.0
2026-01-10,DS1022,Lucknow,Tier 2,control,158,150,7,1,14.88,49.6,32952.0
2026-01-10,DS1023,Mumbai,Tier 1,treated,214,204,8,2,16.22,41.4,48796.0
2026-01-10,DS1024,Mumbai,Tier 1,treated,238,225,11,2,16.06,36.4,54826.0
2026-01-10,DS1025,Jaipur,Tier 2,control,110,104,4,2,13.9,66.4,20060.0
2026-01-10,DS1026,Delhi NCR,Tier 1,treated,169,167,1,1,17.94,35.0,38721.0
2026-01-10,DS1027,Mumbai,Tier 1,treated,172,161,8,3,16.81,35.0,42401.0
2026-01-10,DS1028,Bhopal,Tier 2,control,171,160,8,3,15.35,35.5,28933.0
2026-01-10,DS1029,Jaipur,Tier 2,control,117,116,1,0,14.37,56.1,25306.0
2026-01-10,DS1030,Pune,Tier 1,control,219,212,6,1,16.2,38.9,40889.0
2026-01-10,DS1031,Mumbai,Tier 1,treated,193,188,4,1,15.59,41.6,48735.0
2026-01-10,DS1032,Chennai,Tier 1,control,215,204,10,1,17.6,35.0,49297.0
2026-01-10,DS1033,Jaipur,Tier 2,control,83,82,0,1,18.73,35.0,16624.0
2026-01-10,DS1034,Mumbai,Tier 1,treated,214,203,9,2,16.8,35.0,40909.0
2026-01-10,DS1035,Pune,Tier 1,control,247,234,6,7,16.42,35.0,49061.0
2026-01-10,DS1036,Lucknow,Tier 2,control,90,87,3,0,14.25,49.1,14946.0
2026-01-10,DS1037,Lucknow,Tier 2,control,127,122,2,3,15.88,43.0,23428.0
2026-01-10,DS1038,Delhi NCR,Tier 1,treated,206,196,5,5,13.64,70.4,45311.0
2026-01-10,DS1039,Lucknow,Tier 2,control,97,93,3,1,14.04,59.0,20800.0
2026-01-10,DS1040,Hyderabad,Tier 1,control,175,161,8,6,17.24,35.0,44401.0
2026-01-10,DS1041,Lucknow,Tier 2,control,81,74,7,0,16.95,35.0,14312.0
2026-01-10,DS1042,Jaipur,Tier 2,control,125,120,2,3,15.61,37.3,19997.0
2026-01-10,DS1043,Indore,Tier 2,control,93,89,3,1,14.37,52.6,20659.0
2026-01-10,DS1044,Bengaluru,Tier 1,treated,190,181,8,1,15.96,35.0,42465.0
2026-01-10,DS1045,Delhi NCR,Tier 1,treated,197,184,11,2,15.81,40.7,38320.0
2026-01-10,DS1046,Bengaluru,Tier 1,treated,186,175,7,4,16.19,42.2,46794.0
2026-01-10,DS1047,Bengaluru,Tier 1,treated,142,136,4,2,18.68,35.0,33883.0
2026-01-10,DS1048,Mumbai,Tier 1,treated,180,171,7,2,16.61,37.4,46832.0
2026-01-10,DS1049,Jaipur,Tier 2,control,130,123,5,2,13.66,63.5,25866.0
2026-01-10,DS1050,Chennai,Tier 1,control,141,130,11,0,14.26,57.1,34632.0
2026-01-10,DS1051,Chennai,Tier 1,control,206,196,8,2,15.49,38.9,39095.0
2026-01-10,DS1052,Jaipur,Tier 2,control,103,96,7,0,15.76,36.4,21730.0
2026-01-10,DS1053,Bhopal,Tier 2,control,97,90,6,1,15.3,45.4,15145.0
2026-01-10,DS1054,Pune,Tier 1,control,226,221,4,1,15.19,42.9,57560.0
2026-01-10,DS1055,Delhi NCR,Tier 1,treated,201,194,3,4,14.91,46.2,45009.0
2026-01-10,DS1056,Delhi NCR,Tier 1,treated,241,227,8,6,18.76,35.0,50287.0
2026-01-10,DS1057,Delhi NCR,Tier 1,treated,169,159,7,3,17.44,35.0,37378.0
2026-01-10,DS1058,Chennai,Tier 1,control,222,213,7,2,18.9,35.0,49604.0
2026-01-10,DS1059,Mumbai,Tier 1,treated,175,164,10,1,15.3,45.3,47513.0
2026-01-11,DS1000,Pune,Tier 1,control,181,171,5,5,17.01,35.0,51518.0
2026-01-11,DS1001,Bengaluru,Tier 1,treated,160,158,1,1,19.35,35.0,37650.0
2026-01-11,DS1002,Mumbai,Tier 1,treated,165,160,4,1,17.21,35.0,43452.0
2026-01-11,DS1003,Lucknow,Tier 2,control,86,79,6,1,16.55,35.1,20771.0
2026-01-11,DS1004,Pune,Tier 1,control,137,131,5,1,14.39,65.5,36262.0
2026-01-11,DS1005,Pune,Tier 1,control,130,126,4,0,17.13,35.0,26800.0
2026-01-11,DS1006,Pune,Tier 1,control,175,159,8,8,14.49,46.3,36217.0
2026-01-11,DS1007,Mumbai,Tier 1,treated,163,155,8,0,15.85,37.2,39857.0
2026-01-11,DS1008,Chennai,Tier 1,control,178,173,4,1,18.23,35.0,51533.0
2026-01-11,DS1009,Hyderabad,Tier 1,control,222,215,6,1,15.42,47.2,51047.0
2026-01-11,DS1010,Lucknow,Tier 2,control,65,60,3,2,17.78,35.0,12525.0
2026-01-11,DS1011,Pune,Tier 1,control,148,143,4,1,19.8,35.0,37838.0
2026-01-11,DS1012,Bengaluru,Tier 1,treated,187,179,6,2,16.94,35.0,24926.0
2026-01-11,DS1013,Pune,Tier 1,control,156,145,11,0,18.2,35.0,32804.0
2026-01-11,DS1014,Hyderabad,Tier 1,control,144,138,5,1,19.08,35.0,30757.0
2026-01-11,DS1015,Jaipur,Tier 2,control,115,110,4,1,15.27,46.2,25246.0
2026-01-11,DS1016,Mumbai,Tier 1,treated,172,162,10,0,15.33,45.2,40491.0
2026-01-11,DS1017,Chennai,Tier 1,control,150,144,4,2,14.89,54.3,21828.0
2026-01-11,DS1018,Bhopal,Tier 2,control,82,78,3,1,17.2,35.0,15713.0
2026-01-11,DS1019,Hyderabad,Tier 1,control,204,194,8,2,20.08,35.0,35072.0
2026-01-11,DS1020,Jaipur,Tier 2,control,107,102,5,0,17.93,35.0,21633.0
2026-01-11,DS1021,Bengaluru,Tier 1,treated,116,108,6,2,13.66,70.6,24979.0
2026-01-11,DS1022,Lucknow,Tier 2,control,129,124,5,0,14.99,46.9,28656.0
2026-01-11,DS1023,Mumbai,Tier 1,treated,201,184,13,4,16.39,35.0,40335.0
2026-01-11,DS1024,Mumbai,Tier 1,treated,200,195,4,1,16.36,35.0,49356.0
2026-01-11,DS1025,Jaipur,Tier 2,control,82,78,3,1,14.12,50.8,19351.0
2026-01-11,DS1026,Delhi NCR,Tier 1,treated,143,138,2,3,17.86,35.0,39761.0
2026-01-11,DS1027,Mumbai,Tier 1,treated,135,130,2,3,16.56,38.5,29981.0
2026-01-11,DS1028,Bhopal,Tier 2,control,148,140,6,2,14.78,54.7,26345.0
2026-01-11,DS1029,Jaipur,Tier 2,control,106,105,0,1,16.74,35.0,24157.0
2026-01-11,DS1030,Pune,Tier 1,control,212,198,11,3,17.01,35.0,44827.0
2026-01-11,DS1031,Mumbai,Tier 1,treated,136,131,5,0,16.28,39.4,30151.0
2026-01-11,DS1032,Chennai,Tier 1,control,177,171,3,3,16.65,35.0,41040.0
2026-01-11,DS1033,Jaipur,Tier 2,control,66,65,1,0,19.65,35.0,11947.0
2026-01-11,DS1034,Mumbai,Tier 1,treated,146,143,3,0,16.47,35.9,35201.0
2026-01-11,DS1035,Pune,Tier 1,control,202,191,9,2,15.99,36.9,45989.0
2026-01-11,DS1036,Lucknow,Tier 2,control,84,79,4,1,14.37,62.0,14076.0
2026-01-11,DS1037,Lucknow,Tier 2,control,128,122,4,2,17.67,35.0,23236.0
2026-01-11,DS1038,Delhi NCR,Tier 1,treated,173,167,4,2,14.02,66.0,42554.0
2026-01-11,DS1039,Lucknow,Tier 2,control,72,70,0,2,13.22,70.5,17217.0
2026-01-11,DS1040,Hyderabad,Tier 1,control,167,159,5,3,17.21,35.0,39286.0
2026-01-11,DS1041,Lucknow,Tier 2,control,85,82,3,0,16.57,35.0,15486.0
2026-01-11,DS1042,Jaipur,Tier 2,control,89,81,6,2,15.49,51.1,15931.0
2026-01-11,DS1043,Indore,Tier 2,control,80,77,3,0,13.66,62.1,13720.0
2026-01-11,DS1044,Bengaluru,Tier 1,treated,161,157,3,1,15.31,41.0,43979.0
2026-01-11,DS1045,Delhi NCR,Tier 1,treated,164,151,10,3,15.78,46.0,32388.0
2026-01-11,DS1046,Bengaluru,Tier 1,treated,142,135,7,0,17.53,35.0,33985.0
2026-01-11,DS1047,Bengaluru,Tier 1,treated,132,123,9,0,20.37,35.0,33933.0
2026-01-11,DS1048,Mumbai,Tier 1,treated,141,133,5,3,16.74,35.0,36798.0
2026-01-11,DS1049,Jaipur,Tier 2,control,137,130,5,2,15.33,42.4,34751.0
2026-01-11,DS1050,Chennai,Tier 1,control,117,113,4,0,15.05,43.1,23352.0
2026-01-11,DS1051,Chennai,Tier 1,control,168,159,6,3,16.71,35.0,35427.0
2026-01-11,DS1052,Jaipur,Tier 2,control,92,88,1,3,15.84,48.1,22359.0
2026-01-11,DS1053,Bhopal,Tier 2,control,73,69,3,1,15.54,40.5,14937.0
2026-01-11,DS1054,Pune,Tier 1,control,200,189,10,1,16.01,35.0,57100.0
2026-01-11,DS1055,Delhi NCR,Tier 1,treated,147,142,5,0,15.61,46.9,37479.0
2026-01-11,DS1056,Delhi NCR,Tier 1,treated,188,179,8,1,17.06,35.0,47909.0
2026-01-11,DS1057,Delhi NCR,Tier 1,treated,153,143,8,2,17.59,35.0,37978.0
2026-01-11,DS1058,Chennai,Tier 1,control,177,169,4,4,18.16,35.0,41675.0
2026-01-11,DS1059,Mumbai,Tier 1,treated,175,165,7,3,15.48,49.4,46783.0
2026-01-12,DS1000,Pune,Tier 1,control,179,165,10,4,18.29,35.0,39014.0
2026-01-12,DS1001,Bengaluru,Tier 1,treated,165,153,9,3,20.64,35.0,40201.0
2026-01-12,DS1002,Mumbai,Tier 1,treated,157,149,5,3,16.35,35.0,37831.0
2026-01-12,DS1003,Lucknow,Tier 2,control,90,78,7,5,16.13,35.0,16218.0
2026-01-12,DS1004,Pune,Tier 1,control,142,136,6,0,12.93,75.5,32498.0
2026-01-12,DS1005,Pune,Tier 1,control,118,113,4,1,15.19,44.0,25734.0
2026-01-12,DS1006,Pune,Tier 1,control,200,191,7,2,13.87,57.7,41096.0
2026-01-12,DS1007,Mumbai,Tier 1,treated,165,157,6,2,14.55,56.2,46328.0
2026-01-12,DS1008,Chennai,Tier 1,control,179,170,6,3,18.52,35.0,38224.0
2026-01-12,DS1009,Hyderabad,Tier 1,control,201,196,4,1,15.02,59.1,40591.0
2026-01-12,DS1010,Lucknow,Tier 2,control,67,63,3,1,18.19,35.0,15177.0
2026-01-12,DS1011,Pune,Tier 1,control,146,139,3,4,18.72,35.0,35980.0
2026-01-12,DS1012,Bengaluru,Tier 1,treated,149,133,12,4,18.08,35.0,31456.0
2026-01-12,DS1013,Pune,Tier 1,control,197,192,4,1,17.05,35.0,47967.0
2026-01-12,DS1014,Hyderabad,Tier 1,control,142,131,9,2,18.97,35.0,26843.0
2026-01-12,DS1015,Jaipur,Tier 2,control,110,107,2,1,15.5,46.1,18321.0
2026-01-12,DS1016,Mumbai,Tier 1,treated,188,181,4,3,14.14,61.7,37039.0
2026-01-12,DS1017,Chennai,Tier 1,control,124,116,5,3,12.15,74.6,30901.0
2026-01-12,DS1018,Bhopal,Tier 2,control,89,82,4,3,16.5,35.0,16699.0
2026-01-12,DS1019,Hyderabad,Tier 1,control,200,192,8,0,18.45,35.0,48319.0
2026-01-12,DS1020,Jaipur,Tier 2,control,93,84,6,3,17.19,35.0,17252.0
2026-01-12,DS1021,Bengaluru,Tier 1,treated,105,103,2,0,14.56,55.2,24896.0
2026-01-12,DS1022,Lucknow,Tier 2,control,123,116,5,2,13.35,69.7,26552.0
2026-01-12,DS1023,Mumbai,Tier 1,treated,208,193,11,4,15.79,36.4,42493.0
2026-01-12,DS1024,Mumbai,Tier 1,treated,185,175,6,4,18.53,35.0,40489.0
2026-01-12,DS1025,Jaipur,Tier 2,control,97,96,0,1,16.59,35.0,14654.0
2026-01-12,DS1026,Delhi NCR,Tier 1,treated,148,146,2,0,18.22,35.0,42212.0
2026-01-12,DS1027,Mumbai,Tier 1,treated,123,117,2,4,16.13,35.0,33917.0
2026-01-12,DS1028,Bhopal,Tier 2,control,151,144,4,3,16.02,36.4,27916.0
2026-01-12,DS1029,Jaipur,Tier 2,control,84,76,6,2,15.45,49.9,15274.0
2026-01-12,DS1030,Pune,Tier 1,control,201,191,8,2,15.42,49.4,37164.0
2026-01-12,DS1031,Mumbai,Tier 1,treated,152,144,7,1,15.07,52.7,28366.0
2026-01-12,DS1032,Chennai,Tier 1,control,166,158,3,5,16.53,35.0,40675.0
2026-01-12,DS1033,Jaipur,Tier 2,control,57,55,1,1,19.57,35.0,12385.0
2026-01-12,DS1034,Mumbai,Tier 1,treated,167,161,4,2,16.76,35.0,37933.0
2026-01-12,DS1035,Pune,Tier 1,control,201,193,4,4,15.47,46.3,37769.0
2026-01-12,DS1036,Lucknow,Tier 2,control,101,99,2,0,13.21,70.9,20005.0
2026-01-12,DS1037,Lucknow,Tier 2,control,103,97,5,1,16.93,35.0,22404.0
2026-01-12,DS1038,Delhi NCR,Tier 1,treated,171,158,11,2,14.14,64.7,37606.0
2026-01-12,DS1039,Lucknow,Tier 2,control,83,78,5,0,12.44,75.1,16619.0
2026-01-12,DS1040,Hyderabad,Tier 1,control,167,159,6,2,18.44,35.0,37665.0
2026-01-12,DS1041,Lucknow,Tier 2,control,96,91,5,0,17.31,35.0,17869.0
2026-01-12,DS1042,Jaipur,Tier 2,control,93,91,2,0,16.28,35.0,17866.0
2026-01-12,DS1043,Indore,Tier 2,control,81,80,0,1,13.44,69.6,15352.0
2026-01-12,DS1044,Bengaluru,Tier 1,treated,142,138,4,0,17.49,35.0,32627.0
2026-01-12,DS1045,Delhi NCR,Tier 1,treated,134,122,11,1,15.44,46.9,28952.0
2026-01-12,DS1046,Bengaluru,Tier 1,treated,145,130,13,2,18.05,35.0,28078.0
2026-01-12,DS1047,Bengaluru,Tier 1,treated,137,133,4,0,18.77,35.0,34553.0
2026-01-12,DS1048,Mumbai,Tier 1,treated,183,173,7,3,15.63,44.7,33918.0
2026-01-12,DS1049,Jaipur,Tier 2,control,108,103,1,4,16.09,35.0,27472.0
2026-01-12,DS1050,Chennai,Tier 1,control,121,116,5,0,15.33,45.8,27557.0
2026-01-12,DS1051,Chennai,Tier 1,control,185,171,9,5,15.81,35.6,48228.0
2026-01-12,DS1052,Jaipur,Tier 2,control,91,90,1,0,16.73,35.0,17687.0
2026-01-12,DS1053,Bhopal,Tier 2,control,70,64,5,1,13.99,53.5,16960.0
2026-01-12,DS1054,Pune,Tier 1,control,213,203,5,5,15.59,41.7,47050.0
2026-01-12,DS1055,Delhi NCR,Tier 1,treated,159,157,2,0,12.59,75.0,36830.0
2026-01-12,DS1056,Delhi NCR,Tier 1,treated,219,211,7,1,18.52,35.0,53900.0
2026-01-12,DS1057,Delhi NCR,Tier 1,treated,150,142,4,4,17.65,35.0,38433.0
2026-01-12,DS1058,Chennai,Tier 1,control,190,181,8,1,18.83,35.0,43397.0
2026-01-12,DS1059,Mumbai,Tier 1,treated,180,168,8,4,15.21,47.3,41133.0
2026-01-13,DS1000,Pune,Tier 1,control,174,167,4,3,17.27,35.0,45137.0
2026-01-13,DS1001,Bengaluru,Tier 1,treated,181,174,7,0,18.81,35.0,31330.0
2026-01-13,DS1002,Mumbai,Tier 1,treated,167,159,4,4,15.98,35.6,35776.0
2026-01-13,DS1003,Lucknow,Tier 2,control,76,72,4,0,16.3,35.0,17645.0
2026-01-13,DS1004,Pune,Tier 1,control,110,110,0,0,15.55,43.5,26730.0
2026-01-13,DS1005,Pune,Tier 1,control,113,106,5,2,16.45,35.0,23246.0
2026-01-13,DS1006,Pune,Tier 1,control,197,186,8,3,15.37,38.8,44938.0
2026-01-13,DS1007,Mumbai,Tier 1,treated,172,168,3,1,12.86,74.1,40350.0
2026-01-13,DS1008,Chennai,Tier 1,control,159,150,6,3,17.57,35.0,38280.0
2026-01-13,DS1009,Hyderabad,Tier 1,control,184,174,5,5,15.06,45.1,46144.0
2026-01-13,DS1010,Lucknow,Tier 2,control,68,66,1,1,18.62,35.0,10709.0
2026-01-13,DS1011,Pune,Tier 1,control,159,152,4,3,19.07,35.0,42940.0
2026-01-13,DS1012,Bengaluru,Tier 1,treated,186,179,5,2,17.06,35.0,46872.0
2026-01-13,DS1013,Pune,Tier 1,control,190,182,5,3,17.32,35.0,46131.0
2026-01-13,DS1014,Hyderabad,Tier 1,control,159,153,6,0,19.03,35.0,33812.0
2026-01-13,DS1015,Jaipur,Tier 2,control,131,126,4,1,16.91,35.0,30541.0
2026-01-13,DS1016,Mumbai,Tier 1,treated,161,154,4,3,14.94,48.7,35496.0
2026-01-13,DS1017,Chennai,Tier 1,control,131,125,4,2,14.44,59.5,27679.0
2026-01-13,DS1018,Bhopal,Tier 2,control,85,80,3,2,17.75,35.0,17458.0
2026-01-13,DS1019,Hyderabad,Tier 1,control,180,170,7,3,19.52,35.0,43424.0
2026-01-13,DS1020,Jaipur,Tier 2,control,112,111,1,0,17.24,35.0,22039.0
2026-01-13,DS1021,Bengaluru,Tier 1,treated,122,116,5,1,15.07,57.6,31071.0
2026-01-13,DS1022,Lucknow,Tier 2,control,135,131,4,0,14.95,42.1,25815.0
2026-01-13,DS1023,Mumbai,Tier 1,treated,162,155,6,1,14.27,56.7,35257.0
2026-01-13,DS1024,Mumbai,Tier 1,treated,220,210,7,3,16.66,35.0,42803.0
2026-01-13,DS1025,Jaipur,Tier 2,control,84,82,2,0,15.89,35.0,18967.0
2026-01-13,DS1026,Delhi NCR,Tier 1,treated,165,157,4,4,15.71,35.0,45108.0
2026-01-13,DS1027,Mumbai,Tier 1,treated,118,111,7,0,17.87,35.0,27491.0
2026-01-13,DS1028,Bhopal,Tier 2,control,129,122,5,2,15.73,39.8,24093.0
2026-01-13,DS1029,Jaipur,Tier 2,control,90,85,3,2,15.81,35.0,16441.0
2026-01-13,DS1030,Pune,Tier 1,control,222,212,6,4,16.71,35.0,63341.0
2026-01-13,DS1031,Mumbai,Tier 1,treated,134,129,3,2,16.04,35.6,27732.0
2026-01-13,DS1032,Chennai,Tier 1,control,168,160,6,2,16.94,35.0,40373.0
2026-01-13,DS1033,Jaipur,Tier 2,control,64,59,3,2,18.99,35.0,13125.0
2026-01-13,DS1034,Mumbai,Tier 1,treated,177,166,6,5,18.36,35.0,34802.0
2026-01-13,DS1035,Pune,Tier 1,control,188,180,7,1,17.61,35.0,47505.0
2026-01-13,DS1036,Lucknow,Tier 2,control,79,75,3,1,14.53,59.4,14634.0
2026-01-13,DS1037,Lucknow,Tier 2,control,116,111,3,2,17.0,35.0,18212.0
2026-01-13,DS1038,Delhi NCR,Tier 1,treated,182,173,6,3,13.9,64.8,42721.0
2026-01-13,DS1039,Lucknow,Tier 2,control,96,92,4,0,12.53,81.6,15658.0
2026-01-13,DS1040,Hyderabad,Tier 1,control,181,167,10,4,16.86,35.0,40837.0
2026-01-13,DS1041,Lucknow,Tier 2,control,97,91,5,1,17.68,35.0,17755.0
2026-01-13,DS1042,Jaipur,Tier 2,control,101,97,3,1,17.18,35.0,19953.0
2026-01-13,DS1043,Indore,Tier 2,control,92,87,5,0,13.36,64.3,18488.0
2026-01-13,DS1044,Bengaluru,Tier 1,treated,134,127,5,2,14.32,49.4,28843.0
2026-01-13,DS1045,Delhi NCR,Tier 1,treated,152,144,7,1,15.07,47.0,32656.0
2026-01-13,DS1046,Bengaluru,Tier 1,treated,136,132,2,2,14.4,53.3,30469.0
2026-01-13,DS1047,Bengaluru,Tier 1,treated,110,107,2,1,19.65,35.0,27161.0
2026-01-13,DS1048,Mumbai,Tier 1,treated,160,153,7,0,15.73,46.7,32008.0
2026-01-13,DS1049,Jaipur,Tier 2,control,103,98,4,1,16.17,35.9,16989.0
2026-01-13,DS1050,Chennai,Tier 1,control,128,121,4,3,14.49,55.8,27699.0
2026-01-13,DS1051,Chennai,Tier 1,control,166,156,8,2,17.67,35.0,40321.0
2026-01-13,DS1052,Jaipur,Tier 2,control,90,86,3,1,16.06,41.8,18629.0
2026-01-13,DS1053,Bhopal,Tier 2,control,67,66,1,0,14.68,51.8,14490.0
2026-01-13,DS1054,Pune,Tier 1,control,190,180,8,2,17.85,35.0,44470.0
2026-01-13,DS1055,Delhi NCR,Tier 1,treated,160,158,2,0,14.41,61.4,42950.0
2026-01-13,DS1056,Delhi NCR,Tier 1,treated,224,213,8,3,18.73,35.0,48742.0
2026-01-13,DS1057,Delhi NCR,Tier 1,treated,156,143,11,2,17.64,35.0,36460.0
2026-01-13,DS1058,Chennai,Tier 1,control,197,191,4,2,18.17,35.0,50131.0
2026-01-13,DS1059,Mumbai,Tier 1,treated,158,151,7,0,17.0,35.0,35521.0
2026-01-14,DS1000,Pune,Tier 1,control,190,183,7,0,17.88,35.0,34168.0
2026-01-14,DS1001,Bengaluru,Tier 1,treated,171,164,6,1,21.2,35.0,35688.0
2026-01-14,DS1002,Mumbai,Tier 1,treated,170,161,6,3,15.76,45.0,34418.0
2026-01-14,DS1003,Lucknow,Tier 2,control,117,108,5,4,17.1,35.0,18036.0
2026-01-14,DS1004,Pune,Tier 1,control,134,131,2,1,15.33,46.8,32287.0
2026-01-14,DS1005,Pune,Tier 1,control,130,121,8,1,16.57,35.0,31246.0
2026-01-14,DS1006,Pune,Tier 1,control,226,214,6,6,13.63,69.2,46211.0
2026-01-14,DS1007,Mumbai,Tier 1,treated,184,176,7,1,13.54,62.6,37778.0
2026-01-14,DS1008,Chennai,Tier 1,control,167,159,7,1,18.53,35.0,37569.0
2026-01-14,DS1009,Hyderabad,Tier 1,control,192,184,7,1,13.32,66.0,45580.0
2026-01-14,DS1010,Lucknow,Tier 2,control,56,56,0,0,17.08,35.0,13749.0
2026-01-14,DS1011,Pune,Tier 1,control,137,131,2,4,21.21,35.0,30430.0
2026-01-14,DS1012,Bengaluru,Tier 1,treated,177,170,6,1,17.74,35.0,39467.0
2026-01-14,DS1013,Pune,Tier 1,control,185,180,4,1,17.43,35.0,43749.0
2026-01-14,DS1014,Hyderabad,Tier 1,control,163,152,8,3,19.37,35.0,33379.0
2026-01-14,DS1015,Jaipur,Tier 2,control,129,121,6,2,15.44,45.1,20313.0
2026-01-14,DS1016,Mumbai,Tier 1,treated,158,151,5,2,14.3,60.9,30978.0
2026-01-14,DS1017,Chennai,Tier 1,control,149,141,7,1,14.58,56.7,36724.0
2026-01-14,DS1018,Bhopal,Tier 2,control,84,80,3,1,16.48,35.0,14444.0
2026-01-14,DS1019,Hyderabad,Tier 1,control,181,173,5,3,18.82,35.0,40316.0
2026-01-14,DS1020,Jaipur,Tier 2,control,96,92,4,0,17.35,35.0,16148.0
2026-01-14,DS1021,Bengaluru,Tier 1,treated,105,99,6,0,15.01,46.0,21415.0
2026-01-14,DS1022,Lucknow,Tier 2,control,113,106,5,2,13.47,58.5,19145.0
2026-01-14,DS1023,Mumbai,Tier 1,treated,203,190,8,5,14.76,46.1,57482.0
2026-01-14,DS1024,Mumbai,Tier 1,treated,217,207,7,3,18.18,35.0,41605.0
2026-01-14,DS1025,Jaipur,Tier 2,control,93,89,4,0,16.45,37.2,19031.0
2026-01-14,DS1026,Delhi NCR,Tier 1,treated,176,168,7,1,16.33,35.0,37654.0
2026-01-14,DS1027,Mumbai,Tier 1,treated,128,123,3,2,17.08,35.0,36228.0
2026-01-14,DS1028,Bhopal,Tier 2,control,133,124,7,2,16.88,35.0,27206.0
2026-01-14,DS1029,Jaipur,Tier 2,control,82,78,3,1,15.48,44.6,12125.0
2026-01-14,DS1030,Pune,Tier 1,control,220,213,6,1,17.29,35.0,57780.0
2026-01-14,DS1031,Mumbai,Tier 1,treated,120,114,4,2,15.16,45.3,28869.0
2026-01-14,DS1032,Chennai,Tier 1,control,170,163,5,2,17.32,35.0,40032.0
2026-01-14,DS1033,Jaipur,Tier 2,control,65,58,4,3,20.93,35.0,14349.0
2026-01-14,DS1034,Mumbai,Tier 1,treated,143,142,0,1,17.68,35.0,30030.0
2026-01-14,DS1035,Pune,Tier 1,control,206,197,6,3,15.48,47.0,50975.0
2026-01-14,DS1036,Lucknow,Tier 2,control,90,83,5,2,13.7,61.6,12825.0
2026-01-14,DS1037,Lucknow,Tier 2,control,117,110,6,1,16.7,35.0,25582.0
2026-01-14,DS1038,Delhi NCR,Tier 1,treated,175,168,4,3,13.81,68.6,37973.0
2026-01-14,DS1039,Lucknow,Tier 2,control,75,71,1,3,15.1,57.9,15188.0
2026-01-14,DS1040,Hyderabad,Tier 1,control,162,157,3,2,18.98,35.0,31081.0
2026-01-14,DS1041,Lucknow,Tier 2,control,80,78,2,0,17.75,35.0,11691.0
2026-01-14,DS1042,Jaipur,Tier 2,control,114,108,2,4,16.23,35.0,23849.0
2026-01-14,DS1043,Indore,Tier 2,control,85,84,0,1,11.75,77.9,18774.0
2026-01-14,DS1044,Bengaluru,Tier 1,treated,149,143,5,1,16.08,35.0,34125.0
2026-01-14,DS1045,Delhi NCR,Tier 1,treated,169,154,10,5,15.01,48.6,38356.0
2026-01-14,DS1046,Bengaluru,Tier 1,treated,161,155,4,2,18.14,35.0,30884.0
2026-01-14,DS1047,Bengaluru,Tier 1,treated,150,141,8,1,18.94,35.0,31144.0
2026-01-14,DS1048,Mumbai,Tier 1,treated,190,184,3,3,16.07,43.2,44872.0
2026-01-14,DS1049,Jaipur,Tier 2,control,114,110,2,2,16.38,36.7,27697.0
2026-01-14,DS1050,Chennai,Tier 1,control,105,101,0,4,15.02,49.9,25806.0
2026-01-14,DS1051,Chennai,Tier 1,control,170,165,4,1,17.33,35.0,41152.0
2026-01-14,DS1052,Jaipur,Tier 2,control,88,82,3,3,17.03,35.0,15658.0
2026-01-14,DS1053,Bhopal,Tier 2,control,107,101,4,2,14.04,63.6,17126.0
2026-01-14,DS1054,Pune,Tier 1,control,191,182,7,2,16.67,35.0,41922.0
2026-01-14,DS1055,Delhi NCR,Tier 1,treated,159,154,4,1,14.83,56.4,42286.0
2026-01-14,DS1056,Delhi NCR,Tier 1,treated,219,211,3,5,18.48,35.0,60487.0
2026-01-14,DS1057,Delhi NCR,Tier 1,treated,170,158,10,2,18.99,35.0,33002.0
2026-01-14,DS1058,Chennai,Tier 1,control,195,181,14,0,17.94,35.0,44600.0
2026-01-14,DS1059,Mumbai,Tier 1,treated,158,151,4,3,15.07,47.0,29999.0
2026-01-15,DS1000,Pune,Tier 1,control,163,155,8,0,16.89,35.0,33407.0
2026-01-15,DS1001,Bengaluru,Tier 1,treated,202,195,5,2,19.06,35.0,53699.0
2026-01-15,DS1002,Mumbai,Tier 1,treated,158,150,8,0,16.51,35.0,33977.0
2026-01-15,DS1003,Lucknow,Tier 2,control,90,86,3,1,15.27,50.5,18412.0
2026-01-15,DS1004,Pune,Tier 1,control,123,118,3,2,16.49,35.0,29372.0
2026-01-15,DS1005,Pune,Tier 1,control,140,133,6,1,15.2,45.5,35977.0
2026-01-15,DS1006,Pune,Tier 1,control,196,190,4,2,14.66,55.2,42046.0
2026-01-15,DS1007,Mumbai,Tier 1,treated,165,153,10,2,14.33,48.5,35700.0
2026-01-15,DS1008,Chennai,Tier 1,control,191,180,7,4,18.81,35.0,43436.0
2026-01-15,DS1009,Hyderabad,Tier 1,control,204,195,5,4,14.11,60.0,49005.0
2026-01-15,DS1010,Lucknow,Tier 2,control,73,71,0,2,17.77,35.0,14470.0
2026-01-15,DS1011,Pune,Tier 1,control,146,136,9,1,20.1,35.0,35340.0
2026-01-15,DS1012,Bengaluru,Tier 1,treated,182,175,5,2,15.89,37.1,43810.0
2026-01-15,DS1013,Pune,Tier 1,control,198,192,3,3,16.13,35.0,45456.0
2026-01-15,DS1014,Hyderabad,Tier 1,control,167,161,5,1,20.27,35.0,39402.0
2026-01-15,DS1015,Jaipur,Tier 2,control,125,120,4,1,14.81,55.4,30353.0
2026-01-15,DS1016,Mumbai,Tier 1,treated,182,175,4,3,12.68,74.2,44515.0
2026-01-15,DS1017,Chennai,Tier 1,control,140,134,4,2,12.36,73.4,32507.0
2026-01-15,DS1018,Bhopal,Tier 2,control,86,83,1,2,14.65,46.3,16456.0
2026-01-15,DS1019,Hyderabad,Tier 1,control,178,172,4,2,17.47,35.0,40394.0
2026-01-15,DS1020,Jaipur,Tier 2,control,107,105,2,0,18.93,35.0,25358.0
2026-01-15,DS1021,Bengaluru,Tier 1,treated,101,97,3,1,14.71,51.3,21569.0
2026-01-15,DS1022,Lucknow,Tier 2,control,130,124,5,1,13.61,66.3,29346.0
2026-01-15,DS1023,Mumbai,Tier 1,treated,191,178,11,2,15.4,39.9,36218.0
2026-01-15,DS1024,Mumbai,Tier 1,treated,227,213,8,6,17.14,35.0,51657.0
2026-01-15,DS1025,Jaipur,Tier 2,control,83,78,4,1,16.42,39.7,14686.0
2026-01-15,DS1026,Delhi NCR,Tier 1,treated,149,137,7,5,14.7,50.8,25683.0
2026-01-15,DS1027,Mumbai,Tier 1,treated,137,130,6,1,15.86,41.3,37371.0
2026-01-15,DS1028,Bhopal,Tier 2,control,140,139,1,0,16.26,35.0,25318.0
2026-01-15,DS1029,Jaipur,Tier 2,control,84,83,1,0,16.12,36.4,18583.0
2026-01-15,DS1030,Pune,Tier 1,control,230,215,12,3,16.91,35.0,52697.0
2026-01-15,DS1031,Mumbai,Tier 1,treated,151,147,3,1,15.55,40.0,32167.0
2026-01-15,DS1032,Chennai,Tier 1,control,185,175,8,2,16.87,35.0,39761.0
2026-01-15,DS1033,Jaipur,Tier 2,control,78,71,6,1,18.05,35.0,13533.0
2026-01-15,DS1034,Mumbai,Tier 1,treated,146,140,5,1,16.89,35.0,33830.0
2026-01-15,DS1035,Pune,Tier 1,control,164,157,6,1,-1.645,35.0,44771.0
2026-01-15,DS1036,Lucknow,Tier 2,control,56,52,2,2,11.62,91.3,10311.0
2026-01-15,DS1037,Lucknow,Tier 2,control,100,97,3,0,15.79,38.7,23410.0
2026-01-15,DS1038,Delhi NCR,Tier 1,treated,155,151,3,1,12.9,78.2,32965.0
2026-01-15,DS1039,Lucknow,Tier 2,control,75,74,1,0,14.59,57.3,13843.0
2026-01-15,DS1040,Hyderabad,Tier 1,control,146,142,1,3,17.04,35.0,28421.0
2026-01-15,DS1041,Lucknow,Tier 2,control,79,75,3,1,17.33,35.0,17085.0
2026-01-15,DS1042,Jaipur,Tier 2,control,100,94,4,2,16.23,35.5,17626.0
2026-01-15,DS1043,Indore,Tier 2,control,89,83,6,0,12.69,73.3,15392.0
2026-01-15,DS1044,Bengaluru,Tier 1,treated,145,139,5,1,15.26,42.5,32942.0
2026-01-15,DS1045,Delhi NCR,Tier 1,treated,184,171,12,1,13.92,58.4,46208.0
2026-01-15,DS1046,Bengaluru,Tier 1,treated,156,151,4,1,17.7,35.0,31142.0
2026-01-15,DS1047,Bengaluru,Tier 1,treated,122,119,2,1,20.51,35.0,28232.0
2026-01-15,DS1048,Mumbai,Tier 1,treated,186,178,4,4,17.21,35.0,35539.0
2026-01-15,DS1049,Jaipur,Tier 2,control,104,99,4,1,16.39,35.0,23191.0
2026-01-15,DS1050,Chennai,Tier 1,control,117,109,7,1,14.76,51.7,24961.0
2026-01-15,DS1051,Chennai,Tier 1,control,175,164,7,4,15.51,46.5,42715.0
2026-01-15,DS1052,Jaipur,Tier 2,control,91,84,7,0,16.31,35.0,15786.0
2026-01-15,DS1053,Bhopal,Tier 2,control,78,76,1,1,14.78,48.5,13600.0
2026-01-15,DS1054,Pune,Tier 1,control,204,195,7,2,16.74,35.0,54215.0
2026-01-15,DS1055,Delhi NCR,Tier 1,treated,156,148,6,2,14.42,62.5,32822.0
2026-01-15,DS1056,Delhi NCR,Tier 1,treated,221,212,9,0,17.33,35.0,55758.0
2026-01-15,DS1057,Delhi NCR,Tier 1,treated,153,148,3,2,17.65,35.0,30307.0
2026-01-15,DS1058,Chennai,Tier 1,control,174,163,10,1,17.38,35.0,41243.0
2026-01-15,DS1059,Mumbai,Tier 1,treated,187,184,2,1,16.77,35.0,44620.0
2026-01-16,DS1000,Pune,Tier 1,control,250,246,4,0,16.49,35.0,68871.0
2026-01-16,DS1001,Bengaluru,Tier 1,treated,203,194,7,2,20.92,35.0,49755.0
2026-01-16,DS1002,Mumbai,Tier 1,treated,212,205,5,2,15.1,45.6,51513.0
2026-01-16,DS1003,Lucknow,Tier 2,control,102,95,4,3,15.38,46.3,15596.0
2026-01-16,DS1004,Pune,Tier 1,control,156,150,6,0,16.69,35.0,30371.0
2026-01-16,DS1005,Pune,Tier 1,control,175,169,4,2,15.38,44.2,41834.0
2026-01-16,DS1006,Pune,Tier 1,control,225,220,4,1,14.16,63.0,55048.0
2026-01-16,DS1007,Mumbai,Tier 1,treated,204,193,10,1,16.9,35.0,54375.0
2026-01-16,DS1008,Chennai,Tier 1,control,207,195,7,5,17.55,35.0,45956.0
2026-01-16,DS1009,Hyderabad,Tier 1,control,251,241,6,4,16.12,38.0,58181.0
2026-01-16,DS1010,Lucknow,Tier 2,control,80,78,1,1,19.01,35.0,18394.0
2026-01-16,DS1011,Pune,Tier 1,control,165,153,8,4,19.44,35.0,35015.0
2026-01-16,DS1012,Bengaluru,Tier 1,treated,200,186,12,2,15.52,44.9,41273.0
2026-01-16,DS1013,Pune,Tier 1,control,218,212,4,2,16.82,35.0,44102.0
2026-01-16,DS1014,Hyderabad,Tier 1,control,195,180,14,1,19.79,35.0,38087.0
2026-01-16,DS1015,Jaipur,Tier 2,control,148,143,5,0,16.5,41.0,29458.0
2026-01-16,DS1016,Mumbai,Tier 1,treated,186,176,7,3,13.67,68.3,46812.0
2026-01-16,DS1017,Chennai,Tier 1,control,146,141,5,0,13.7,64.7,35014.0
2026-01-16,DS1018,Bhopal,Tier 2,control,101,99,2,0,18.36,35.0,17094.0
2026-01-16,DS1019,Hyderabad,Tier 1,control,224,213,6,5,17.76,35.0,48940.0
2026-01-16,DS1020,Jaipur,Tier 2,control,94,89,4,1,18.23,35.0,20492.0
2026-01-16,DS1021,Bengaluru,Tier 1,treated,141,132,8,1,15.49,40.0,36165.0
2026-01-16,DS1022,Lucknow,Tier 2,control,142,125,14,3,15.09,45.4,21675.0
2026-01-16,DS1023,Mumbai,Tier 1,treated,210,202,5,3,14.23,58.9,47914.0
2026-01-16,DS1024,Mumbai,Tier 1,treated,243,234,7,2,17.61,35.0,54023.0
2026-01-16,DS1025,Jaipur,Tier 2,control,106,97,7,2,16.91,35.0,20741.0
2026-01-16,DS1026,Delhi NCR,Tier 1,treated,194,189,2,3,16.4,35.0,48348.0
2026-01-16,DS1027,Mumbai,Tier 1,treated,161,157,3,1,16.65,35.0,40503.0
2026-01-16,DS1028,Bhopal,Tier 2,control,172,165,4,3,17.05,35.0,33383.0
2026-01-16,DS1029,Jaipur,Tier 2,control,133,128,3,2,15.88,35.4,29025.0
2026-01-16,DS1030,Pune,Tier 1,control,264,251,9,4,16.39,35.0,65701.0
2026-01-16,DS1031,Mumbai,Tier 1,treated,178,169,5,4,16.02,40.9,39238.0
2026-01-16,DS1032,Chennai,Tier 1,control,233,222,9,2,18.08,35.0,57890.0
2026-01-16,DS1033,Jaipur,Tier 2,control,86,79,5,2,19.45,35.0,15751.0
2026-01-16,DS1034,Mumbai,Tier 1,treated,199,191,5,3,18.46,35.0,55240.0
2026-01-16,DS1035,Pune,Tier 1,control,202,193,4,5,16.56,35.0,43969.0
2026-01-16,DS1036,Lucknow,Tier 2,control,104,102,2,0,12.42,81.1,17033.0
2026-01-16,DS1037,Lucknow,Tier 2,control,143,136,5,2,16.39,35.0,25630.0
2026-01-16,DS1038,Delhi NCR,Tier 1,treated,221,210,5,6,13.67,58.9,47634.0
2026-01-16,DS1039,Lucknow,Tier 2,control,93,88,4,1,13.2,67.8,18272.0
2026-01-16,DS1040,Hyderabad,Tier 1,control,199,189,8,2,18.25,35.0,42453.0
2026-01-16,DS1041,Lucknow,Tier 2,control,105,103,1,1,18.54,35.0,18369.0
2026-01-16,DS1042,Jaipur,Tier 2,control,112,110,1,1,15.74,40.1,21277.0
2026-01-16,DS1043,Indore,Tier 2,control,118,112,5,1,13.41,71.7,20566.0
2026-01-16,DS1044,Bengaluru,Tier 1,treated,184,179,4,1,14.32,60.3,37897.0
2026-01-16,DS1045,Delhi NCR,Tier 1,treated,180,172,4,4,15.13,46.8,35024.0
2026-01-16,DS1046,Bengaluru,Tier 1,treated,162,153,4,5,17.19,35.0,36543.0
2026-01-16,DS1047,Bengaluru,Tier 1,treated,148,141,5,2,20.07,35.0,34102.0
2026-01-16,DS1048,Mumbai,Tier 1,treated,191,180,8,3,17.04,35.0,37807.0
2026-01-16,DS1049,Jaipur,Tier 2,control,122,119,3,0,15.03,44.1,15155.0
2026-01-16,DS1050,Chennai,Tier 1,control,120,117,2,1,14.61,58.0,29620.0
2026-01-16,DS1051,Chennai,Tier 1,control,210,200,7,3,15.74,45.6,50484.0
2026-01-16,DS1052,Jaipur,Tier 2,control,91,88,2,1,16.28,35.0,15362.0
2026-01-16,DS1053,Bhopal,Tier 2,control,89,83,5,1,15.73,43.3,16726.0
2026-01-16,DS1054,Pune,Tier 1,control,229,220,9,0,15.1,47.4,59486.0
2026-01-16,DS1055,Delhi NCR,Tier 1,treated,204,194,7,3,14.91,44.5,40859.0
2026-01-16,DS1056,Delhi NCR,Tier 1,treated,222,214,2,6,17.72,35.0,47070.0
2026-01-16,DS1057,Delhi NCR,Tier 1,treated,185,180,5,0,19.11,35.0,47874.0
2026-01-16,DS1058,Chennai,Tier 1,control,210,200,5,5,18.54,35.0,40457.0
2026-01-16,DS1059,Mumbai,Tier 1,treated,170,165,3,2,15.52,49.9,37243.0
2026-01-17,DS1000,Pune,Tier 1,control,231,221,7,3,16.14,37.7,42540.0
2026-01-17,DS1001,Bengaluru,Tier 1,treated,177,173,3,1,18.46,35.0,38975.0
2026-01-17,DS1002,Mumbai,Tier 1,treated,178,173,5,0,14.08,60.9,40709.0
2026-01-17,DS1003,Lucknow,Tier 2,control,113,108,3,2,15.85,35.0,23240.0
2026-01-17,DS1004,Pune,Tier 1,control,148,137,8,3,14.9,46.5,31748.0
2026-01-17,DS1005,Pune,Tier 1,control,126,118,6,2,16.27,35.0,27569.0
2026-01-17,DS1006,Pune,Tier 1,control,239,223,15,1,14.16,64.8,54303.0
2026-01-17,DS1007,Mumbai,Tier 1,treated,199,191,7,1,15.15,51.9,47873.0
2026-01-17,DS1008,Chennai,Tier 1,control,222,213,6,3,18.27,35.0,44656.0
2026-01-17,DS1009,Hyderabad,Tier 1,control,241,230,7,4,14.87,42.3,66003.0
2026-01-17,DS1010,Lucknow,Tier 2,control,86,82,3,1,17.28,35.0,18112.0
2026-01-17,DS1011,Pune,Tier 1,control,172,165,7,0,18.09,35.0,46131.0
2026-01-17,DS1012,Bengaluru,Tier 1,treated,188,179,7,2,-1.6670000000000003,35.0,46252.0
2026-01-17,DS1013,Pune,Tier 1,control,218,211,6,1,16.57,35.0,47829.0
2026-01-17,DS1014,Hyderabad,Tier 1,control,183,174,4,5,19.0,35.0,43408.0
2026-01-17,DS1015,Jaipur,Tier 2,control,123,118,4,1,16.25,35.0,25158.0
2026-01-17,DS1016,Mumbai,Tier 1,treated,189,175,11,3,15.69,44.3,38696.0
2026-01-17,DS1017,Chennai,Tier 1,control,153,148,3,2,15.3,44.4,38875.0
2026-01-17,DS1018,Bhopal,Tier 2,control,91,85,3,3,16.06,35.0,18308.0
2026-01-17,DS1019,Hyderabad,Tier 1,control,205,195,7,3,19.27,35.0,41376.0
2026-01-17,DS1020,Jaipur,Tier 2,control,92,89,2,1,18.47,35.0,18006.0
2026-01-17,DS1021,Bengaluru,Tier 1,treated,140,137,1,2,15.25,48.1,37498.0
2026-01-17,DS1022,Lucknow,Tier 2,control,155,145,2,8,13.88,70.1,21677.0
2026-01-17,DS1023,Mumbai,Tier 1,treated,213,199,11,3,16.46,36.1,42460.0
2026-01-17,DS1024,Mumbai,Tier 1,treated,255,245,8,2,16.33,36.9,68678.0
2026-01-17,DS1025,Jaipur,Tier 2,control,113,103,6,4,16.87,35.0,19760.0
2026-01-17,DS1026,Delhi NCR,Tier 1,treated,192,185,6,1,15.85,40.0,36851.0
2026-01-17,DS1027,Mumbai,Tier 1,treated,178,171,6,1,-1.629,37.1,41603.0
2026-01-17,DS1028,Bhopal,Tier 2,control,147,139,4,4,15.16,54.2,32180.0
2026-01-17,DS1029,Jaipur,Tier 2,control,125,119,5,1,16.62,35.0,22591.0
2026-01-17,DS1030,Pune,Tier 1,control,269,259,8,2,15.92,40.4,67558.0
2026-01-17,DS1031,Mumbai,Tier 1,treated,192,182,8,2,15.4,44.7,40448.0
2026-01-17,DS1032,Chennai,Tier 1,control,183,175,8,0,18.07,35.0,40840.0
2026-01-17,DS1033,Jaipur,Tier 2,control,78,78,0,0,19.18,35.0,13682.0
2026-01-17,DS1034,Mumbai,Tier 1,treated,198,186,10,2,16.16,35.2,40115.0
2026-01-17,DS1035,Pune,Tier 1,control,240,227,7,6,15.05,51.1,49579.0
2026-01-17,DS1036,Lucknow,Tier 2,control,87,83,1,3,15.09,49.6,15979.0
2026-01-17,DS1037,Lucknow,Tier 2,control,136,132,4,0,16.44,35.0,27942.0
2026-01-17,DS1038,Delhi NCR,Tier 1,treated,195,184,9,2,14.07,61.7,33166.0
2026-01-17,DS1039,Lucknow,Tier 2,control,91,83,7,1,13.03,74.8,15317.0
2026-01-17,DS1040,Hyderabad,Tier 1,control,206,196,9,1,16.54,37.4,46958.0
2026-01-17,DS1041,Lucknow,Tier 2,control,86,80,5,1,16.37,40.4,16750.0
2026-01-17,DS1042,Jaipur,Tier 2,control,115,109,6,0,17.82,35.0,19242.0
2026-01-17,DS1043,Indore,Tier 2,control,114,112,2,0,13.76,62.1,20616.0
2026-01-17,DS1044,Bengaluru,Tier 1,treated,184,176,6,2,16.37,35.0,38390.0
2026-01-17,DS1045,Delhi NCR,Tier 1,treated,194,181,13,0,16.07,35.0,49604.0
2026-01-17,DS1046,Bengaluru,Tier 1,treated,161,148,11,2,17.82,35.0,42378.0
2026-01-17,DS1047,Bengaluru,Tier 1,treated,150,148,1,1,19.57,35.0,38723.0
2026-01-17,DS1048,Mumbai,Tier 1,treated,190,186,4,0,16.6,35.0,42157.0
2026-01-17,DS1049,Jaipur,Tier 2,control,132,128,3,1,14.42,57.6,21441.0
2026-01-17,DS1050,Chennai,Tier 1,control,163,149,11,3,14.86,58.6,41120.0
2026-01-17,DS1051,Chennai,Tier 1,control,212,198,10,4,15.91,36.9,45609.0
2026-01-17,DS1052,Jaipur,Tier 2,control,89,87,1,1,16.5,35.0,19949.0
2026-01-17,DS1053,Bhopal,Tier 2,control,101,96,5,0,12.89,78.5,19818.0
2026-01-17,DS1054,Pune,Tier 1,control,240,225,9,6,15.4,43.0,43084.0
2026-01-17,DS1055,Delhi NCR,Tier 1,treated,175,169,6,0,14.09,58.0,44040.0
2026-01-17,DS1056,Delhi NCR,Tier 1,treated,269,254,10,5,19.67,35.0,64018.0
2026-01-17,DS1057,Delhi NCR,Tier 1,treated,172,165,5,2,17.87,35.0,37437.0
2026-01-17,DS1058,Chennai,Tier 1,control,229,221,6,2,18.58,35.0,47593.0
2026-01-17,DS1059,Mumbai,Tier 1,treated,194,183,8,3,16.11,38.5,39482.0
2026-01-18,DS1000,Pune,Tier 1,control,207,197,9,1,17.79,35.0,41589.0
2026-01-18,DS1001,Bengaluru,Tier 1,treated,156,143,10,3,18.54,35.0,32802.0
2026-01-18,DS1002,Mumbai,Tier 1,treated,146,141,4,1,16.24,41.0,44191.0
2026-01-18,DS1003,Lucknow,Tier 2,control,93,88,5,0,16.05,38.1,15142.0
2026-01-18,DS1004,Pune,Tier 1,control,150,142,7,1,15.47,44.6,33758.0
2026-01-18,DS1005,Pune,Tier 1,control,124,117,4,3,17.75,35.0,26963.0
2026-01-18,DS1006,Pune,Tier 1,control,219,209,7,3,12.41,74.0,38798.0
2026-01-18,DS1007,Mumbai,Tier 1,treated,155,146,7,2,16.8,35.0,29398.0
2026-01-18,DS1008,Chennai,Tier 1,control,189,179,8,2,20.47,35.0,42816.0
2026-01-18,DS1009,Hyderabad,Tier 1,control,226,214,9,3,13.2,77.6,52578.0
2026-01-18,DS1010,Lucknow,Tier 2,control,77,75,1,1,18.47,35.0,17485.0
2026-01-18,DS1011,Pune,Tier 1,control,144,139,4,1,19.2,35.0,36346.0
2026-01-18,DS1012,Bengaluru,Tier 1,treated,166,158,7,1,14.5,59.9,41485.0
2026-01-18,DS1013,Pune,Tier 1,control,196,189,5,2,17.9,35.0,43687.0
2026-01-18,DS1014,Hyderabad,Tier 1,control,180,171,8,1,19.65,35.0,45227.0
2026-01-18,DS1015,Jaipur,Tier 2,control,106,96,6,4,16.39,38.4,23108.0
2026-01-18,DS1016,Mumbai,Tier 1,treated,177,170,6,1,13.36,65.9,39991.0
2026-01-18,DS1017,Chennai,Tier 1,control,113,108,4,1,-1.324,67.9,25996.0
2026-01-18,DS1018,Bhopal,Tier 2,control,78,74,3,1,13.62,64.5,16120.0
2026-01-18,DS1019,Hyderabad,Tier 1,control,192,183,7,2,18.57,35.0,39222.0
2026-01-18,DS1020,Jaipur,Tier 2,control,102,97,4,1,18.8,35.0,22482.0
2026-01-18,DS1021,Bengaluru,Tier 1,treated,111,103,4,4,14.73,51.2,26701.0
2026-01-18,DS1022,Lucknow,Tier 2,control,139,129,8,2,14.61,54.2,26925.0
2026-01-18,DS1023,Mumbai,Tier 1,treated,174,166,7,1,14.93,49.8,35663.0
2026-01-18,DS1024,Mumbai,Tier 1,treated,198,186,9,3,18.25,35.0,47495.0
2026-01-18,DS1025,Jaipur,Tier 2,control,98,91,7,0,15.51,48.3,21906.0
2026-01-18,DS1026,Delhi NCR,Tier 1,treated,157,153,2,2,16.9,35.0,40834.0
2026-01-18,DS1027,Mumbai,Tier 1,treated,148,143,4,1,15.78,43.7,28635.0
2026-01-18,DS1028,Bhopal,Tier 2,control,141,134,6,1,16.24,38.3,22495.0
2026-01-18,DS1029,Jaipur,Tier 2,control,72,71,0,1,17.23,35.0,15940.0
2026-01-18,DS1030,Pune,Tier 1,control,230,215,12,3,17.12,35.0,55954.0
2026-01-18,DS1031,Mumbai,Tier 1,treated,126,120,3,3,15.21,49.0,33041.0
2026-01-18,DS1032,Chennai,Tier 1,control,182,175,7,0,18.82,35.0,41787.0
2026-01-18,DS1033,Jaipur,Tier 2,control,59,54,4,1,19.27,35.0,13083.0
2026-01-18,DS1034,Mumbai,Tier 1,treated,148,140,6,2,18.75,35.0,39056.0
2026-01-18,DS1035,Pune,Tier 1,control,200,192,4,4,15.21,52.8,46798.0
2026-01-18,DS1036,Lucknow,Tier 2,control,85,79,5,1,14.95,49.2,16575.0
2026-01-18,DS1037,Lucknow,Tier 2,control,142,131,9,2,16.46,35.0,25546.0
2026-01-18,DS1038,Delhi NCR,Tier 1,treated,183,174,5,4,13.33,73.8,39053.0
2026-01-18,DS1039,Lucknow,Tier 2,control,77,72,4,1,14.03,68.8,14171.0
2026-01-18,DS1040,Hyderabad,Tier 1,control,166,156,9,1,19.38,35.0,40756.0
2026-01-18,DS1041,Lucknow,Tier 2,control,90,85,4,1,17.19,35.0,16707.0
2026-01-18,DS1042,Jaipur,Tier 2,control,105,100,4,1,16.04,47.0,21640.0
2026-01-18,DS1043,Indore,Tier 2,control,98,95,1,2,13.11,70.3,21468.0
2026-01-18,DS1044,Bengaluru,Tier 1,treated,143,138,3,2,15.38,45.5,30254.0
2026-01-18,DS1045,Delhi NCR,Tier 1,treated,155,141,11,3,15.07,45.7,31327.0
2026-01-18,DS1046,Bengaluru,Tier 1,treated,145,137,8,0,16.59,37.7,36105.0
2026-01-18,DS1047,Bengaluru,Tier 1,treated,136,129,7,0,20.01,35.0,34297.0
2026-01-18,DS1048,Mumbai,Tier 1,treated,178,166,10,2,17.05,35.0,45323.0
2026-01-18,DS1049,Jaipur,Tier 2,control,112,107,3,2,14.53,65.9,22907.0
2026-01-18,DS1050,Chennai,Tier 1,control,124,113,8,3,13.77,64.4,25793.0
2026-01-18,DS1051,Chennai,Tier 1,control,174,161,11,2,16.13,35.0,42536.0
2026-01-18,DS1052,Jaipur,Tier 2,control,82,73,7,2,14.93,51.7,15115.0
2026-01-18,DS1053,Bhopal,Tier 2,control,78,74,2,2,13.88,71.1,14694.0
2026-01-18,DS1054,Pune,Tier 1,control,193,182,7,4,15.44,40.6,59844.0
2026-01-18,DS1055,Delhi NCR,Tier 1,treated,151,148,0,3,13.45,68.9,35221.0
2026-01-18,DS1056,Delhi NCR,Tier 1,treated,209,192,11,6,15.99,42.3,38223.0
2026-01-18,DS1057,Delhi NCR,Tier 1,treated,179,168,8,3,17.84,35.0,40241.0
2026-01-18,DS1058,Chennai,Tier 1,control,175,169,6,0,17.77,35.0,35275.0
2026-01-18,DS1059,Mumbai,Tier 1,treated,163,157,5,1,16.14,35.0,35711.0
2026-01-19,DS1000,Pune,Tier 1,control,194,186,6,2,16.53,35.0,45932.0
2026-01-19,DS1001,Bengaluru,Tier 1,treated,153,147,3,3,17.99,35.0,34453.0
2026-01-19,DS1002,Mumbai,Tier 1,treated,182,173,9,0,15.61,41.7,45510.0
2026-01-19,DS1003,Lucknow,Tier 2,control,90,83,5,2,15.53,40.2,17054.0
2026-01-19,DS1004,Pune,Tier 1,control,113,107,3,3,14.46,60.7,25422.0
2026-01-19,DS1005,Pune,Tier 1,control,117,111,3,3,17.26,35.0,27320.0
2026-01-19,DS1006,Pune,Tier 1,control,185,181,4,0,14.89,48.1,42702.0
2026-01-19,DS1007,Mumbai,Tier 1,treated,157,149,5,3,14.99,47.5,36577.0
2026-01-19,DS1008,Chennai,Tier 1,control,171,161,10,0,16.8,35.0,40355.0
2026-01-19,DS1009,Hyderabad,Tier 1,control,186,178,4,4,15.18,52.6,41943.0
2026-01-19,DS1010,Lucknow,Tier 2,control,57,56,1,0,17.42,35.0,10232.0
2026-01-19,DS1011,Pune,Tier 1,control,152,144,3,5,20.04,35.0,36229.0
2026-01-19,DS1012,Bengaluru,Tier 1,treated,192,181,4,7,17.14,35.0,38400.0
2026-01-19,DS1013,Pune,Tier 1,control,149,140,7,2,17.32,35.0,36934.0
2026-01-19,DS1014,Hyderabad,Tier 1,control,156,150,5,1,19.07,35.0,38409.0
2026-01-19,DS1015,Jaipur,Tier 2,control,112,106,3,3,16.9,35.0,17223.0
2026-01-19,DS1016,Mumbai,Tier 1,treated,168,163,3,2,14.7,49.1,33151.0
2026-01-19,DS1017,Chennai,Tier 1,control,131,129,1,1,14.23,58.4,33927.0
2026-01-19,DS1018,Bhopal,Tier 2,control,66,66,0,0,15.11,49.8,12400.0
2026-01-19,DS1019,Hyderabad,Tier 1,control,218,206,8,4,18.92,35.0,47906.0
2026-01-19,DS1020,Jaipur,Tier 2,control,109,102,4,3,18.48,35.0,22221.0
2026-01-19,DS1021,Bengaluru,Tier 1,treated,126,120,4,2,14.72,48.4,30349.0
2026-01-19,DS1022,Lucknow,Tier 2,control,106,103,2,1,15.73,48.4,24510.0
2026-01-19,DS1023,Mumbai,Tier 1,treated,211,196,10,5,15.07,52.1,43052.0
2026-01-19,DS1024,Mumbai,Tier 1,treated,196,188,7,1,14.99,53.2,44735.0
2026-01-19,DS1025,Jaipur,Tier 2,control,96,92,3,1,17.7,35.0,21263.0
2026-01-19,DS1026,Delhi NCR,Tier 1,treated,141,141,0,0,17.55,35.0,29425.0
2026-01-19,DS1027,Mumbai,Tier 1,treated,140,129,10,1,16.94,38.7,36623.0
2026-01-19,DS1028,Bhopal,Tier 2,control,122,119,3,0,15.86,42.7,24676.0
2026-01-19,DS1029,Jaipur,Tier 2,control,99,94,4,1,16.1,36.7,18849.0
2026-01-19,DS1030,Pune,Tier 1,control,240,234,5,1,16.76,35.0,57159.0
2026-01-19,DS1031,Mumbai,Tier 1,treated,147,140,3,4,15.54,37.6,37672.0
2026-01-19,DS1032,Chennai,Tier 1,control,178,168,7,3,17.88,35.0,35827.0
2026-01-19,DS1033,Jaipur,Tier 2,control,75,71,1,3,19.86,35.0,18720.0
2026-01-19,DS1034,Mumbai,Tier 1,treated,154,143,8,3,16.49,35.0,33354.0
2026-01-19,DS1035,Pune,Tier 1,control,191,182,5,4,16.76,35.0,41972.0
2026-01-19,DS1036,Lucknow,Tier 2,control,67,64,3,0,14.18,63.3,13740.0
2026-01-19,DS1037,Lucknow,Tier 2,control,108,101,4,3,17.53,35.0,22788.0
2026-01-19,DS1038,Delhi NCR,Tier 1,treated,190,174,13,3,11.62,81.8,35044.0
2026-01-19,DS1039,Lucknow,Tier 2,control,68,66,2,0,14.7,48.2,13779.0
2026-01-19,DS1040,Hyderabad,Tier 1,control,136,132,3,1,18.59,35.0,30808.0
2026-01-19,DS1041,Lucknow,Tier 2,control,93,89,4,0,16.74,35.0,16849.0
2026-01-19,DS1042,Jaipur,Tier 2,control,102,99,2,1,16.2,42.1,23471.0
2026-01-19,DS1043,Indore,Tier 2,control,94,87,6,1,13.34,66.3,14608.0
2026-01-19,DS1044,Bengaluru,Tier 1,treated,155,145,8,2,16.13,35.3,35537.0
2026-01-19,DS1045,Delhi NCR,Tier 1,treated,165,158,4,3,15.39,44.8,26937.0
2026-01-19,DS1046,Bengaluru,Tier 1,treated,146,141,3,2,16.94,35.0,31779.0
2026-01-19,DS1047,Bengaluru,Tier 1,treated,124,120,3,1,19.53,35.0,30317.0
2026-01-19,DS1048,Mumbai,Tier 1,treated,167,153,13,1,15.27,39.8,32879.0
2026-01-19,DS1049,Jaipur,Tier 2,control,111,107,3,1,15.22,49.6,21849.0
2026-01-19,DS1050,Chennai,Tier 1,control,132,124,6,2,14.48,51.0,32659.0
2026-01-19,DS1051,Chennai,Tier 1,control,194,190,4,0,14.31,57.5,53579.0
2026-01-19,DS1052,Jaipur,Tier 2,control,94,92,1,1,13.89,56.5,17433.0
2026-01-19,DS1053,Bhopal,Tier 2,control,89,86,3,0,15.04,52.2,15255.0
2026-01-19,DS1054,Pune,Tier 1,control,198,191,4,3,17.11,35.0,43186.0
2026-01-19,DS1055,Delhi NCR,Tier 1,treated,171,163,8,0,14.68,62.2,29352.0
2026-01-19,DS1056,Delhi NCR,Tier 1,treated,190,182,7,1,17.37,35.0,37221.0
2026-01-19,DS1057,Delhi NCR,Tier 1,treated,149,145,2,2,18.59,35.0,33176.0
2026-01-19,DS1058,Chennai,Tier 1,control,178,172,6,0,15.43,45.8,38888.0
2026-01-19,DS1059,Mumbai,Tier 1,treated,169,161,4,4,15.12,56.1,44345.0
2026-01-20,DS1000,Pune,Tier 1,control,212,199,9,4,17.15,35.0,40520.0
2026-01-20,DS1001,Bengaluru,Tier 1,treated,189,180,8,1,21.09,35.0,42380.0
2026-01-20,DS1002,Mumbai,Tier 1,treated,165,157,8,0,15.43,43.2,42183.0
2026-01-20,DS1003,Lucknow,Tier 2,control,101,94,4,3,14.76,44.9,19068.0
2026-01-20,DS1004,Pune,Tier 1,control,135,131,3,1,15.44,38.8,29746.0
2026-01-20,DS1005,Pune,Tier 1,control,152,146,4,2,16.01,45.9,36111.0
2026-01-20,DS1006,Pune,Tier 1,control,206,199,4,3,14.89,54.3,42440.0
2026-01-20,DS1007,Mumbai,Tier 1,treated,151,144,4,3,14.78,52.6,32447.0
2026-01-20,DS1008,Chennai,Tier 1,control,177,171,6,0,18.77,35.0,40922.0
2026-01-20,DS1009,Hyderabad,Tier 1,control,202,197,3,2,14.06,59.6,40631.0
2026-01-20,DS1010,Lucknow,Tier 2,control,45,44,0,1,18.6,35.0,8244.0
2026-01-20,DS1011,Pune,Tier 1,control,160,152,7,1,19.71,35.0,34733.0
2026-01-20,DS1012,Bengaluru,Tier 1,treated,179,165,11,3,15.5,46.2,31193.0
2026-01-20,DS1013,Pune,Tier 1,control,197,191,4,2,16.88,35.0,51315.0
2026-01-20,DS1014,Hyderabad,Tier 1,control,166,158,4,4,19.95,35.0,42352.0
2026-01-20,DS1015,Jaipur,Tier 2,control,118,117,1,0,15.3,44.6,19669.0
2026-01-20,DS1016,Mumbai,Tier 1,treated,179,168,5,6,18.24,35.0,45777.0
2026-01-20,DS1017,Chennai,Tier 1,control,113,108,4,1,11.93,84.2,22855.0
2026-01-20,DS1018,Bhopal,Tier 2,control,73,71,2,0,15.76,37.9,15896.0
2026-01-20,DS1019,Hyderabad,Tier 1,control,186,177,8,1,18.6,35.0,43270.0
2026-01-20,DS1020,Jaipur,Tier 2,control,93,87,6,0,20.08,35.0,19190.0
2026-01-20,DS1021,Bengaluru,Tier 1,treated,122,117,3,2,14.55,55.6,23770.0
2026-01-20,DS1022,Lucknow,Tier 2,control,147,138,6,3,14.27,55.5,37736.0
2026-01-20,DS1023,Mumbai,Tier 1,treated,182,165,15,2,16.52,35.0,38710.0
2026-01-20,DS1024,Mumbai,Tier 1,treated,179,175,3,1,15.76,42.3,41686.0
2026-01-20,DS1025,Jaipur,Tier 2,control,104,100,3,1,16.38,35.0,11121.0
2026-01-20,DS1026,Delhi NCR,Tier 1,treated,147,143,4,0,16.22,35.0,44771.0
2026-01-20,DS1027,Mumbai,Tier 1,treated,138,132,5,1,16.91,35.0,31202.0
2026-01-20,DS1028,Bhopal,Tier 2,control,145,136,5,4,14.21,56.4,27487.0
2026-01-20,DS1029,Jaipur,Tier 2,control,100,92,6,2,16.9,35.0,17523.0
2026-01-20,DS1030,Pune,Tier 1,control,225,215,10,0,14.72,58.5,54817.0
2026-01-20,DS1031,Mumbai,Tier 1,treated,132,127,4,1,15.04,55.2,30208.0
2026-01-20,DS1032,Chennai,Tier 1,control,157,150,4,3,18.17,35.0,29341.0
2026-01-20,DS1033,Jaipur,Tier 2,control,77,70,6,1,19.47,35.0,15609.0
2026-01-20,DS1034,Mumbai,Tier 1,treated,159,148,9,2,17.35,35.0,31473.0
2026-01-20,DS1035,Pune,Tier 1,control,213,203,8,2,16.51,35.0,38511.0
2026-01-20,DS1036,Lucknow,Tier 2,control,64,58,4,2,14.22,65.0,11415.0
2026-01-20,DS1037,Lucknow,Tier 2,control,112,108,3,1,17.49,35.0,21231.0
2026-01-20,DS1038,Delhi NCR,Tier 1,treated,165,153,8,4,13.53,72.7,41687.0
2026-01-20,DS1039,Lucknow,Tier 2,control,78,77,1,0,16.58,35.0,16908.0
2026-01-20,DS1040,Hyderabad,Tier 1,control,164,155,7,2,16.74,35.0,34499.0
2026-01-20,DS1041,Lucknow,Tier 2,control,90,87,2,1,15.9,42.1,18794.0
2026-01-20,DS1042,Jaipur,Tier 2,control,80,77,2,1,15.14,45.5,13683.0
2026-01-20,DS1043,Indore,Tier 2,control,87,86,0,1,13.17,78.6,13071.0
2026-01-20,DS1044,Bengaluru,Tier 1,treated,141,134,7,0,15.48,39.4,26572.0
2026-01-20,DS1045,Delhi NCR,Tier 1,treated,158,149,9,0,12.09,73.7,36475.0
2026-01-20,DS1046,Bengaluru,Tier 1,treated,137,129,7,1,17.32,35.0,24740.0
2026-01-20,DS1047,Bengaluru,Tier 1,treated,137,131,5,1,20.38,35.0,30669.0
2026-01-20,DS1048,Mumbai,Tier 1,treated,153,141,8,4,14.24,64.3,31500.0
2026-01-20,DS1049,Jaipur,Tier 2,control,93,88,4,1,13.84,63.6,20217.0
2026-01-20,DS1050,Chennai,Tier 1,control,132,123,6,3,13.99,67.5,30001.0
2026-01-20,DS1051,Chennai,Tier 1,control,173,165,6,2,15.58,42.5,36160.0
2026-01-20,DS1052,Jaipur,Tier 2,control,76,72,4,0,15.79,47.6,14695.0
2026-01-20,DS1053,Bhopal,Tier 2,control,77,76,0,1,14.3,57.1,15881.0
2026-01-20,DS1054,Pune,Tier 1,control,222,211,6,5,14.1,63.7,56623.0
2026-01-20,DS1055,Delhi NCR,Tier 1,treated,162,157,5,0,14.33,51.7,33823.0
2026-01-20,DS1056,Delhi NCR,Tier 1,treated,220,211,6,3,17.36,35.0,45629.0
2026-01-20,DS1057,Delhi NCR,Tier 1,treated,163,157,5,1,17.83,35.0,33163.0
2026-01-20,DS1058,Chennai,Tier 1,control,171,166,1,4,17.3,35.0,42348.0
2026-01-20,DS1059,Mumbai,Tier 1,treated,157,150,6,1,15.52,47.7,37164.0
2026-01-21,DS1000,Pune,Tier 1,control,196,186,7,3,17.18,35.0,43510.0
2026-01-21,DS1001,Bengaluru,Tier 1,treated,162,157,5,0,19.7,35.0,37939.0
2026-01-21,DS1002,Mumbai,Tier 1,treated,155,148,5,2,16.71,35.1,26420.0
2026-01-21,DS1003,Lucknow,Tier 2,control,102,101,1,0,15.48,40.2,19639.0
2026-01-21,DS1004,Pune,Tier 1,control,125,115,7,3,13.93,65.7,27046.0
2026-01-21,DS1005,Pune,Tier 1,control,116,109,6,1,16.69,37.4,23791.0
2026-01-21,DS1006,Pune,Tier 1,control,182,176,5,1,14.51,55.0,40345.0
2026-01-21,DS1007,Mumbai,Tier 1,treated,157,149,7,1,13.23,69.4,41753.0
2026-01-21,DS1008,Chennai,Tier 1,control,180,171,8,1,17.5,35.0,46731.0
2026-01-21,DS1009,Hyderabad,Tier 1,control,198,194,3,1,14.21,60.9,41109.0
2026-01-21,DS1010,Lucknow,Tier 2,control,55,51,3,1,17.83,35.0,7326.0
2026-01-21,DS1011,Pune,Tier 1,control,143,137,3,3,18.94,35.0,33952.0
2026-01-21,DS1012,Bengaluru,Tier 1,treated,201,191,8,2,17.94,35.0,50982.0
2026-01-21,DS1013,Pune,Tier 1,control,196,186,7,3,18.34,35.0,45544.0
2026-01-21,DS1014,Hyderabad,Tier 1,control,181,175,5,1,19.59,35.0,35042.0
2026-01-21,DS1015,Jaipur,Tier 2,control,125,119,3,3,16.4,35.0,25094.0
2026-01-21,DS1016,Mumbai,Tier 1,treated,166,157,6,3,15.39,43.9,37762.0
2026-01-21,DS1017,Chennai,Tier 1,control,139,134,4,1,13.64,60.8,34041.0
2026-01-21,DS1018,Bhopal,Tier 2,control,82,80,2,0,16.18,40.6,18146.0
2026-01-21,DS1019,Hyderabad,Tier 1,control,179,169,7,3,19.07,35.0,49550.0
2026-01-21,DS1020,Jaipur,Tier 2,control,120,110,7,3,18.43,35.0,27007.0
2026-01-21,DS1021,Bengaluru,Tier 1,treated,124,117,4,3,14.91,53.5,29925.0
2026-01-21,DS1022,Lucknow,Tier 2,control,121,116,4,1,14.69,49.3,26398.0
2026-01-21,DS1023,Mumbai,Tier 1,treated,195,186,8,1,15.01,48.5,39024.0
2026-01-21,DS1024,Mumbai,Tier 1,treated,218,211,5,2,17.53,35.0,43575.0
2026-01-21,DS1025,Jaipur,Tier 2,control,87,82,4,1,16.4,35.0,21144.0
2026-01-21,DS1026,Delhi NCR,Tier 1,treated,141,138,1,2,16.08,40.8,39660.0
2026-01-21,DS1027,Mumbai,Tier 1,treated,138,132,4,2,16.33,41.1,33369.0
2026-01-21,DS1028,Bhopal,Tier 2,control,142,132,9,1,14.83,50.8,30249.0
2026-01-21,DS1029,Jaipur,Tier 2,control,80,77,3,0,15.73,38.3,17088.0
2026-01-21,DS1030,Pune,Tier 1,control,206,194,7,5,16.73,42.1,53582.0
2026-01-21,DS1031,Mumbai,Tier 1,treated,140,131,6,3,15.57,44.7,31587.0
2026-01-21,DS1032,Chennai,Tier 1,control,170,166,3,1,16.71,35.0,32453.0
2026-01-21,DS1033,Jaipur,Tier 2,control,78,75,2,1,20.81,35.0,13689.0
2026-01-21,DS1034,Mumbai,Tier 1,treated,167,158,9,0,16.9,35.0,40730.0
2026-01-21,DS1035,Pune,Tier 1,control,204,190,8,6,15.77,48.8,41023.0
2026-01-21,DS1036,Lucknow,Tier 2,control,69,67,1,1,14.1,62.0,13402.0
2026-01-21,DS1037,Lucknow,Tier 2,control,106,102,3,1,17.63,35.0,17142.0
2026-01-21,DS1038,Delhi NCR,Tier 1,treated,194,180,10,4,13.58,69.7,39293.0
2026-01-21,DS1039,Lucknow,Tier 2,control,96,95,0,1,14.28,53.8,16264.0
2026-01-21,DS1040,Hyderabad,Tier 1,control,152,142,8,2,20.12,35.0,37597.0
2026-01-21,DS1041,Lucknow,Tier 2,control,101,96,4,1,16.58,35.0,23847.0
2026-01-21,DS1042,Jaipur,Tier 2,control,96,89,4,3,14.96,53.7,16550.0
2026-01-21,DS1043,Indore,Tier 2,control,98,91,5,2,13.73,75.2,19313.0
2026-01-21,DS1044,Bengaluru,Tier 1,treated,146,140,5,1,14.0,62.7,25295.0
2026-01-21,DS1045,Delhi NCR,Tier 1,treated,177,166,9,2,15.69,37.4,47173.0
2026-01-21,DS1046,Bengaluru,Tier 1,treated,121,117,2,2,16.57,36.0,34021.0
2026-01-21,DS1047,Bengaluru,Tier 1,treated,135,129,6,0,20.79,35.0,25073.0
2026-01-21,DS1048,Mumbai,Tier 1,treated,157,152,2,3,16.63,35.0,36765.0
2026-01-21,DS1049,Jaipur,Tier 2,control,109,106,3,0,14.7,57.0,20401.0
2026-01-21,DS1050,Chennai,Tier 1,control,108,103,2,3,14.17,60.7,24721.0
2026-01-21,DS1051,Chennai,Tier 1,control,183,175,6,2,15.98,35.0,41216.0
2026-01-21,DS1052,Jaipur,Tier 2,control,94,91,3,0,15.49,41.9,18567.0
2026-01-21,DS1053,Bhopal,Tier 2,control,74,68,2,4,13.56,70.7,12755.0
2026-01-21,DS1054,Pune,Tier 1,control,187,181,5,1,15.8,40.2,45761.0
2026-01-21,DS1055,Delhi NCR,Tier 1,treated,142,133,8,1,14.15,52.3,30439.0
2026-01-21,DS1056,Delhi NCR,Tier 1,treated,233,222,11,0,17.87,35.0,55183.0
2026-01-21,DS1057,Delhi NCR,Tier 1,treated,137,131,4,2,17.16,35.0,35170.0
2026-01-21,DS1058,Chennai,Tier 1,control,194,187,5,2,16.84,35.0,51907.0
2026-01-21,DS1059,Mumbai,Tier 1,treated,153,144,6,3,15.89,35.0,37661.0
2026-01-22,DS1000,Pune,Tier 1,control,176,171,4,1,18.08,35.0,37163.0
2026-01-22,DS1001,Bengaluru,Tier 1,treated,174,165,4,5,20.17,35.0,41243.0
2026-01-22,DS1002,Mumbai,Tier 1,treated,161,157,4,0,16.26,37.5,40353.0
2026-01-22,DS1003,Lucknow,Tier 2,control,78,77,1,0,14.56,56.4,15267.0
2026-01-22,DS1004,Pune,Tier 1,control,133,129,4,0,15.79,44.9,35447.0
2026-01-22,DS1005,Pune,Tier 1,control,130,129,1,0,18.42,35.0,31690.0
2026-01-22,DS1006,Pune,Tier 1,control,200,189,6,5,14.34,56.1,46767.0
2026-01-22,DS1007,Mumbai,Tier 1,treated,164,157,6,1,13.66,73.9,30868.0
2026-01-22,DS1008,Chennai,Tier 1,control,202,192,7,3,19.16,35.0,41277.0
2026-01-22,DS1009,Hyderabad,Tier 1,control,221,210,8,3,15.19,48.4,57532.0
2026-01-22,DS1010,Lucknow,Tier 2,control,64,61,1,2,19.73,35.0,13579.0
2026-01-22,DS1011,Pune,Tier 1,control,135,127,6,2,17.22,35.0,30337.0
2026-01-22,DS1012,Bengaluru,Tier 1,treated,195,186,5,4,16.61,35.0,46019.0
2026-01-22,DS1013,Pune,Tier 1,control,165,156,8,1,19.43,35.0,33311.0
2026-01-22,DS1014,Hyderabad,Tier 1,control,155,151,3,1,20.49,35.0,29824.0
2026-01-22,DS1015,Jaipur,Tier 2,control,121,112,8,1,14.6,55.6,26679.0
2026-01-22,DS1016,Mumbai,Tier 1,treated,177,172,3,2,14.94,58.8,41382.0
2026-01-22,DS1017,Chennai,Tier 1,control,137,133,2,2,15.21,42.9,36204.0
2026-01-22,DS1018,Bhopal,Tier 2,control,82,80,2,0,16.15,35.0,13811.0
2026-01-22,DS1019,Hyderabad,Tier 1,control,168,162,6,0,19.71,35.0,36032.0
2026-01-22,DS1020,Jaipur,Tier 2,control,107,97,9,1,17.11,35.0,25228.0
2026-01-22,DS1021,Bengaluru,Tier 1,treated,103,98,3,2,14.18,59.2,21773.0
2026-01-22,DS1022,Lucknow,Tier 2,control,141,130,9,2,15.12,52.1,30238.0
2026-01-22,DS1023,Mumbai,Tier 1,treated,179,167,11,1,16.09,35.0,39038.0
2026-01-22,DS1024,Mumbai,Tier 1,treated,217,213,2,2,18.09,35.0,53625.0
2026-01-22,DS1025,Jaipur,Tier 2,control,96,90,5,1,14.35,56.9,15674.0
2026-01-22,DS1026,Delhi NCR,Tier 1,treated,160,152,4,4,17.01,35.0,37884.0
2026-01-22,DS1027,Mumbai,Tier 1,treated,148,143,3,2,17.41,35.0,32516.0
2026-01-22,DS1028,Bhopal,Tier 2,control,146,143,3,0,15.27,49.9,28129.0
2026-01-22,DS1029,Jaipur,Tier 2,control,87,81,4,2,16.55,38.6,17946.0
2026-01-22,DS1030,Pune,Tier 1,control,210,196,10,4,15.74,48.8,38454.0
2026-01-22,DS1031,Mumbai,Tier 1,treated,154,151,3,0,16.15,35.0,35502.0
2026-01-22,DS1032,Chennai,Tier 1,control,185,179,2,4,15.52,42.7,45436.0
2026-01-22,DS1033,Jaipur,Tier 2,control,75,70,3,2,18.81,35.0,16545.0
2026-01-22,DS1034,Mumbai,Tier 1,treated,166,159,6,1,16.23,40.5,39260.0
2026-01-22,DS1035,Pune,Tier 1,control,212,208,3,1,17.03,35.0,50246.0
2026-01-22,DS1036,Lucknow,Tier 2,control,74,70,2,2,13.26,70.9,13164.0
2026-01-22,DS1037,Lucknow,Tier 2,control,125,122,1,2,16.79,35.3,22670.0
2026-01-22,DS1038,Delhi NCR,Tier 1,treated,200,194,5,1,13.9,59.1,39935.0
2026-01-22,DS1039,Lucknow,Tier 2,control,92,88,2,2,14.11,70.1,22108.0
2026-01-22,DS1040,Hyderabad,Tier 1,control,182,179,3,0,17.65,35.0,34320.0
2026-01-22,DS1041,Lucknow,Tier 2,control,92,86,5,1,16.35,35.0,18024.0
2026-01-22,DS1042,Jaipur,Tier 2,control,94,87,5,2,16.99,35.0,18626.0
2026-01-22,DS1043,Indore,Tier 2,control,97,90,6,1,14.86,61.0,20461.0
2026-01-22,DS1044,Bengaluru,Tier 1,treated,129,123,4,2,16.59,35.0,28799.0
2026-01-22,DS1045,Delhi NCR,Tier 1,treated,176,166,8,2,15.48,40.5,46445.0
2026-01-22,DS1046,Bengaluru,Tier 1,treated,136,131,5,0,19.34,35.0,27770.0
2026-01-22,DS1047,Bengaluru,Tier 1,treated,150,145,3,2,19.31,35.0,29815.0
2026-01-22,DS1048,Mumbai,Tier 1,treated,201,190,8,3,16.87,35.0,57524.0
2026-01-22,DS1049,Jaipur,Tier 2,control,106,104,1,1,15.58,36.7,23289.0
2026-01-22,DS1050,Chennai,Tier 1,control,124,122,2,0,15.09,47.5,28880.0
2026-01-22,DS1051,Chennai,Tier 1,control,165,160,3,2,15.46,37.6,42102.0
2026-01-22,DS1052,Jaipur,Tier 2,control,88,84,2,2,15.72,35.0,16414.0
2026-01-22,DS1053,Bhopal,Tier 2,control,84,79,5,0,14.67,57.2,14632.0
2026-01-22,DS1054,Pune,Tier 1,control,197,188,9,0,14.73,56.7,59046.0
2026-01-22,DS1055,Delhi NCR,Tier 1,treated,155,153,1,1,15.44,42.7,35509.0
2026-01-22,DS1056,Delhi NCR,Tier 1,treated,212,202,6,4,17.08,35.0,50357.0
2026-01-22,DS1057,Delhi NCR,Tier 1,treated,151,142,5,4,18.1,35.0,29872.0
2026-01-22,DS1058,Chennai,Tier 1,control,195,184,7,4,19.45,35.0,49133.0
2026-01-22,DS1059,Mumbai,Tier 1,treated,166,158,6,2,17.36,35.0,37879.0
2026-01-23,DS1000,Pune,Tier 1,control,224,212,10,2,14.51,58.5,54577.0
2026-01-23,DS1001,Bengaluru,Tier 1,treated,175,166,6,3,20.2,35.0,40919.0
2026-01-23,DS1002,Mumbai,Tier 1,treated,182,174,5,3,15.02,56.0,43584.0
2026-01-23,DS1003,Lucknow,Tier 2,control,118,112,4,2,16.12,35.0,23741.0
2026-01-23,DS1004,Pune,Tier 1,control,171,161,8,2,14.35,53.8,42908.0
2026-01-23,DS1005,Pune,Tier 1,control,156,148,6,2,17.6,35.0,41721.0
2026-01-23,DS1006,Pune,Tier 1,control,239,225,10,4,15.03,53.0,56187.0
2026-01-23,DS1007,Mumbai,Tier 1,treated,190,184,4,2,12.41,68.1,43751.0
2026-01-23,DS1008,Chennai,Tier 1,control,218,209,6,3,17.45,35.0,38397.0
2026-01-23,DS1009,Hyderabad,Tier 1,control,234,223,9,2,15.3,53.3,49380.0
2026-01-23,DS1010,Lucknow,Tier 2,control,96,94,1,1,18.02,35.0,25167.0
2026-01-23,DS1011,Pune,Tier 1,control,184,174,8,2,19.36,35.0,39359.0
2026-01-23,DS1012,Bengaluru,Tier 1,treated,216,211,5,0,17.29,35.0,46765.0
2026-01-23,DS1013,Pune,Tier 1,control,191,187,4,0,17.68,35.0,48525.0
2026-01-23,DS1014,Hyderabad,Tier 1,control,174,161,5,8,19.59,35.0,40038.0
2026-01-23,DS1015,Jaipur,Tier 2,control,129,124,4,1,16.11,41.6,33839.0
2026-01-23,DS1016,Mumbai,Tier 1,treated,202,192,7,3,15.51,41.6,48943.0
2026-01-23,DS1017,Chennai,Tier 1,control,166,156,4,6,13.4,73.0,34457.0
2026-01-23,DS1018,Bhopal,Tier 2,control,98,95,3,0,15.35,50.2,18333.0
2026-01-23,DS1019,Hyderabad,Tier 1,control,208,199,5,4,18.24,35.0,43142.0
2026-01-23,DS1020,Jaipur,Tier 2,control,157,150,4,3,18.45,35.0,29386.0
2026-01-23,DS1021,Bengaluru,Tier 1,treated,127,119,6,2,14.23,66.4,25030.0
2026-01-23,DS1022,Lucknow,Tier 2,control,137,124,10,3,14.54,50.7,24599.0
2026-01-23,DS1023,Mumbai,Tier 1,treated,217,210,6,1,15.28,42.4,50852.0
2026-01-23,DS1024,Mumbai,Tier 1,treated,215,202,8,5,16.31,35.0,51213.0
2026-01-23,DS1025,Jaipur,Tier 2,control,115,108,4,3,16.15,42.0,21152.0
2026-01-23,DS1026,Delhi NCR,Tier 1,treated,221,215,5,1,16.85,35.0,59062.0
2026-01-23,DS1027,Mumbai,Tier 1,treated,170,159,9,2,16.15,35.0,41322.0
2026-01-23,DS1028,Bhopal,Tier 2,control,187,181,5,1,16.44,38.7,36284.0
2026-01-23,DS1029,Jaipur,Tier 2,control,103,98,5,0,15.08,51.3,22146.0
2026-01-23,DS1030,Pune,Tier 1,control,223,214,7,2,15.14,42.8,41183.0
2026-01-23,DS1031,Mumbai,Tier 1,treated,165,156,7,2,15.55,43.5,39711.0
2026-01-23,DS1032,Chennai,Tier 1,control,244,238,4,2,16.82,35.0,56894.0
2026-01-23,DS1033,Jaipur,Tier 2,control,73,70,2,1,18.03,35.0,16108.0
2026-01-23,DS1034,Mumbai,Tier 1,treated,170,157,8,5,15.98,43.6,34731.0
2026-01-23,DS1035,Pune,Tier 1,control,204,191,8,5,16.21,36.0,46299.0
2026-01-23,DS1036,Lucknow,Tier 2,control,75,70,4,1,12.71,71.6,16564.0
2026-01-23,DS1037,Lucknow,Tier 2,control,155,151,4,0,15.87,41.6,36482.0
2026-01-23,DS1038,Delhi NCR,Tier 1,treated,200,197,1,2,11.35,84.6,50143.0
2026-01-23,DS1039,Lucknow,Tier 2,control,96,92,3,1,13.03,76.3,19948.0
2026-01-23,DS1040,Hyderabad,Tier 1,control,191,174,15,2,17.26,35.0,48625.0
2026-01-23,DS1041,Lucknow,Tier 2,control,108,104,2,2,16.26,36.0,20373.0
2026-01-23,DS1042,Jaipur,Tier 2,control,113,103,8,2,15.31,46.8,22278.0
2026-01-23,DS1043,Indore,Tier 2,control,103,99,3,1,12.94,74.5,16237.0
2026-01-23,DS1044,Bengaluru,Tier 1,treated,152,144,6,2,16.21,35.4,37081.0
2026-01-23,DS1045,Delhi NCR,Tier 1,treated,204,194,8,2,16.76,35.0,53423.0
2026-01-23,DS1046,Bengaluru,Tier 1,treated,150,145,5,0,18.88,35.0,34714.0
2026-01-23,DS1047,Bengaluru,Tier 1,treated,163,153,9,1,21.21,35.0,36376.0
2026-01-23,DS1048,Mumbai,Tier 1,treated,207,192,15,0,16.81,35.0,44062.0
2026-01-23,DS1049,Jaipur,Tier 2,control,131,128,1,2,14.4,54.4,26068.0
2026-01-23,DS1050,Chennai,Tier 1,control,131,128,1,2,14.2,64.6,32057.0
2026-01-23,DS1051,Chennai,Tier 1,control,214,207,5,2,16.29,35.0,52406.0
2026-01-23,DS1052,Jaipur,Tier 2,control,101,98,2,1,15.16,55.2,20033.0
2026-01-23,DS1053,Bhopal,Tier 2,control,111,107,4,0,14.41,54.0,19105.0
2026-01-23,DS1054,Pune,Tier 1,control,238,230,5,3,16.07,40.4,67811.0
2026-01-23,DS1055,Delhi NCR,Tier 1,treated,170,164,5,1,14.92,45.7,42947.0
2026-01-23,DS1056,Delhi NCR,Tier 1,treated,282,271,6,5,19.15,35.0,62389.0
2026-01-23,DS1057,Delhi NCR,Tier 1,treated,164,158,6,0,18.02,35.0,42128.0
2026-01-23,DS1058,Chennai,Tier 1,control,219,216,2,1,17.32,35.0,48433.0
2026-01-23,DS1059,Mumbai,Tier 1,treated,186,178,8,0,16.2,35.0,31363.0
2026-01-24,DS1000,Pune,Tier 1,control,202,192,6,4,18.16,35.0,52385.0
2026-01-24,DS1001,Bengaluru,Tier 1,treated,200,188,8,4,20.44,35.0,36072.0
2026-01-24,DS1002,Mumbai,Tier 1,treated,186,182,3,1,16.56,39.8,35756.0
2026-01-24,DS1003,Lucknow,Tier 2,control,117,115,1,1,16.18,40.6,27939.0
2026-01-24,DS1004,Pune,Tier 1,control,152,147,4,1,15.83,40.8,42646.0
2026-01-24,DS1005,Pune,Tier 1,control,150,142,4,4,17.12,35.0,30900.0
2026-01-24,DS1006,Pune,Tier 1,control,246,235,10,1,13.63,67.9,61549.0
2026-01-24,DS1007,Mumbai,Tier 1,treated,173,164,8,1,17.79,35.0,37410.0
2026-01-24,DS1008,Chennai,Tier 1,control,205,194,7,4,19.71,35.0,48591.0
2026-01-24,DS1009,Hyderabad,Tier 1,control,252,242,6,4,15.33,52.1,57570.0
2026-01-24,DS1010,Lucknow,Tier 2,control,78,76,1,1,17.86,35.0,16429.0
2026-01-24,DS1011,Pune,Tier 1,control,188,178,8,2,19.2,35.0,43956.0
2026-01-24,DS1012,Bengaluru,Tier 1,treated,191,177,11,3,16.77,35.0,41124.0
2026-01-24,DS1013,Pune,Tier 1,control,236,229,5,2,16.94,35.0,56024.0
2026-01-24,DS1014,Hyderabad,Tier 1,control,223,214,8,1,20.74,35.0,53656.0
2026-01-24,DS1015,Jaipur,Tier 2,control,128,127,1,0,14.59,55.2,27177.0
2026-01-24,DS1016,Mumbai,Tier 1,treated,225,215,6,4,15.45,47.1,44741.0
2026-01-24,DS1017,Chennai,Tier 1,control,167,160,5,2,17.64,35.0,42401.0
2026-01-24,DS1018,Bhopal,Tier 2,control,103,97,4,2,15.53,46.7,15617.0
2026-01-24,DS1019,Hyderabad,Tier 1,control,245,231,8,6,18.19,35.0,50673.0
2026-01-24,DS1020,Jaipur,Tier 2,control,131,129,2,0,17.63,35.0,27096.0
2026-01-24,DS1021,Bengaluru,Tier 1,treated,130,121,7,2,14.53,58.2,27229.0
2026-01-24,DS1022,Lucknow,Tier 2,control,152,142,9,1,14.27,57.5,28131.0
2026-01-24,DS1023,Mumbai,Tier 1,treated,220,213,6,1,15.09,48.5,66424.0
2026-01-24,DS1024,Mumbai,Tier 1,treated,252,241,8,3,17.68,35.0,52612.0
2026-01-24,DS1025,Jaipur,Tier 2,control,99,98,1,0,17.07,35.0,23195.0
2026-01-24,DS1026,Delhi NCR,Tier 1,treated,190,185,4,1,16.65,35.0,41108.0
2026-01-24,DS1027,Mumbai,Tier 1,treated,159,154,3,2,16.24,41.4,29574.0
2026-01-24,DS1028,Bhopal,Tier 2,control,168,153,11,4,16.15,42.3,38767.0
2026-01-24,DS1029,Jaipur,Tier 2,control,113,107,2,4,14.65,61.7,21465.0
2026-01-24,DS1030,Pune,Tier 1,control,251,241,6,4,17.76,35.0,56575.0
2026-01-24,DS1031,Mumbai,Tier 1,treated,174,167,5,2,16.41,35.0,45347.0
2026-01-24,DS1032,Chennai,Tier 1,control,212,207,4,1,18.26,35.0,40927.0
2026-01-24,DS1033,Jaipur,Tier 2,control,79,76,2,1,19.01,35.0,15286.0
2026-01-24,DS1034,Mumbai,Tier 1,treated,156,147,7,2,16.49,38.8,37069.0
2026-01-24,DS1035,Pune,Tier 1,control,278,268,5,5,14.52,58.9,61774.0
2026-01-24,DS1036,Lucknow,Tier 2,control,86,81,5,0,13.44,66.8,20005.0
2026-01-24,DS1037,Lucknow,Tier 2,control,132,128,3,1,17.95,35.0,22562.0
2026-01-24,DS1038,Delhi NCR,Tier 1,treated,211,204,5,2,12.1,80.9,38351.0
2026-01-24,DS1039,Lucknow,Tier 2,control,100,97,3,0,14.86,55.1,19654.0
2026-01-24,DS1040,Hyderabad,Tier 1,control,165,157,7,1,15.98,45.1,42023.0
2026-01-24,DS1041,Lucknow,Tier 2,control,95,92,1,2,16.9,35.0,13573.0
2026-01-24,DS1042,Jaipur,Tier 2,control,133,127,5,1,15.69,38.2,30548.0
2026-01-24,DS1043,Indore,Tier 2,control,112,103,8,1,12.75,85.0,20765.0
2026-01-24,DS1044,Bengaluru,Tier 1,treated,177,170,7,0,15.36,45.8,40588.0
2026-01-24,DS1045,Delhi NCR,Tier 1,treated,211,202,9,0,14.84,57.1,50079.0
2026-01-24,DS1046,Bengaluru,Tier 1,treated,170,164,3,3,18.49,35.0,38893.0
2026-01-24,DS1047,Bengaluru,Tier 1,treated,133,123,8,2,19.59,35.0,31079.0
2026-01-24,DS1048,Mumbai,Tier 1,treated,215,200,12,3,16.47,35.0,48632.0
2026-01-24,DS1049,Jaipur,Tier 2,control,145,140,3,2,14.36,61.8,29756.0
2026-01-24,DS1050,Chennai,Tier 1,control,171,161,8,2,13.5,64.7,39069.0
2026-01-24,DS1051,Chennai,Tier 1,control,212,205,6,1,15.82,41.5,47156.0
2026-01-24,DS1052,Jaipur,Tier 2,control,85,78,4,3,16.84,35.0,15158.0
2026-01-24,DS1053,Bhopal,Tier 2,control,87,81,5,1,12.97,71.0,14469.0
2026-01-24,DS1054,Pune,Tier 1,control,235,223,6,6,16.2,36.6,55940.0
2026-01-24,DS1055,Delhi NCR,Tier 1,treated,206,197,8,1,14.54,54.2,45114.0
2026-01-24,DS1056,Delhi NCR,Tier 1,treated,268,254,13,1,18.11,35.0,61009.0
2026-01-24,DS1057,Delhi NCR,Tier 1,treated,190,182,6,2,18.37,35.0,43924.0
2026-01-24,DS1058,Chennai,Tier 1,control,208,199,7,2,19.4,35.0,50250.0
2026-01-24,DS1059,Mumbai,Tier 1,treated,180,167,10,3,16.39,35.0,40148.0
2026-01-25,DS1000,Pune,Tier 1,control,166,158,6,2,17.53,35.0,36404.0
2026-01-25,DS1001,Bengaluru,Tier 1,treated,170,167,2,1,19.88,35.0,36199.0
2026-01-25,DS1002,Mumbai,Tier 1,treated,168,162,2,4,15.7,47.4,33253.0
2026-01-25,DS1003,Lucknow,Tier 2,control,98,95,2,1,16.27,35.0,24009.0
2026-01-25,DS1004,Pune,Tier 1,control,133,128,4,1,13.18,72.1,28904.0
2026-01-25,DS1005,Pune,Tier 1,control,134,128,4,2,17.64,35.0,29400.0
2026-01-25,DS1006,Pune,Tier 1,control,186,179,5,2,14.43,52.0,42741.0
2026-01-25,DS1007,Mumbai,Tier 1,treated,154,148,5,1,13.23,67.2,36215.0
2026-01-25,DS1008,Chennai,Tier 1,control,202,194,7,1,17.88,35.0,45079.0
2026-01-25,DS1009,Hyderabad,Tier 1,control,189,186,1,2,16.18,35.0,43990.0
2026-01-25,DS1010,Lucknow,Tier 2,control,70,69,1,0,17.04,35.0,14485.0
2026-01-25,DS1011,Pune,Tier 1,control,157,146,9,2,18.57,35.0,34014.0
2026-01-25,DS1012,Bengaluru,Tier 1,treated,188,179,8,1,15.98,45.3,40482.0
2026-01-25,DS1013,Pune,Tier 1,control,176,166,8,2,16.5,37.2,39971.0
2026-01-25,DS1014,Hyderabad,Tier 1,control,171,164,4,3,20.13,35.0,39926.0
2026-01-25,DS1015,Jaipur,Tier 2,control,115,111,4,0,16.82,35.0,18815.0
2026-01-25,DS1016,Mumbai,Tier 1,treated,200,192,8,0,14.49,59.6,55624.0
2026-01-25,DS1017,Chennai,Tier 1,control,125,117,6,2,14.43,56.7,25681.0
2026-01-25,DS1018,Bhopal,Tier 2,control,75,73,2,0,16.4,35.0,16933.0
2026-01-25,DS1019,Hyderabad,Tier 1,control,198,194,4,0,19.61,35.0,45318.0
2026-01-25,DS1020,Jaipur,Tier 2,control,100,92,4,4,18.63,35.0,17916.0
2026-01-25,DS1021,Bengaluru,Tier 1,treated,108,103,4,1,14.82,50.3,24263.0
2026-01-25,DS1022,Lucknow,Tier 2,control,128,121,5,2,14.88,52.1,28766.0
2026-01-25,DS1023,Mumbai,Tier 1,treated,195,186,7,2,16.84,35.0,38556.0
2026-01-25,DS1024,Mumbai,Tier 1,treated,197,187,7,3,16.89,35.0,46365.0
2026-01-25,DS1025,Jaipur,Tier 2,control,85,81,3,1,16.21,35.0,15364.0
2026-01-25,DS1026,Delhi NCR,Tier 1,treated,168,159,7,2,16.82,35.0,41657.0
2026-01-25,DS1027,Mumbai,Tier 1,treated,129,117,9,3,17.82,35.0,32220.0
2026-01-25,DS1028,Bhopal,Tier 2,control,159,152,5,2,14.79,51.3,37599.0
2026-01-25,DS1029,Jaipur,Tier 2,control,98,93,4,1,16.65,35.0,20413.0
2026-01-25,DS1030,Pune,Tier 1,control,230,218,11,1,17.11,35.0,57517.0
2026-01-25,DS1031,Mumbai,Tier 1,treated,173,163,7,3,14.34,58.3,41667.0
2026-01-25,DS1032,Chennai,Tier 1,control,166,160,5,1,16.55,39.2,33967.0
2026-01-25,DS1033,Jaipur,Tier 2,control,71,66,3,2,20.82,35.0,11246.0
2026-01-25,DS1034,Mumbai,Tier 1,treated,170,162,5,3,17.59,35.0,30735.0
2026-01-25,DS1035,Pune,Tier 1,control,198,185,10,3,17.26,35.0,48627.0
2026-01-25,DS1036,Lucknow,Tier 2,control,62,59,2,1,12.92,66.1,12077.0
2026-01-25,DS1037,Lucknow,Tier 2,control,134,127,5,2,16.38,35.0,22134.0
2026-01-25,DS1038,Delhi NCR,Tier 1,treated,187,177,8,2,13.71,66.8,33685.0
2026-01-25,DS1039,Lucknow,Tier 2,control,76,72,4,0,13.78,62.7,13691.0
2026-01-25,DS1040,Hyderabad,Tier 1,control,165,155,6,4,17.48,35.0,39451.0
2026-01-25,DS1041,Lucknow,Tier 2,control,91,88,3,0,17.94,35.0,16924.0
2026-01-25,DS1042,Jaipur,Tier 2,control,103,98,5,0,15.49,46.7,19353.0
2026-01-25,DS1043,Indore,Tier 2,control,109,106,2,1,13.36,65.0,18163.0
2026-01-25,DS1044,Bengaluru,Tier 1,treated,149,143,5,1,14.05,59.0,37536.0
2026-01-25,DS1045,Delhi NCR,Tier 1,treated,168,159,8,1,15.63,40.8,39220.0
2026-01-25,DS1046,Bengaluru,Tier 1,treated,144,135,6,3,18.54,35.0,36627.0
2026-01-25,DS1047,Bengaluru,Tier 1,treated,124,122,1,1,18.08,35.0,30962.0
2026-01-25,DS1048,Mumbai,Tier 1,treated,169,160,6,3,15.14,47.6,42113.0
2026-01-25,DS1049,Jaipur,Tier 2,control,119,112,5,2,-1.5730000000000002,38.5,31910.0
2026-01-25,DS1050,Chennai,Tier 1,control,131,124,6,1,14.19,53.7,24210.0
2026-01-25,DS1051,Chennai,Tier 1,control,165,157,3,5,15.93,38.8,40035.0
2026-01-25,DS1052,Jaipur,Tier 2,control,80,75,2,3,15.89,43.5,16545.0
2026-01-25,DS1053,Bhopal,Tier 2,control,87,85,1,1,13.96,60.6,16317.0
2026-01-25,DS1054,Pune,Tier 1,control,238,234,4,0,17.45,35.0,62018.0
2026-01-25,DS1055,Delhi NCR,Tier 1,treated,169,166,3,0,13.16,78.5,41311.0
2026-01-25,DS1056,Delhi NCR,Tier 1,treated,234,222,9,3,17.07,35.0,52517.0
2026-01-25,DS1057,Delhi NCR,Tier 1,treated,161,154,7,0,16.94,35.0,42985.0
2026-01-25,DS1058,Chennai,Tier 1,control,174,169,4,1,18.48,35.0,46282.0
2026-01-25,DS1059,Mumbai,Tier 1,treated,173,168,3,2,15.15,46.2,45064.0
2026-01-26,DS1000,Pune,Tier 1,control,180,177,3,0,16.29,35.0,42393.0
2026-01-26,DS1001,Bengaluru,Tier 1,treated,189,178,9,2,21.4,35.0,39678.0
2026-01-26,DS1002,Mumbai,Tier 1,treated,177,166,7,4,14.92,55.5,40313.0
2026-01-26,DS1003,Lucknow,Tier 2,control,90,89,1,0,17.96,35.0,19343.0
2026-01-26,DS1004,Pune,Tier 1,control,125,116,5,4,15.58,44.1,30097.0
2026-01-26,DS1005,Pune,Tier 1,control,143,133,6,4,15.28,46.0,26351.0
2026-01-26,DS1006,Pune,Tier 1,control,181,174,6,1,14.64,53.1,39562.0
2026-01-26,DS1007,Mumbai,Tier 1,treated,167,159,7,1,14.72,51.7,34618.0
2026-01-26,DS1008,Chennai,Tier 1,control,182,170,7,5,18.1,35.0,37534.0
2026-01-26,DS1009,Hyderabad,Tier 1,control,205,195,8,2,15.52,43.4,37798.0
2026-01-26,DS1010,Lucknow,Tier 2,control,55,52,3,0,17.73,35.0,11129.0
2026-01-26,DS1011,Pune,Tier 1,control,143,137,3,3,18.14,35.0,26435.0
2026-01-26,DS1012,Bengaluru,Tier 1,treated,181,173,6,2,16.45,35.0,41320.0
2026-01-26,DS1013,Pune,Tier 1,control,198,192,4,2,16.63,35.0,36898.0
2026-01-26,DS1014,Hyderabad,Tier 1,control,169,165,3,1,20.97,35.0,47963.0
2026-01-26,DS1015,Jaipur,Tier 2,control,115,112,3,0,15.62,41.7,27548.0
2026-01-26,DS1016,Mumbai,Tier 1,treated,186,177,8,1,15.57,44.0,36418.0
2026-01-26,DS1017,Chennai,Tier 1,control,134,130,4,0,14.35,59.6,29224.0
2026-01-26,DS1018,Bhopal,Tier 2,control,80,76,4,0,17.32,35.0,15125.0
2026-01-26,DS1019,Hyderabad,Tier 1,control,215,211,3,1,17.66,35.0,42052.0
2026-01-26,DS1020,Jaipur,Tier 2,control,107,104,3,0,17.18,35.0,22124.0
2026-01-26,DS1021,Bengaluru,Tier 1,treated,123,120,2,1,13.92,53.4,26490.0
2026-01-26,DS1022,Lucknow,Tier 2,control,129,119,8,2,15.07,43.0,30438.0
2026-01-26,DS1023,Mumbai,Tier 1,treated,202,194,7,1,15.5,50.6,44697.0
2026-01-26,DS1024,Mumbai,Tier 1,treated,225,221,4,0,17.42,35.0,51371.0
2026-01-26,DS1025,Jaipur,Tier 2,control,84,83,1,0,16.0,43.2,19134.0
2026-01-26,DS1026,Delhi NCR,Tier 1,treated,156,146,6,4,17.93,35.0,40137.0
2026-01-26,DS1027,Mumbai,Tier 1,treated,145,138,7,0,15.83,43.0,35115.0
2026-01-26,DS1028,Bhopal,Tier 2,control,158,153,5,0,15.0,46.6,34778.0
2026-01-26,DS1029,Jaipur,Tier 2,control,92,87,5,0,15.78,39.8,19910.0
2026-01-26,DS1030,Pune,Tier 1,control,237,226,5,6,16.09,37.8,47357.0
2026-01-26,DS1031,Mumbai,Tier 1,treated,155,144,7,4,16.24,35.0,25038.0
2026-01-26,DS1032,Chennai,Tier 1,control,177,168,5,4,16.43,35.9,38778.0
2026-01-26,DS1033,Jaipur,Tier 2,control,73,72,1,0,18.79,35.0,11495.0
2026-01-26,DS1034,Mumbai,Tier 1,treated,179,173,5,1,-1.5730000000000002,42.3,43270.0
2026-01-26,DS1035,Pune,Tier 1,control,206,199,6,1,15.38,44.2,49502.0
2026-01-26,DS1036,Lucknow,Tier 2,control,86,80,4,2,14.44,57.6,17311.0
2026-01-26,DS1037,Lucknow,Tier 2,control,118,112,5,1,16.54,35.0,27173.0
2026-01-26,DS1038,Delhi NCR,Tier 1,treated,163,156,6,1,13.64,69.6,38093.0
2026-01-26,DS1039,Lucknow,Tier 2,control,95,89,6,0,14.38,56.9,18484.0
2026-01-26,DS1040,Hyderabad,Tier 1,control,148,140,5,3,16.67,35.0,33760.0
2026-01-26,DS1041,Lucknow,Tier 2,control,87,81,4,2,17.16,35.0,16417.0
2026-01-26,DS1042,Jaipur,Tier 2,control,97,90,4,3,15.13,46.6,15491.0
2026-01-26,DS1043,Indore,Tier 2,control,111,105,4,2,13.78,75.3,26024.0
2026-01-26,DS1044,Bengaluru,Tier 1,treated,164,155,2,7,15.88,40.9,32622.0
2026-01-26,DS1045,Delhi NCR,Tier 1,treated,159,153,3,3,16.26,35.0,32265.0
2026-01-26,DS1046,Bengaluru,Tier 1,treated,128,118,9,1,18.23,35.0,22102.0
2026-01-26,DS1047,Bengaluru,Tier 1,treated,146,139,6,1,19.07,35.0,27246.0
2026-01-26,DS1048,Mumbai,Tier 1,treated,181,171,7,3,17.08,35.0,39209.0
2026-01-26,DS1049,Jaipur,Tier 2,control,117,115,1,1,14.91,45.8,20983.0
2026-01-26,DS1050,Chennai,Tier 1,control,127,117,9,1,13.69,67.2,27035.0
2026-01-26,DS1051,Chennai,Tier 1,control,167,159,7,1,16.19,35.0,38439.0
2026-01-26,DS1052,Jaipur,Tier 2,control,82,78,2,2,15.57,44.8,14851.0
2026-01-26,DS1053,Bhopal,Tier 2,control,97,92,4,1,16.07,35.0,16063.0
2026-01-26,DS1054,Pune,Tier 1,control,197,187,7,3,16.59,35.0,37019.0
2026-01-26,DS1055,Delhi NCR,Tier 1,treated,152,149,3,0,15.11,48.1,35254.0
2026-01-26,DS1056,Delhi NCR,Tier 1,treated,234,224,8,2,17.52,35.0,51690.0
2026-01-26,DS1057,Delhi NCR,Tier 1,treated,161,152,8,1,17.3,35.0,46717.0
2026-01-26,DS1058,Chennai,Tier 1,control,190,173,14,3,16.88,35.0,45175.0
2026-01-26,DS1059,Mumbai,Tier 1,treated,158,153,4,1,16.5,35.0,34826.0
2026-01-27,DS1000,Pune,Tier 1,control,177,170,3,4,16.74,35.0,41296.0
2026-01-27,DS1001,Bengaluru,Tier 1,treated,159,152,6,1,19.23,35.0,43648.0
2026-01-27,DS1002,Mumbai,Tier 1,treated,160,144,11,5,16.71,35.0,33324.0
2026-01-27,DS1003,Lucknow,Tier 2,control,93,87,6,0,16.3,35.0,17070.0
2026-01-27,DS1004,Pune,Tier 1,control,145,141,3,1,14.2,62.4,34445.0
2026-01-27,DS1005,Pune,Tier 1,control,144,134,8,2,17.39,35.0,30518.0
2026-01-27,DS1006,Pune,Tier 1,control,220,212,5,3,14.92,49.0,51388.0
2026-01-27,DS1007,Mumbai,Tier 1,treated,168,160,5,3,15.72,40.4,37037.0
2026-01-27,DS1008,Chennai,Tier 1,control,180,173,7,0,18.76,35.0,37917.0
2026-01-27,DS1009,Hyderabad,Tier 1,control,200,188,9,3,14.98,48.4,44926.0
2026-01-27,DS1010,Lucknow,Tier 2,control,55,54,1,0,17.78,35.0,12947.0
2026-01-27,DS1011,Pune,Tier 1,control,155,145,6,4,17.75,35.0,37996.0
2026-01-27,DS1012,Bengaluru,Tier 1,treated,194,188,4,2,17.26,35.0,57339.0
2026-01-27,DS1013,Pune,Tier 1,control,188,185,2,1,17.99,35.0,41681.0
2026-01-27,DS1014,Hyderabad,Tier 1,control,163,157,5,1,20.27,35.0,38373.0
2026-01-27,DS1015,Jaipur,Tier 2,control,119,111,8,0,15.79,45.0,25767.0
2026-01-27,DS1016,Mumbai,Tier 1,treated,209,204,5,0,14.53,55.9,41675.0
2026-01-27,DS1017,Chennai,Tier 1,control,124,119,3,2,12.32,76.6,27384.0
2026-01-27,DS1018,Bhopal,Tier 2,control,87,83,1,3,16.48,35.0,10536.0
2026-01-27,DS1019,Hyderabad,Tier 1,control,202,197,2,3,17.7,35.0,40878.0
2026-01-27,DS1020,Jaipur,Tier 2,control,108,102,5,1,19.57,35.0,23839.0
2026-01-27,DS1021,Bengaluru,Tier 1,treated,104,91,9,4,14.36,59.0,18667.0
2026-01-27,DS1022,Lucknow,Tier 2,control,119,116,3,0,13.76,65.0,26184.0
2026-01-27,DS1023,Mumbai,Tier 1,treated,209,195,11,3,16.98,35.0,37721.0
2026-01-27,DS1024,Mumbai,Tier 1,treated,219,210,6,3,16.53,35.7,57465.0
2026-01-27,DS1025,Jaipur,Tier 2,control,84,78,5,1,13.8,64.5,18978.0
2026-01-27,DS1026,Delhi NCR,Tier 1,treated,161,156,4,1,17.15,35.0,40659.0
2026-01-27,DS1027,Mumbai,Tier 1,treated,149,139,8,2,16.25,36.0,28090.0
2026-01-27,DS1028,Bhopal,Tier 2,control,160,156,4,0,16.49,35.9,36378.0
2026-01-27,DS1029,Jaipur,Tier 2,control,98,96,2,0,15.49,36.8,24088.0
2026-01-27,DS1030,Pune,Tier 1,control,281,268,10,3,18.96,35.0,57802.0
2026-01-27,DS1031,Mumbai,Tier 1,treated,158,148,7,3,15.56,43.5,36546.0
2026-01-27,DS1032,Chennai,Tier 1,control,157,150,5,2,-1.818,35.0,31510.0
2026-01-27,DS1033,Jaipur,Tier 2,control,70,66,3,1,20.09,35.0,9480.0
2026-01-27,DS1034,Mumbai,Tier 1,treated,169,157,10,2,17.34,35.0,33289.0
2026-01-27,DS1035,Pune,Tier 1,control,224,212,8,4,17.19,35.0,47307.0
2026-01-27,DS1036,Lucknow,Tier 2,control,75,72,2,1,12.85,77.7,16497.0
2026-01-27,DS1037,Lucknow,Tier 2,control,127,121,4,2,16.36,35.0,22099.0
2026-01-27,DS1038,Delhi NCR,Tier 1,treated,223,214,9,0,13.6,61.2,57644.0
2026-01-27,DS1039,Lucknow,Tier 2,control,88,84,3,1,14.86,51.6,18946.0
2026-01-27,DS1040,Hyderabad,Tier 1,control,151,146,5,0,17.14,35.0,32149.0
2026-01-27,DS1041,Lucknow,Tier 2,control,97,95,2,0,19.45,35.0,21751.0
2026-01-27,DS1042,Jaipur,Tier 2,control,97,93,4,0,-1.743,35.0,24277.0
2026-01-27,DS1043,Indore,Tier 2,control,96,87,6,3,13.58,70.2,22072.0
2026-01-27,DS1044,Bengaluru,Tier 1,treated,143,135,5,3,13.93,61.2,23198.0
2026-01-27,DS1045,Delhi NCR,Tier 1,treated,170,159,8,3,16.19,40.9,47171.0
2026-01-27,DS1046,Bengaluru,Tier 1,treated,135,127,6,2,17.06,35.0,25765.0
2026-01-27,DS1047,Bengaluru,Tier 1,treated,154,149,5,0,19.08,35.0,43027.0
2026-01-27,DS1048,Mumbai,Tier 1,treated,156,148,6,2,16.02,35.0,32691.0
2026-01-27,DS1049,Jaipur,Tier 2,control,120,115,3,2,14.85,57.2,22746.0
2026-01-27,DS1050,Chennai,Tier 1,control,122,118,4,0,12.61,77.7,27511.0
2026-01-27,DS1051,Chennai,Tier 1,control,169,163,4,2,17.49,35.0,39728.0
2026-01-27,DS1052,Jaipur,Tier 2,control,85,83,1,1,15.6,44.7,17911.0
2026-01-27,DS1053,Bhopal,Tier 2,control,77,76,0,1,15.28,46.9,14322.0
2026-01-27,DS1054,Pune,Tier 1,control,232,218,10,4,16.4,35.0,48692.0
2026-01-27,DS1055,Delhi NCR,Tier 1,treated,174,171,1,2,13.24,70.3,40482.0
2026-01-27,DS1056,Delhi NCR,Tier 1,treated,257,246,7,4,18.67,35.0,55601.0
2026-01-27,DS1057,Delhi NCR,Tier 1,treated,158,149,9,0,18.24,35.0,26323.0
2026-01-27,DS1058,Chennai,Tier 1,control,186,179,4,3,18.51,35.0,43717.0
2026-01-27,DS1059,Mumbai,Tier 1,treated,189,178,8,3,16.12,35.0,44488.0
2026-01-28,DS1000,Pune,Tier 1,control,185,180,3,2,17.69,35.0,46904.0
2026-01-28,DS1001,Bengaluru,Tier 1,treated,184,176,6,2,20.01,35.0,42463.0
2026-01-28,DS1002,Mumbai,Tier 1,treated,164,159,4,1,16.21,38.0,46911.0
2026-01-28,DS1003,Lucknow,Tier 2,control,94,91,3,0,15.56,38.4,17172.0
2026-01-28,DS1004,Pune,Tier 1,control,145,140,2,3,13.85,63.8,33529.0
2026-01-28,DS1005,Pune,Tier 1,control,144,139,4,1,18.07,35.0,30361.0
2026-01-28,DS1006,Pune,Tier 1,control,209,201,6,2,14.86,47.3,41326.0
2026-01-28,DS1007,Mumbai,Tier 1,treated,184,175,8,1,16.87,35.0,41736.0
2026-01-28,DS1008,Chennai,Tier 1,control,176,167,7,2,18.66,35.0,43518.0
2026-01-28,DS1009,Hyderabad,Tier 1,control,208,202,5,1,14.3,61.1,47285.0
2026-01-28,DS1010,Lucknow,Tier 2,control,71,69,2,0,17.45,35.0,15558.0
2026-01-28,DS1011,Pune,Tier 1,control,139,133,4,2,17.82,35.0,28333.0
2026-01-28,DS1012,Bengaluru,Tier 1,treated,162,158,2,2,15.96,43.6,36025.0
2026-01-28,DS1013,Pune,Tier 1,control,181,173,8,0,16.47,35.0,41198.0
2026-01-28,DS1014,Hyderabad,Tier 1,control,163,154,4,5,20.37,35.0,40451.0
2026-01-28,DS1015,Jaipur,Tier 2,control,119,116,1,2,14.43,67.0,22934.0
2026-01-28,DS1016,Mumbai,Tier 1,treated,169,160,6,3,14.57,57.8,33432.0
2026-01-28,DS1017,Chennai,Tier 1,control,141,131,9,1,15.28,47.9,38584.0
2026-01-28,DS1018,Bhopal,Tier 2,control,80,75,5,0,16.98,35.0,12890.0
2026-01-28,DS1019,Hyderabad,Tier 1,control,215,208,6,1,18.93,35.0,50826.0
2026-01-28,DS1020,Jaipur,Tier 2,control,119,117,2,0,16.56,35.0,21723.0
2026-01-28,DS1021,Bengaluru,Tier 1,treated,135,128,5,2,15.37,50.3,28564.0
2026-01-28,DS1022,Lucknow,Tier 2,control,117,111,3,3,13.16,73.1,23079.0
2026-01-28,DS1023,Mumbai,Tier 1,treated,184,175,7,2,14.77,53.3,37790.0
2026-01-28,DS1024,Mumbai,Tier 1,treated,219,206,8,5,17.09,35.0,43759.0
2026-01-28,DS1025,Jaipur,Tier 2,control,106,99,3,4,15.31,51.7,24313.0
2026-01-28,DS1026,Delhi NCR,Tier 1,treated,167,156,7,4,16.14,42.0,33890.0
2026-01-28,DS1027,Mumbai,Tier 1,treated,128,125,2,1,16.41,35.0,27202.0
2026-01-28,DS1028,Bhopal,Tier 2,control,138,131,4,3,15.72,35.0,25772.0
2026-01-28,DS1029,Jaipur,Tier 2,control,105,104,1,0,16.03,40.7,17027.0
2026-01-28,DS1030,Pune,Tier 1,control,224,218,5,1,16.68,35.0,55411.0
2026-01-28,DS1031,Mumbai,Tier 1,treated,143,134,6,3,16.13,36.5,32631.0
2026-01-28,DS1032,Chennai,Tier 1,control,162,158,2,2,16.58,35.0,32240.0
2026-01-28,DS1033,Jaipur,Tier 2,control,76,73,3,0,19.92,35.0,16568.0
2026-01-28,DS1034,Mumbai,Tier 1,treated,155,149,5,1,17.68,35.0,41229.0
2026-01-28,DS1035,Pune,Tier 1,control,183,171,7,5,15.43,43.4,40740.0
2026-01-28,DS1036,Lucknow,Tier 2,control,67,65,1,1,13.87,66.0,13651.0
2026-01-28,DS1037,Lucknow,Tier 2,control,125,118,5,2,16.07,35.0,21465.0
2026-01-28,DS1038,Delhi NCR,Tier 1,treated,144,136,7,1,13.71,61.9,32041.0
2026-01-28,DS1039,Lucknow,Tier 2,control,85,79,5,1,13.4,73.3,17921.0
2026-01-28,DS1040,Hyderabad,Tier 1,control,143,133,8,2,17.6,35.0,33298.0
2026-01-28,DS1041,Lucknow,Tier 2,control,88,84,4,0,17.5,35.0,17440.0
2026-01-28,DS1042,Jaipur,Tier 2,control,79,74,3,2,17.28,35.0,14365.0
2026-01-28,DS1043,Indore,Tier 2,control,91,87,2,2,13.23,64.7,21123.0
2026-01-28,DS1044,Bengaluru,Tier 1,treated,145,138,6,1,15.15,41.9,37573.0
2026-01-28,DS1045,Delhi NCR,Tier 1,treated,178,166,8,4,15.96,40.2,36435.0
2026-01-28,DS1046,Bengaluru,Tier 1,treated,122,120,1,1,16.19,43.0,29482.0
2026-01-28,DS1047,Bengaluru,Tier 1,treated,138,126,10,2,20.89,35.0,32209.0
2026-01-28,DS1048,Mumbai,Tier 1,treated,185,178,5,2,17.3,35.0,40472.0
2026-01-28,DS1049,Jaipur,Tier 2,control,120,116,3,1,14.98,49.4,20358.0
2026-01-28,DS1050,Chennai,Tier 1,control,137,129,7,1,13.37,63.0,31169.0
2026-01-28,DS1051,Chennai,Tier 1,control,182,173,4,5,17.19,35.0,40922.0
2026-01-28,DS1052,Jaipur,Tier 2,control,100,96,2,2,14.86,48.3,16953.0
2026-01-28,DS1053,Bhopal,Tier 2,control,103,97,6,0,15.06,44.0,19720.0
2026-01-28,DS1054,Pune,Tier 1,control,209,198,9,2,17.24,35.0,51664.0
2026-01-28,DS1055,Delhi NCR,Tier 1,treated,159,153,5,1,14.85,49.2,35417.0
2026-01-28,DS1056,Delhi NCR,Tier 1,treated,235,227,7,1,19.77,35.0,52920.0
2026-01-28,DS1057,Delhi NCR,Tier 1,treated,158,152,5,1,18.74,35.0,42545.0
2026-01-28,DS1058,Chennai,Tier 1,control,194,188,6,0,17.78,35.0,39605.0
2026-01-28,DS1059,Mumbai,Tier 1,treated,167,160,7,0,15.74,37.9,31229.0
2026-01-29,DS1000,Pune,Tier 1,control,204,190,12,2,17.62,35.0,46658.0
2026-01-29,DS1001,Bengaluru,Tier 1,treated,181,170,10,1,18.76,35.0,43444.0
2026-01-29,DS1002,Mumbai,Tier 1,treated,157,147,7,3,16.92,35.0,39319.0
2026-01-29,DS1003,Lucknow,Tier 2,control,97,92,5,0,16.25,35.9,13148.0
2026-01-29,DS1004,Pune,Tier 1,control,142,136,5,1,13.01,75.1,35346.0
2026-01-29,DS1005,Pune,Tier 1,control,146,140,3,3,17.85,35.0,41190.0
2026-01-29,DS1006,Pune,Tier 1,control,183,176,4,3,13.37,70.7,41619.0
2026-01-29,DS1007,Mumbai,Tier 1,treated,170,165,4,1,15.35,45.7,36758.0
2026-01-29,DS1008,Chennai,Tier 1,control,197,193,4,0,17.75,35.0,52646.0
2026-01-29,DS1009,Hyderabad,Tier 1,control,213,205,6,2,16.43,35.0,43268.0
2026-01-29,DS1010,Lucknow,Tier 2,control,73,72,1,0,19.04,35.0,12922.0
2026-01-29,DS1011,Pune,Tier 1,control,160,151,6,3,18.0,35.0,33189.0
2026-01-29,DS1012,Bengaluru,Tier 1,treated,162,158,3,1,14.89,52.6,29450.0
2026-01-29,DS1013,Pune,Tier 1,control,173,170,2,1,16.46,40.2,43351.0
2026-01-29,DS1014,Hyderabad,Tier 1,control,156,148,7,1,21.2,35.0,37174.0
2026-01-29,DS1015,Jaipur,Tier 2,control,134,124,7,3,16.78,35.0,25789.0
2026-01-29,DS1016,Mumbai,Tier 1,treated,175,166,7,2,15.15,58.3,38485.0
2026-01-29,DS1017,Chennai,Tier 1,control,148,137,9,2,14.73,52.4,29316.0
2026-01-29,DS1018,Bhopal,Tier 2,control,69,65,4,0,15.87,39.7,13268.0
2026-01-29,DS1019,Hyderabad,Tier 1,control,187,175,11,1,19.91,35.0,40468.0
2026-01-29,DS1020,Jaipur,Tier 2,control,108,101,5,2,18.2,35.0,21932.0
2026-01-29,DS1021,Bengaluru,Tier 1,treated,109,103,4,2,15.36,47.2,29498.0
2026-01-29,DS1022,Lucknow,Tier 2,control,116,108,8,0,15.56,43.8,24078.0
2026-01-29,DS1023,Mumbai,Tier 1,treated,215,207,6,2,14.11,58.1,49483.0
2026-01-29,DS1024,Mumbai,Tier 1,treated,204,194,8,2,16.59,36.8,47905.0
2026-01-29,DS1025,Jaipur,Tier 2,control,93,86,4,3,16.78,35.0,20151.0
2026-01-29,DS1026,Delhi NCR,Tier 1,treated,157,152,3,2,17.08,35.0,31518.0
2026-01-29,DS1027,Mumbai,Tier 1,treated,143,132,10,1,16.11,35.0,34291.0
2026-01-29,DS1028,Bhopal,Tier 2,control,142,137,4,1,15.38,53.6,27953.0
2026-01-29,DS1029,Jaipur,Tier 2,control,91,87,3,1,16.65,35.0,20711.0
2026-01-29,DS1030,Pune,Tier 1,control,219,208,7,4,16.97,35.0,45418.0
2026-01-29,DS1031,Mumbai,Tier 1,treated,145,142,3,0,16.14,38.3,32351.0
2026-01-29,DS1032,Chennai,Tier 1,control,195,190,4,1,18.15,35.0,48484.0
2026-01-29,DS1033,Jaipur,Tier 2,control,68,65,2,1,19.94,35.0,14054.0
2026-01-29,DS1034,Mumbai,Tier 1,treated,181,172,5,4,17.54,35.0,44886.0
2026-01-29,DS1035,Pune,Tier 1,control,197,192,5,0,16.38,38.1,48093.0
2026-01-29,DS1036,Lucknow,Tier 2,control,75,71,4,0,15.94,39.3,14512.0
2026-01-29,DS1037,Lucknow,Tier 2,control,119,112,4,3,17.32,35.0,23987.0
2026-01-29,DS1038,Delhi NCR,Tier 1,treated,169,161,7,1,14.22,61.5,37853.0
2026-01-29,DS1039,Lucknow,Tier 2,control,86,84,2,0,14.0,62.6,22142.0
2026-01-29,DS1040,Hyderabad,Tier 1,control,150,148,2,0,16.5,35.7,32729.0
2026-01-29,DS1041,Lucknow,Tier 2,control,84,81,2,1,17.74,35.0,18001.0
2026-01-29,DS1042,Jaipur,Tier 2,control,99,96,2,1,14.91,40.0,23933.0
2026-01-29,DS1043,Indore,Tier 2,control,85,77,6,2,14.77,55.7,13413.0
2026-01-29,DS1044,Bengaluru,Tier 1,treated,147,134,12,1,16.09,35.0,32777.0
2026-01-29,DS1045,Delhi NCR,Tier 1,treated,157,146,8,3,15.39,41.8,33465.0
2026-01-29,DS1046,Bengaluru,Tier 1,treated,144,138,5,1,16.36,35.0,33286.0
2026-01-29,DS1047,Bengaluru,Tier 1,treated,151,148,2,1,21.71,35.0,35339.0
2026-01-29,DS1048,Mumbai,Tier 1,treated,176,164,9,3,16.0,45.9,42788.0
2026-01-29,DS1049,Jaipur,Tier 2,control,104,99,3,2,13.96,59.3,19516.0
2026-01-29,DS1050,Chennai,Tier 1,control,107,99,7,1,14.07,61.2,25229.0
2026-01-29,DS1051,Chennai,Tier 1,control,162,159,2,1,16.72,35.9,33334.0
2026-01-29,DS1052,Jaipur,Tier 2,control,82,79,2,1,15.7,43.3,18882.0
2026-01-29,DS1053,Bhopal,Tier 2,control,78,74,3,1,12.59,73.1,15545.0
2026-01-29,DS1054,Pune,Tier 1,control,167,159,5,3,15.01,52.6,29385.0
2026-01-29,DS1055,Delhi NCR,Tier 1,treated,153,150,3,0,15.18,52.8,32611.0
2026-01-29,DS1056,Delhi NCR,Tier 1,treated,226,219,6,1,18.0,35.0,54789.0
2026-01-29,DS1057,Delhi NCR,Tier 1,treated,148,138,8,2,18.46,35.0,30224.0
2026-01-29,DS1058,Chennai,Tier 1,control,174,165,7,2,18.94,35.0,45309.0
2026-01-29,DS1059,Mumbai,Tier 1,treated,155,152,1,2,15.18,45.1,38671.0
2026-01-30,DS1000,Pune,Tier 1,control,219,207,9,3,17.08,35.0,37017.0
2026-01-30,DS1001,Bengaluru,Tier 1,treated,179,171,8,0,19.69,35.0,43782.0
2026-01-30,DS1002,Mumbai,Tier 1,treated,178,175,2,1,16.44,39.6,37716.0
2026-01-30,DS1003,Lucknow,Tier 2,control,112,103,8,1,15.57,54.2,19746.0
2026-01-30,DS1004,Pune,Tier 1,control,156,148,5,3,14.27,59.8,33396.0
2026-01-30,DS1005,Pune,Tier 1,control,158,150,7,1,15.76,44.7,31740.0
2026-01-30,DS1006,Pune,Tier 1,control,243,235,4,4,15.62,42.1,59220.0
2026-01-30,DS1007,Mumbai,Tier 1,treated,210,203,5,2,15.53,42.0,49040.0
2026-01-30,DS1008,Chennai,Tier 1,control,211,200,8,3,19.02,35.0,49505.0
2026-01-30,DS1009,Hyderabad,Tier 1,control,264,251,8,5,14.88,54.0,57867.0
2026-01-30,DS1010,Lucknow,Tier 2,control,85,83,2,0,18.04,35.0,14197.0
2026-01-30,DS1011,Pune,Tier 1,control,166,157,8,1,18.7,35.0,40141.0
2026-01-30,DS1012,Bengaluru,Tier 1,treated,222,211,5,6,15.77,40.4,52458.0
2026-01-30,DS1013,Pune,Tier 1,control,221,214,4,3,16.4,35.0,55114.0
2026-01-30,DS1014,Hyderabad,Tier 1,control,213,203,6,4,19.48,35.0,40393.0
2026-01-30,DS1015,Jaipur,Tier 2,control,143,136,4,3,16.79,35.0,28170.0
2026-01-30,DS1016,Mumbai,Tier 1,treated,218,215,3,0,14.58,54.6,50511.0
2026-01-30,DS1017,Chennai,Tier 1,control,151,145,5,1,13.69,68.9,37446.0
2026-01-30,DS1018,Bhopal,Tier 2,control,91,87,3,1,16.6,35.0,15443.0
2026-01-30,DS1019,Hyderabad,Tier 1,control,263,252,9,2,17.28,35.0,65499.0
2026-01-30,DS1020,Jaipur,Tier 2,control,118,111,5,2,18.19,35.0,22498.0
2026-01-30,DS1021,Bengaluru,Tier 1,treated,165,158,5,2,14.29,56.6,35270.0
2026-01-30,DS1022,Lucknow,Tier 2,control,158,150,6,2,15.16,46.6,35721.0
2026-01-30,DS1023,Mumbai,Tier 1,treated,256,242,9,5,14.97,48.8,57912.0
2026-01-30,DS1024,Mumbai,Tier 1,treated,271,260,7,4,17.31,35.0,60783.0
2026-01-30,DS1025,Jaipur,Tier 2,control,120,117,3,0,14.99,52.4,25446.0
2026-01-30,DS1026,Delhi NCR,Tier 1,treated,203,197,2,4,18.6,35.0,44958.0
2026-01-30,DS1027,Mumbai,Tier 1,treated,161,149,11,1,16.13,35.2,33873.0
2026-01-30,DS1028,Bhopal,Tier 2,control,188,180,8,0,13.91,62.0,39401.0
2026-01-30,DS1029,Jaipur,Tier 2,control,102,98,3,1,14.04,63.5,18625.0
2026-01-30,DS1030,Pune,Tier 1,control,256,248,6,2,15.57,43.0,51543.0
2026-01-30,DS1031,Mumbai,Tier 1,treated,188,174,10,4,14.95,51.4,45355.0
2026-01-30,DS1032,Chennai,Tier 1,control,212,200,9,3,16.63,35.0,52952.0
2026-01-30,DS1033,Jaipur,Tier 2,control,95,92,1,2,19.78,35.0,18751.0
2026-01-30,DS1034,Mumbai,Tier 1,treated,193,188,4,1,16.73,36.3,47224.0
2026-01-30,DS1035,Pune,Tier 1,control,236,234,0,2,18.26,35.0,55847.0
2026-01-30,DS1036,Lucknow,Tier 2,control,92,88,2,2,13.1,75.1,18421.0
2026-01-30,DS1037,Lucknow,Tier 2,control,156,148,7,1,15.56,46.9,32297.0
2026-01-30,DS1038,Delhi NCR,Tier 1,treated,240,229,7,4,14.82,52.9,53083.0
2026-01-30,DS1039,Lucknow,Tier 2,control,88,82,4,2,13.6,65.7,14274.0
2026-01-30,DS1040,Hyderabad,Tier 1,control,184,173,11,0,18.38,35.0,41336.0
2026-01-30,DS1041,Lucknow,Tier 2,control,122,117,4,1,16.14,35.0,24199.0
2026-01-30,DS1042,Jaipur,Tier 2,control,124,118,5,1,15.85,35.0,28959.0
2026-01-30,DS1043,Indore,Tier 2,control,102,95,4,3,14.31,61.4,22619.0
2026-01-30,DS1044,Bengaluru,Tier 1,treated,196,181,14,1,14.48,52.2,49743.0
2026-01-30,DS1045,Delhi NCR,Tier 1,treated,175,171,2,2,16.09,35.0,38025.0
2026-01-30,DS1046,Bengaluru,Tier 1,treated,168,164,4,0,18.06,35.0,40752.0
2026-01-30,DS1047,Bengaluru,Tier 1,treated,141,132,7,2,20.03,35.0,34353.0
2026-01-30,DS1048,Mumbai,Tier 1,treated,188,183,5,0,15.57,41.9,47529.0
2026-01-30,DS1049,Jaipur,Tier 2,control,136,129,4,3,14.58,55.3,25558.0
2026-01-30,DS1050,Chennai,Tier 1,control,147,136,10,1,14.05,62.4,33671.0
2026-01-30,DS1051,Chennai,Tier 1,control,214,204,6,4,16.41,41.2,48591.0
2026-01-30,DS1052,Jaipur,Tier 2,control,117,115,2,0,16.42,35.0,23965.0
2026-01-30,DS1053,Bhopal,Tier 2,control,87,84,2,1,15.26,35.0,18550.0
2026-01-30,DS1054,Pune,Tier 1,control,248,234,10,4,16.09,36.9,58875.0
2026-01-30,DS1055,Delhi NCR,Tier 1,treated,187,179,6,2,14.49,50.3,43445.0
2026-01-30,DS1056,Delhi NCR,Tier 1,treated,263,247,14,2,16.13,35.3,59441.0
2026-01-30,DS1057,Delhi NCR,Tier 1,treated,180,176,2,2,19.48,35.0,46744.0
2026-01-30,DS1058,Chennai,Tier 1,control,224,211,12,1,18.52,35.0,49092.0
2026-01-30,DS1059,Mumbai,Tier 1,treated,193,182,8,3,16.83,35.0,45903.0
2026-01-31,DS1000,Pune,Tier 1,control,208,199,8,1,16.7,40.4,41095.0
2026-01-31,DS1001,Bengaluru,Tier 1,treated,207,195,10,2,19.46,35.0,45919.0
2026-01-31,DS1002,Mumbai,Tier 1,treated,187,181,4,2,16.04,46.4,39897.0
2026-01-31,DS1003,Lucknow,Tier 2,control,111,106,4,1,16.96,35.0,20187.0
2026-01-31,DS1004,Pune,Tier 1,control,185,177,6,2,14.34,54.5,49650.0
2026-01-31,DS1005,Pune,Tier 1,control,160,153,5,2,15.6,46.3,34560.0
2026-01-31,DS1006,Pune,Tier 1,control,240,228,12,0,14.38,54.7,53303.0
2026-01-31,DS1007,Mumbai,Tier 1,treated,209,199,8,2,15.69,45.3,51817.0
2026-01-31,DS1008,Chennai,Tier 1,control,222,215,5,2,18.24,35.0,56407.0
2026-01-31,DS1009,Hyderabad,Tier 1,control,203,197,4,2,15.25,38.3,37416.0
2026-01-31,DS1010,Lucknow,Tier 2,control,89,84,3,2,17.46,35.0,12873.0
2026-01-31,DS1011,Pune,Tier 1,control,166,156,8,2,18.69,35.0,38576.0
2026-01-31,DS1012,Bengaluru,Tier 1,treated,213,204,8,1,16.67,37.9,52336.0
2026-01-31,DS1013,Pune,Tier 1,control,215,202,11,2,17.33,35.0,46879.0
2026-01-31,DS1014,Hyderabad,Tier 1,control,185,181,4,0,19.46,35.0,49897.0
2026-01-31,DS1015,Jaipur,Tier 2,control,136,133,2,1,15.97,40.2,21022.0
2026-01-31,DS1016,Mumbai,Tier 1,treated,209,200,7,2,16.65,35.0,53197.0
2026-01-31,DS1017,Chennai,Tier 1,control,158,151,6,1,15.06,49.6,39954.0
2026-01-31,DS1018,Bhopal,Tier 2,control,121,117,4,0,16.7,35.0,27736.0
2026-01-31,DS1019,Hyderabad,Tier 1,control,241,227,9,5,18.88,35.0,50054.0
2026-01-31,DS1020,Jaipur,Tier 2,control,144,140,2,2,18.93,35.0,28401.0
2026-01-31,DS1021,Bengaluru,Tier 1,treated,136,128,7,1,15.44,47.5,30480.0
2026-01-31,DS1022,Lucknow,Tier 2,control,133,127,5,1,14.2,60.0,29308.0
2026-01-31,DS1023,Mumbai,Tier 1,treated,212,198,10,4,15.34,49.8,45062.0
2026-01-31,DS1024,Mumbai,Tier 1,treated,273,265,3,5,17.18,35.0,62784.0
2026-01-31,DS1025,Jaipur,Tier 2,control,145,137,4,4,16.13,41.4,22889.0
2026-01-31,DS1026,Delhi NCR,Tier 1,treated,231,223,5,3,16.55,37.1,60702.0
2026-01-31,DS1027,Mumbai,Tier 1,treated,184,178,5,1,15.57,42.6,32230.0
2026-01-31,DS1028,Bhopal,Tier 2,control,187,182,4,1,15.52,42.1,32626.0
2026-01-31,DS1029,Jaipur,Tier 2,control,128,124,4,0,17.29,35.0,28606.0
2026-01-31,DS1030,Pune,Tier 1,control,268,252,13,3,17.19,35.0,73371.0
2026-01-31,DS1031,Mumbai,Tier 1,treated,181,175,4,2,16.14,40.1,42357.0
2026-01-31,DS1032,Chennai,Tier 1,control,215,213,2,0,18.17,35.0,53044.0
2026-01-31,DS1033,Jaipur,Tier 2,control,81,73,7,1,18.31,35.0,18488.0
2026-01-31,DS1034,Mumbai,Tier 1,treated,201,198,2,1,16.23,35.9,47988.0
2026-01-31,DS1035,Pune,Tier 1,control,254,247,7,0,18.3,35.0,58479.0
2026-01-31,DS1036,Lucknow,Tier 2,control,86,82,2,2,13.52,74.1,20335.0
2026-01-31,DS1037,Lucknow,Tier 2,control,134,129,4,1,16.49,35.0,24926.0
2026-01-31,DS1038,Delhi NCR,Tier 1,treated,236,231,4,1,13.14,71.1,52189.0
2026-01-31,DS1039,Lucknow,Tier 2,control,91,86,4,1,14.22,58.2,17599.0
2026-01-31,DS1040,Hyderabad,Tier 1,control,176,171,5,0,17.23,35.0,33112.0
2026-01-31,DS1041,Lucknow,Tier 2,control,118,110,7,1,18.3,35.0,19575.0
2026-01-31,DS1042,Jaipur,Tier 2,control,120,117,2,1,15.18,50.8,23882.0
2026-01-31,DS1043,Indore,Tier 2,control,99,98,1,0,15.16,53.1,18298.0
2026-01-31,DS1044,Bengaluru,Tier 1,treated,160,152,6,2,17.01,35.0,38249.0
2026-01-31,DS1045,Delhi NCR,Tier 1,treated,200,190,9,1,16.31,35.0,44004.0
2026-01-31,DS1046,Bengaluru,Tier 1,treated,146,139,5,2,18.05,35.0,36094.0
2026-01-31,DS1047,Bengaluru,Tier 1,treated,169,163,4,2,19.42,35.0,37733.0
2026-01-31,DS1048,Mumbai,Tier 1,treated,216,198,12,6,16.25,36.5,46656.0
2026-01-31,DS1049,Jaipur,Tier 2,control,123,116,4,3,14.66,53.7,25257.0
2026-01-31,DS1050,Chennai,Tier 1,control,153,144,7,2,12.08,81.9,37247.0
2026-01-31,DS1051,Chennai,Tier 1,control,185,175,6,4,17.28,35.0,44115.0
2026-01-31,DS1052,Jaipur,Tier 2,control,99,97,1,1,15.66,48.9,22740.0
2026-01-31,DS1053,Bhopal,Tier 2,control,98,94,2,2,13.69,66.2,16267.0
2026-01-31,DS1054,Pune,Tier 1,control,243,233,8,2,16.81,35.0,47989.0
2026-01-31,DS1055,Delhi NCR,Tier 1,treated,182,170,6,6,13.09,71.0,46028.0
2026-01-31,DS1056,Delhi NCR,Tier 1,treated,263,251,8,4,18.7,35.0,59522.0
2026-01-31,DS1057,Delhi NCR,Tier 1,treated,170,159,11,0,17.04,35.0,34465.0
2026-01-31,DS1058,Chennai,Tier 1,control,249,240,7,2,16.73,35.0,64602.0
2026-01-31,DS1059,Mumbai,Tier 1,treated,201,198,2,1,15.03,53.6,54997.0
2026-02-01,DS1000,Pune,Tier 1,control,175,165,7,3,16.02,37.7,42444.0
2026-02-01,DS1001,Bengaluru,Tier 1,treated,164,154,8,2,19.76,35.0,35354.0
2026-02-01,DS1002,Mumbai,Tier 1,treated,165,153,10,2,15.71,40.2,36561.0
2026-02-01,DS1003,Lucknow,Tier 2,control,111,104,7,0,15.86,35.0,22333.0
2026-02-01,DS1004,Pune,Tier 1,control,147,137,7,3,14.14,61.5,30154.0
2026-02-01,DS1005,Pune,Tier 1,control,118,115,2,1,16.35,39.3,23144.0
2026-02-01,DS1006,Pune,Tier 1,control,179,169,8,2,14.46,56.4,36680.0
2026-02-01,DS1007,Mumbai,Tier 1,treated,156,151,5,0,15.36,45.0,31849.0
2026-02-01,DS1008,Chennai,Tier 1,control,180,176,4,0,18.85,35.0,46696.0
2026-02-01,DS1009,Hyderabad,Tier 1,control,215,207,5,3,15.71,38.3,54392.0
2026-02-01,DS1010,Lucknow,Tier 2,control,83,77,5,1,17.15,35.0,14534.0
2026-02-01,DS1011,Pune,Tier 1,control,137,127,6,4,18.72,35.0,33179.0
2026-02-01,DS1012,Bengaluru,Tier 1,treated,186,176,5,5,17.26,35.0,47276.0
2026-02-01,DS1013,Pune,Tier 1,control,199,189,8,2,17.08,35.0,46807.0
2026-02-01,DS1014,Hyderabad,Tier 1,control,158,155,1,2,20.12,35.0,41922.0
2026-02-01,DS1015,Jaipur,Tier 2,control,135,128,6,1,15.71,48.7,32552.0
2026-02-01,DS1016,Mumbai,Tier 1,treated,199,191,6,2,15.71,40.8,44291.0
2026-02-01,DS1017,Chennai,Tier 1,control,129,125,3,1,14.59,52.2,31585.0
2026-02-01,DS1018,Bhopal,Tier 2,control,73,68,3,2,15.64,47.0,10611.0
2026-02-01,DS1019,Hyderabad,Tier 1,control,199,186,9,4,19.48,35.0,47007.0
2026-02-01,DS1020,Jaipur,Tier 2,control,99,95,3,1,17.22,35.0,20557.0
2026-02-01,DS1021,Bengaluru,Tier 1,treated,104,100,4,0,14.51,61.7,16103.0
2026-02-01,DS1022,Lucknow,Tier 2,control,113,108,4,1,15.5,44.1,19896.0
2026-02-01,DS1023,Mumbai,Tier 1,treated,193,184,7,2,15.87,41.1,33868.0
2026-02-01,DS1024,Mumbai,Tier 1,treated,204,196,6,2,17.48,35.0,44590.0
2026-02-01,DS1025,Jaipur,Tier 2,control,95,90,4,1,15.82,40.9,23585.0
2026-02-01,DS1026,Delhi NCR,Tier 1,treated,162,151,9,2,17.74,35.0,44195.0
2026-02-01,DS1027,Mumbai,Tier 1,treated,162,155,6,1,16.96,35.0,33832.0
2026-02-01,DS1028,Bhopal,Tier 2,control,169,162,4,3,14.93,55.2,34624.0
2026-02-01,DS1029,Jaipur,Tier 2,control,109,106,2,1,16.12,40.1,24872.0
2026-02-01,DS1030,Pune,Tier 1,control,226,223,3,0,15.98,41.3,50161.0
2026-02-01,DS1031,Mumbai,Tier 1,treated,164,159,3,2,15.56,48.1,39524.0
2026-02-01,DS1032,Chennai,Tier 1,control,171,166,4,1,17.69,35.0,37001.0
2026-02-01,DS1033,Jaipur,Tier 2,control,66,61,4,1,19.32,35.0,9563.0
2026-02-01,DS1034,Mumbai,Tier 1,treated,143,134,4,5,15.95,41.9,35416.0
2026-02-01,DS1035,Pune,Tier 1,control,192,175,10,7,16.24,35.7,41361.0
2026-02-01,DS1036,Lucknow,Tier 2,control,77,73,2,2,13.42,71.2,19185.0
2026-02-01,DS1037,Lucknow,Tier 2,control,130,123,4,3,17.24,35.0,28385.0
2026-02-01,DS1038,Delhi NCR,Tier 1,treated,172,160,11,1,15.14,46.8,36254.0
2026-02-01,DS1039,Lucknow,Tier 2,control,85,81,3,1,13.54,65.2,14772.0
2026-02-01,DS1040,Hyderabad,Tier 1,control,153,143,9,1,17.71,35.0,37019.0
2026-02-01,DS1041,Lucknow,Tier 2,control,102,96,6,0,17.52,35.0,21754.0
2026-02-01,DS1042,Jaipur,Tier 2,control,99,93,4,2,15.93,41.1,21326.0
2026-02-01,DS1043,Indore,Tier 2,control,105,102,2,1,12.62,76.2,21020.0
2026-02-01,DS1044,Bengaluru,Tier 1,treated,143,134,8,1,15.3,48.5,37710.0
2026-02-01,DS1045,Delhi NCR,Tier 1,treated,154,139,14,1,14.23,59.5,25284.0
2026-02-01,DS1046,Bengaluru,Tier 1,treated,156,151,5,0,18.03,35.0,24593.0
2026-02-01,DS1047,Bengaluru,Tier 1,treated,127,121,5,1,20.68,35.0,37150.0
2026-02-01,DS1048,Mumbai,Tier 1,treated,172,165,5,2,17.52,35.0,40609.0
2026-02-01,DS1049,Jaipur,Tier 2,control,125,121,4,0,14.81,49.6,20669.0
2026-02-01,DS1050,Chennai,Tier 1,control,145,133,10,2,13.85,57.8,32006.0
2026-02-01,DS1051,Chennai,Tier 1,control,160,147,10,3,15.42,39.5,34083.0
2026-02-01,DS1052,Jaipur,Tier 2,control,88,86,2,0,16.01,43.1,15429.0
2026-02-01,DS1053,Bhopal,Tier 2,control,78,74,3,1,14.74,53.7,17619.0
2026-02-01,DS1054,Pune,Tier 1,control,210,196,12,2,16.65,35.0,44398.0
2026-02-01,DS1055,Delhi NCR,Tier 1,treated,166,157,7,2,14.23,57.2,36377.0
2026-02-01,DS1056,Delhi NCR,Tier 1,treated,235,221,11,3,16.43,35.0,56729.0
2026-02-01,DS1057,Delhi NCR,Tier 1,treated,144,136,7,1,19.74,35.0,34195.0
2026-02-01,DS1058,Chennai,Tier 1,control,202,196,4,2,17.25,35.0,44558.0
2026-02-01,DS1059,Mumbai,Tier 1,treated,159,153,6,0,14.21,56.0,36697.0
2026-02-02,DS1000,Pune,Tier 1,control,215,206,8,1,16.12,35.7,45168.0
2026-02-02,DS1001,Bengaluru,Tier 1,treated,158,150,7,1,21.11,35.0,37307.0
2026-02-02,DS1002,Mumbai,Tier 1,treated,165,153,9,3,17.49,35.0,41025.0
2026-02-02,DS1003,Lucknow,Tier 2,control,94,91,2,1,16.0,42.3,16412.0
2026-02-02,DS1004,Pune,Tier 1,control,123,120,2,1,13.33,78.9,26388.0
2026-02-02,DS1005,Pune,Tier 1,control,132,129,1,2,17.32,35.0,34724.0
2026-02-02,DS1006,Pune,Tier 1,control,200,186,11,3,14.44,52.4,35105.0
2026-02-02,DS1007,Mumbai,Tier 1,treated,157,150,6,1,13.44,67.3,32938.0
2026-02-02,DS1008,Chennai,Tier 1,control,184,172,9,3,19.49,35.0,35304.0
2026-02-02,DS1009,Hyderabad,Tier 1,control,226,216,6,4,14.5,55.4,38139.0
2026-02-02,DS1010,Lucknow,Tier 2,control,60,58,1,1,18.62,35.0,9752.0
2026-02-02,DS1011,Pune,Tier 1,control,176,165,6,5,17.6,35.0,48969.0
2026-02-02,DS1012,Bengaluru,Tier 1,treated,157,153,3,1,15.88,44.1,35934.0
2026-02-02,DS1013,Pune,Tier 1,control,175,168,3,4,17.61,35.0,45203.0
2026-02-02,DS1014,Hyderabad,Tier 1,control,142,135,5,2,19.43,35.0,32628.0
2026-02-02,DS1015,Jaipur,Tier 2,control,107,102,3,2,14.31,60.5,22511.0
2026-02-02,DS1016,Mumbai,Tier 1,treated,172,164,4,4,15.58,44.4,44253.0
2026-02-02,DS1017,Chennai,Tier 1,control,127,122,4,1,14.31,64.5,32042.0
2026-02-02,DS1018,Bhopal,Tier 2,control,75,70,5,0,16.62,35.0,12371.0
2026-02-02,DS1019,Hyderabad,Tier 1,control,212,204,5,3,19.55,35.0,57726.0
2026-02-02,DS1020,Jaipur,Tier 2,control,125,122,3,0,17.53,35.0,30842.0
2026-02-02,DS1021,Bengaluru,Tier 1,treated,122,119,2,1,15.13,49.1,26410.0
2026-02-02,DS1022,Lucknow,Tier 2,control,92,89,3,0,15.14,53.4,19155.0
2026-02-02,DS1023,Mumbai,Tier 1,treated,190,174,13,3,15.79,37.2,43583.0
2026-02-02,DS1024,Mumbai,Tier 1,treated,228,213,12,3,18.01,35.0,62284.0
2026-02-02,DS1025,Jaipur,Tier 2,control,98,91,5,2,15.66,35.8,21550.0
2026-02-02,DS1026,Delhi NCR,Tier 1,treated,159,152,7,0,16.79,35.0,36485.0
2026-02-02,DS1027,Mumbai,Tier 1,treated,131,129,1,1,18.12,35.0,36421.0
2026-02-02,DS1028,Bhopal,Tier 2,control,170,161,9,0,13.97,59.5,41094.0
2026-02-02,DS1029,Jaipur,Tier 2,control,106,104,2,0,16.18,35.0,16908.0
2026-02-02,DS1030,Pune,Tier 1,control,224,211,12,1,17.34,35.0,41062.0
2026-02-02,DS1031,Mumbai,Tier 1,treated,165,160,4,1,15.62,47.1,36604.0
2026-02-02,DS1032,Chennai,Tier 1,control,206,194,10,2,18.52,35.0,41690.0
2026-02-02,DS1033,Jaipur,Tier 2,control,67,64,1,2,18.97,35.0,13268.0
2026-02-02,DS1034,Mumbai,Tier 1,treated,172,160,10,2,16.09,37.5,37119.0
2026-02-02,DS1035,Pune,Tier 1,control,200,191,5,4,17.05,35.0,55639.0
2026-02-02,DS1036,Lucknow,Tier 2,control,87,81,6,0,13.85,67.5,14251.0
2026-02-02,DS1037,Lucknow,Tier 2,control,109,102,5,2,17.6,35.0,17074.0
2026-02-02,DS1038,Delhi NCR,Tier 1,treated,180,174,5,1,13.16,70.6,46564.0
2026-02-02,DS1039,Lucknow,Tier 2,control,92,90,2,0,13.75,72.1,10664.0
2026-02-02,DS1040,Hyderabad,Tier 1,control,148,138,8,2,17.5,35.0,36088.0
2026-02-02,DS1041,Lucknow,Tier 2,control,100,93,5,2,16.68,35.0,19820.0
2026-02-02,DS1042,Jaipur,Tier 2,control,109,108,1,0,15.46,44.9,20359.0
2026-02-02,DS1043,Indore,Tier 2,control,89,87,2,0,12.31,80.1,18540.0
2026-02-02,DS1044,Bengaluru,Tier 1,treated,138,135,2,1,15.33,36.9,34039.0
2026-02-02,DS1045,Delhi NCR,Tier 1,treated,188,179,9,0,15.29,45.4,45060.0
2026-02-02,DS1046,Bengaluru,Tier 1,treated,160,152,7,1,18.18,35.0,31395.0
2026-02-02,DS1047,Bengaluru,Tier 1,treated,126,118,5,3,19.79,35.0,26540.0
2026-02-02,DS1048,Mumbai,Tier 1,treated,181,171,8,2,17.21,35.0,32693.0
2026-02-02,DS1049,Jaipur,Tier 2,control,112,103,7,2,14.93,47.7,18167.0
2026-02-02,DS1050,Chennai,Tier 1,control,136,128,7,1,13.15,70.4,31791.0
2026-02-02,DS1051,Chennai,Tier 1,control,177,174,3,0,17.01,35.0,43236.0
2026-02-02,DS1052,Jaipur,Tier 2,control,98,91,5,2,15.16,51.1,14535.0
2026-02-02,DS1053,Bhopal,Tier 2,control,88,85,3,0,14.51,58.0,17241.0
2026-02-02,DS1054,Pune,Tier 1,control,188,182,4,2,17.48,35.0,40940.0
2026-02-02,DS1055,Delhi NCR,Tier 1,treated,178,168,7,3,13.73,66.1,34010.0
2026-02-02,DS1056,Delhi NCR,Tier 1,treated,210,196,8,6,16.73,35.0,40459.0
2026-02-02,DS1057,Delhi NCR,Tier 1,treated,122,116,5,1,19.43,35.0,24943.0
2026-02-02,DS1058,Chennai,Tier 1,control,186,179,5,2,19.28,35.0,41101.0
2026-02-02,DS1059,Mumbai,Tier 1,treated,151,148,3,0,13.94,60.8,39247.0
2026-02-03,DS1000,Pune,Tier 1,control,203,192,9,2,17.29,35.0,50573.0
2026-02-03,DS1001,Bengaluru,Tier 1,treated,204,195,6,3,19.54,35.0,48681.0
2026-02-03,DS1002,Mumbai,Tier 1,treated,185,178,7,0,17.19,35.0,46470.0
2026-02-03,DS1003,Lucknow,Tier 2,control,78,77,1,0,16.25,40.5,14456.0
2026-02-03,DS1004,Pune,Tier 1,control,130,122,6,2,15.14,49.6,31712.0
2026-02-03,DS1005,Pune,Tier 1,control,140,131,8,1,17.42,35.0,28902.0
2026-02-03,DS1006,Pune,Tier 1,control,202,196,4,2,15.26,43.0,40430.0
2026-02-03,DS1007,Mumbai,Tier 1,treated,163,153,8,2,14.24,65.2,32069.0
2026-02-03,DS1008,Chennai,Tier 1,control,214,210,4,0,17.84,35.0,51203.0
2026-02-03,DS1009,Hyderabad,Tier 1,control,221,210,9,2,15.19,53.0,49537.0
2026-02-03,DS1010,Lucknow,Tier 2,control,53,51,0,2,17.54,35.0,8630.0
2026-02-03,DS1011,Pune,Tier 1,control,148,138,7,3,19.99,35.0,34950.0
2026-02-03,DS1012,Bengaluru,Tier 1,treated,153,145,4,4,16.51,35.0,27627.0
2026-02-03,DS1013,Pune,Tier 1,control,166,162,4,0,17.52,35.0,36216.0
2026-02-03,DS1014,Hyderabad,Tier 1,control,155,147,4,4,19.09,35.0,30718.0
2026-02-03,DS1015,Jaipur,Tier 2,control,134,127,6,1,16.92,35.0,25588.0
2026-02-03,DS1016,Mumbai,Tier 1,treated,163,159,4,0,15.12,48.9,39083.0
2026-02-03,DS1017,Chennai,Tier 1,control,143,138,2,3,13.45,72.4,30079.0
2026-02-03,DS1018,Bhopal,Tier 2,control,71,69,0,2,15.53,42.8,12495.0
2026-02-03,DS1019,Hyderabad,Tier 1,control,213,204,8,1,20.08,35.0,41416.0
2026-02-03,DS1020,Jaipur,Tier 2,control,112,105,4,3,18.26,35.0,28517.0
2026-02-03,DS1021,Bengaluru,Tier 1,treated,114,108,4,2,14.58,51.6,21768.0
2026-02-03,DS1022,Lucknow,Tier 2,control,119,115,4,0,16.13,38.7,29497.0
2026-02-03,DS1023,Mumbai,Tier 1,treated,198,193,4,1,15.26,46.2,35344.0
2026-02-03,DS1024,Mumbai,Tier 1,treated,226,216,9,1,16.76,35.0,59007.0
2026-02-03,DS1025,Jaipur,Tier 2,control,87,84,1,2,15.57,40.9,19598.0
2026-02-03,DS1026,Delhi NCR,Tier 1,treated,168,165,3,0,16.46,35.0,38181.0
2026-02-03,DS1027,Mumbai,Tier 1,treated,125,119,5,1,16.65,35.0,30224.0
2026-02-03,DS1028,Bhopal,Tier 2,control,160,149,10,1,15.76,38.5,37600.0
2026-02-03,DS1029,Jaipur,Tier 2,control,93,87,4,2,16.17,35.0,17385.0
2026-02-03,DS1030,Pune,Tier 1,control,223,214,7,2,16.57,36.1,52643.0
2026-02-03,DS1031,Mumbai,Tier 1,treated,154,148,6,0,16.54,35.0,31151.0
2026-02-03,DS1032,Chennai,Tier 1,control,194,184,10,0,16.12,43.3,38924.0
2026-02-03,DS1033,Jaipur,Tier 2,control,71,69,2,0,19.92,35.0,13869.0
2026-02-03,DS1034,Mumbai,Tier 1,treated,168,160,7,1,16.99,35.0,42995.0
2026-02-03,DS1035,Pune,Tier 1,control,192,183,5,4,16.83,35.0,42077.0
2026-02-03,DS1036,Lucknow,Tier 2,control,76,74,2,0,15.34,49.3,15304.0
2026-02-03,DS1037,Lucknow,Tier 2,control,105,99,6,0,16.63,35.0,20663.0
2026-02-03,DS1038,Delhi NCR,Tier 1,treated,199,189,9,1,12.66,68.3,44111.0
2026-02-03,DS1039,Lucknow,Tier 2,control,70,66,3,1,14.99,47.5,12699.0
2026-02-03,DS1040,Hyderabad,Tier 1,control,159,153,4,2,19.17,35.0,38210.0
2026-02-03,DS1041,Lucknow,Tier 2,control,95,93,2,0,18.46,35.0,19479.0
2026-02-03,DS1042,Jaipur,Tier 2,control,113,109,4,0,16.01,44.5,19642.0
2026-02-03,DS1043,Indore,Tier 2,control,86,79,5,2,11.78,82.7,11386.0
2026-02-03,DS1044,Bengaluru,Tier 1,treated,148,141,7,0,16.2,40.2,31875.0
2026-02-03,DS1045,Delhi NCR,Tier 1,treated,173,164,8,1,16.1,39.8,38522.0
2026-02-03,DS1046,Bengaluru,Tier 1,treated,150,140,9,1,17.91,35.0,24035.0
2026-02-03,DS1047,Bengaluru,Tier 1,treated,132,128,1,3,20.44,35.0,28463.0
2026-02-03,DS1048,Mumbai,Tier 1,treated,184,174,8,2,16.91,35.0,44763.0
2026-02-03,DS1049,Jaipur,Tier 2,control,113,109,2,2,14.22,56.8,25883.0
2026-02-03,DS1050,Chennai,Tier 1,control,121,116,5,0,15.29,55.4,31924.0
2026-02-03,DS1051,Chennai,Tier 1,control,163,152,9,2,15.17,53.7,34777.0
2026-02-03,DS1052,Jaipur,Tier 2,control,69,63,4,2,16.04,38.6,15258.0
2026-02-03,DS1053,Bhopal,Tier 2,control,102,96,3,3,15.9,41.9,18670.0
2026-02-03,DS1054,Pune,Tier 1,control,211,202,6,3,16.93,35.0,48181.0
2026-02-03,DS1055,Delhi NCR,Tier 1,treated,171,162,7,2,13.93,61.0,40245.0
2026-02-03,DS1056,Delhi NCR,Tier 1,treated,209,199,7,3,17.51,35.0,51964.0
2026-02-03,DS1057,Delhi NCR,Tier 1,treated,159,155,2,2,17.68,35.0,41125.0
2026-02-03,DS1058,Chennai,Tier 1,control,173,163,8,2,17.66,35.0,42529.0
2026-02-03,DS1059,Mumbai,Tier 1,treated,183,177,4,2,15.79,45.7,43927.0
2026-02-04,DS1000,Pune,Tier 1,control,205,196,6,3,16.21,43.0,41744.0
2026-02-04,DS1001,Bengaluru,Tier 1,treated,186,177,7,2,19.04,35.0,41241.0
2026-02-04,DS1002,Mumbai,Tier 1,treated,156,151,4,1,16.1,44.0,35297.0
2026-02-04,DS1003,Lucknow,Tier 2,control,101,95,6,0,16.1,40.7,20042.0
2026-02-04,DS1004,Pune,Tier 1,control,128,121,4,3,13.21,72.8,29643.0
2026-02-04,DS1005,Pune,Tier 1,control,132,128,3,1,16.67,35.0,31559.0
2026-02-04,DS1006,Pune,Tier 1,control,197,188,9,0,14.28,55.2,43206.0
2026-02-04,DS1007,Mumbai,Tier 1,treated,160,151,7,2,15.43,52.8,41130.0
2026-02-04,DS1008,Chennai,Tier 1,control,189,179,6,4,18.58,35.0,50194.0
2026-02-04,DS1009,Hyderabad,Tier 1,control,206,196,8,2,14.92,51.1,45699.0
2026-02-04,DS1010,Lucknow,Tier 2,control,84,78,6,0,17.23,35.0,18718.0
2026-02-04,DS1011,Pune,Tier 1,control,129,122,4,3,20.17,35.0,35397.0
2026-02-04,DS1012,Bengaluru,Tier 1,treated,215,199,10,6,16.32,35.0,47638.0
2026-02-04,DS1013,Pune,Tier 1,control,181,176,4,1,17.15,35.0,40051.0
2026-02-04,DS1014,Hyderabad,Tier 1,control,172,165,5,2,20.55,35.0,34549.0
2026-02-04,DS1015,Jaipur,Tier 2,control,129,121,4,4,14.75,55.9,21415.0
2026-02-04,DS1016,Mumbai,Tier 1,treated,194,180,12,2,15.91,39.5,43544.0
2026-02-04,DS1017,Chennai,Tier 1,control,145,138,4,3,13.62,65.6,32902.0
2026-02-04,DS1018,Bhopal,Tier 2,control,81,79,1,1,16.15,35.7,19469.0
2026-02-04,DS1019,Hyderabad,Tier 1,control,196,187,6,3,19.93,35.0,45706.0
2026-02-04,DS1020,Jaipur,Tier 2,control,121,118,3,0,17.72,35.0,20375.0
2026-02-04,DS1021,Bengaluru,Tier 1,treated,113,107,5,1,14.95,47.2,20139.0
2026-02-04,DS1022,Lucknow,Tier 2,control,115,109,4,2,12.84,77.3,19006.0
2026-02-04,DS1023,Mumbai,Tier 1,treated,159,151,7,1,13.88,74.1,29330.0
2026-02-04,DS1024,Mumbai,Tier 1,treated,215,203,9,3,15.09,48.3,51114.0
2026-02-04,DS1025,Jaipur,Tier 2,control,86,84,2,0,16.64,35.0,20992.0
2026-02-04,DS1026,Delhi NCR,Tier 1,treated,159,157,2,0,17.16,35.0,35697.0
2026-02-04,DS1027,Mumbai,Tier 1,treated,149,142,5,2,16.89,35.0,31577.0
2026-02-04,DS1028,Bhopal,Tier 2,control,142,136,6,0,15.01,48.8,37932.0
2026-02-04,DS1029,Jaipur,Tier 2,control,100,96,3,1,17.58,35.0,23068.0
2026-02-04,DS1030,Pune,Tier 1,control,211,201,7,3,16.98,35.0,61839.0
2026-02-04,DS1031,Mumbai,Tier 1,treated,166,159,5,2,16.53,35.0,34636.0
2026-02-04,DS1032,Chennai,Tier 1,control,187,178,7,2,15.82,35.4,39780.0
2026-02-04,DS1033,Jaipur,Tier 2,control,75,73,2,0,19.5,35.0,13567.0
2026-02-04,DS1034,Mumbai,Tier 1,treated,165,151,8,6,18.52,35.0,42143.0
2026-02-04,DS1035,Pune,Tier 1,control,199,193,5,1,15.26,44.9,48413.0
2026-02-04,DS1036,Lucknow,Tier 2,control,83,80,2,1,14.87,48.9,14307.0
2026-02-04,DS1037,Lucknow,Tier 2,control,117,110,4,3,17.09,35.0,21766.0
2026-02-04,DS1038,Delhi NCR,Tier 1,treated,197,186,5,6,14.54,55.7,48592.0
2026-02-04,DS1039,Lucknow,Tier 2,control,88,82,5,1,15.2,40.3,18663.0
2026-02-04,DS1040,Hyderabad,Tier 1,control,147,144,2,1,16.48,35.0,37428.0
2026-02-04,DS1041,Lucknow,Tier 2,control,93,91,2,0,17.78,35.0,18767.0
2026-02-04,DS1042,Jaipur,Tier 2,control,103,101,1,1,16.25,35.0,24907.0
2026-02-04,DS1043,Indore,Tier 2,control,87,81,6,0,14.47,58.1,16589.0
2026-02-04,DS1044,Bengaluru,Tier 1,treated,168,165,1,2,14.77,42.3,38757.0
2026-02-04,DS1045,Delhi NCR,Tier 1,treated,168,161,6,1,16.78,35.0,34530.0
2026-02-04,DS1046,Bengaluru,Tier 1,treated,138,129,6,3,17.82,35.0,25835.0
2026-02-04,DS1047,Bengaluru,Tier 1,treated,141,136,5,0,20.28,35.0,38456.0
2026-02-04,DS1048,Mumbai,Tier 1,treated,184,176,7,1,17.07,35.0,42116.0
2026-02-04,DS1049,Jaipur,Tier 2,control,124,119,3,2,15.54,43.2,23494.0
2026-02-04,DS1050,Chennai,Tier 1,control,139,136,3,0,14.91,51.0,37854.0
2026-02-04,DS1051,Chennai,Tier 1,control,167,163,1,3,14.64,57.7,41425.0
2026-02-04,DS1052,Jaipur,Tier 2,control,91,88,2,1,17.06,35.0,17754.0
2026-02-04,DS1053,Bhopal,Tier 2,control,78,74,3,1,12.65,68.8,14357.0
2026-02-04,DS1054,Pune,Tier 1,control,193,173,14,6,16.45,36.6,45522.0
2026-02-04,DS1055,Delhi NCR,Tier 1,treated,144,142,2,0,14.87,54.4,30612.0
2026-02-04,DS1056,Delhi NCR,Tier 1,treated,194,181,8,5,18.73,35.0,40295.0
2026-02-04,DS1057,Delhi NCR,Tier 1,treated,153,148,5,0,18.56,35.0,39744.0
2026-02-04,DS1058,Chennai,Tier 1,control,218,208,7,3,17.94,35.0,40525.0
2026-02-04,DS1059,Mumbai,Tier 1,treated,174,168,4,2,15.49,46.0,45993.0
2026-02-05,DS1000,Pune,Tier 1,control,194,183,7,4,17.6,35.0,49530.0
2026-02-05,DS1001,Bengaluru,Tier 1,treated,171,157,13,1,20.76,35.0,36644.0
2026-02-05,DS1002,Mumbai,Tier 1,treated,159,154,4,1,14.97,49.9,35698.0
2026-02-05,DS1003,Lucknow,Tier 2,control,90,88,2,0,14.56,53.2,15857.0
2026-02-05,DS1004,Pune,Tier 1,control,148,145,3,0,17.34,35.0,35690.0
2026-02-05,DS1005,Pune,Tier 1,control,136,130,5,1,17.9,35.0,31772.0
2026-02-05,DS1006,Pune,Tier 1,control,201,193,8,0,14.43,54.6,41690.0
2026-02-05,DS1007,Mumbai,Tier 1,treated,146,137,9,0,14.69,58.9,31450.0
2026-02-05,DS1008,Chennai,Tier 1,control,152,146,6,0,18.44,35.0,34535.0
2026-02-05,DS1009,Hyderabad,Tier 1,control,218,211,5,2,14.9,54.6,53328.0
2026-02-05,DS1010,Lucknow,Tier 2,control,70,68,1,1,19.61,35.0,16654.0
2026-02-05,DS1011,Pune,Tier 1,control,169,162,7,0,19.01,35.0,31400.0
2026-02-05,DS1012,Bengaluru,Tier 1,treated,183,176,6,1,17.61,35.0,47614.0
2026-02-05,DS1013,Pune,Tier 1,control,190,180,7,3,16.67,35.0,47374.0
2026-02-05,DS1014,Hyderabad,Tier 1,control,155,151,3,1,19.43,35.0,42634.0
2026-02-05,DS1015,Jaipur,Tier 2,control,127,121,5,1,16.61,35.0,29403.0
2026-02-05,DS1016,Mumbai,Tier 1,treated,183,177,3,3,14.93,49.8,37180.0
2026-02-05,DS1017,Chennai,Tier 1,control,141,133,6,2,13.83,62.3,32259.0
2026-02-05,DS1018,Bhopal,Tier 2,control,79,77,2,0,17.61,35.0,12979.0
2026-02-05,DS1019,Hyderabad,Tier 1,control,211,202,8,1,18.38,35.0,50315.0
2026-02-05,DS1020,Jaipur,Tier 2,control,108,106,1,1,15.66,47.1,17099.0
2026-02-05,DS1021,Bengaluru,Tier 1,treated,113,109,3,1,16.26,35.0,25479.0
2026-02-05,DS1022,Lucknow,Tier 2,control,136,128,5,3,15.94,35.4,28705.0
2026-02-05,DS1023,Mumbai,Tier 1,treated,222,208,12,2,16.83,35.0,42704.0
2026-02-05,DS1024,Mumbai,Tier 1,treated,250,236,10,4,18.69,35.0,54429.0
2026-02-05,DS1025,Jaipur,Tier 2,control,83,80,2,1,15.16,52.6,13849.0
2026-02-05,DS1026,Delhi NCR,Tier 1,treated,169,163,5,1,16.9,38.9,36089.0
2026-02-05,DS1027,Mumbai,Tier 1,treated,132,128,3,1,15.98,38.9,25098.0
2026-02-05,DS1028,Bhopal,Tier 2,control,148,142,5,1,16.29,35.0,28189.0
2026-02-05,DS1029,Jaipur,Tier 2,control,100,92,5,3,16.22,35.0,17641.0
2026-02-05,DS1030,Pune,Tier 1,control,206,201,3,2,16.31,35.5,45111.0
2026-02-05,DS1031,Mumbai,Tier 1,treated,148,139,9,0,15.88,40.8,32907.0
2026-02-05,DS1032,Chennai,Tier 1,control,183,176,6,1,18.17,35.0,34564.0
2026-02-05,DS1033,Jaipur,Tier 2,control,70,66,1,3,19.11,35.0,13691.0
2026-02-05,DS1034,Mumbai,Tier 1,treated,171,166,5,0,17.21,35.0,34577.0
2026-02-05,DS1035,Pune,Tier 1,control,214,203,10,1,17.06,35.0,53672.0
2026-02-05,DS1036,Lucknow,Tier 2,control,78,73,3,2,14.44,52.9,19732.0
2026-02-05,DS1037,Lucknow,Tier 2,control,111,108,2,1,17.98,35.0,20454.0
2026-02-05,DS1038,Delhi NCR,Tier 1,treated,201,191,6,4,12.23,83.1,44052.0
2026-02-05,DS1039,Lucknow,Tier 2,control,80,74,3,3,13.58,70.8,16377.0
2026-02-05,DS1040,Hyderabad,Tier 1,control,182,172,7,3,17.51,35.0,40891.0
2026-02-05,DS1041,Lucknow,Tier 2,control,109,98,9,2,17.91,35.0,20049.0
2026-02-05,DS1042,Jaipur,Tier 2,control,112,109,1,2,18.0,35.0,20032.0
2026-02-05,DS1043,Indore,Tier 2,control,88,85,2,1,14.46,58.3,16855.0
2026-02-05,DS1044,Bengaluru,Tier 1,treated,145,136,6,3,14.81,55.7,28321.0
2026-02-05,DS1045,Delhi NCR,Tier 1,treated,163,150,12,1,13.93,61.9,36827.0
2026-02-05,DS1046,Bengaluru,Tier 1,treated,156,150,5,1,15.6,36.6,30229.0
2026-02-05,DS1047,Bengaluru,Tier 1,treated,130,123,5,2,19.28,35.0,24074.0
2026-02-05,DS1048,Mumbai,Tier 1,treated,162,153,8,1,14.45,53.8,41427.0
2026-02-05,DS1049,Jaipur,Tier 2,control,111,108,1,2,14.93,45.1,21435.0
2026-02-05,DS1050,Chennai,Tier 1,control,136,132,4,0,15.27,40.0,33614.0
2026-02-05,DS1051,Chennai,Tier 1,control,175,165,9,1,15.87,44.5,29889.0
2026-02-05,DS1052,Jaipur,Tier 2,control,80,77,1,2,16.77,35.0,19228.0
2026-02-05,DS1053,Bhopal,Tier 2,control,82,76,4,2,13.97,66.5,20215.0
2026-02-05,DS1054,Pune,Tier 1,control,226,215,7,4,16.43,36.5,52758.0
2026-02-05,DS1055,Delhi NCR,Tier 1,treated,171,162,6,3,16.23,35.0,34525.0
2026-02-05,DS1056,Delhi NCR,Tier 1,treated,241,233,5,3,17.62,35.0,65507.0
2026-02-05,DS1057,Delhi NCR,Tier 1,treated,157,151,5,1,18.5,35.0,40593.0
2026-02-05,DS1058,Chennai,Tier 1,control,206,197,8,1,18.56,35.0,49825.0
2026-02-05,DS1059,Mumbai,Tier 1,treated,162,153,7,2,14.69,56.4,35425.0
2026-02-06,DS1000,Pune,Tier 1,control,244,235,6,3,16.05,36.8,58916.0
2026-02-06,DS1001,Bengaluru,Tier 1,treated,199,185,11,3,19.92,35.0,46287.0
2026-02-06,DS1002,Mumbai,Tier 1,treated,185,179,4,2,14.57,55.8,39440.0
2026-02-06,DS1003,Lucknow,Tier 2,control,106,104,1,1,17.21,35.0,20451.0
2026-02-06,DS1004,Pune,Tier 1,control,182,170,6,6,13.78,65.2,37648.0
2026-02-06,DS1005,Pune,Tier 1,control,166,158,7,1,15.85,46.3,35928.0
2026-02-06,DS1006,Pune,Tier 1,control,224,215,4,5,13.94,56.7,45124.0
2026-02-06,DS1007,Mumbai,Tier 1,treated,209,192,16,1,14.64,64.6,41104.0
2026-02-06,DS1008,Chennai,Tier 1,control,207,197,8,2,18.76,35.0,41012.0
2026-02-06,DS1009,Hyderabad,Tier 1,control,224,212,10,2,15.65,36.9,58171.0
2026-02-06,DS1010,Lucknow,Tier 2,control,77,73,3,1,19.42,35.0,16429.0
2026-02-06,DS1011,Pune,Tier 1,control,189,184,5,0,17.57,35.0,32195.0
2026-02-06,DS1012,Bengaluru,Tier 1,treated,209,202,5,2,15.8,39.6,48558.0
2026-02-06,DS1013,Pune,Tier 1,control,257,246,8,3,16.56,35.0,51408.0
2026-02-06,DS1014,Hyderabad,Tier 1,control,210,202,6,2,18.5,35.0,52489.0
2026-02-06,DS1015,Jaipur,Tier 2,control,152,142,7,3,16.02,40.4,36455.0
2026-02-06,DS1016,Mumbai,Tier 1,treated,200,193,5,2,15.98,35.0,46441.0
2026-02-06,DS1017,Chennai,Tier 1,control,142,133,9,0,14.83,51.4,30379.0
2026-02-06,DS1018,Bhopal,Tier 2,control,114,110,4,0,15.42,50.7,22664.0
2026-02-06,DS1019,Hyderabad,Tier 1,control,257,250,4,3,19.29,35.0,51886.0
2026-02-06,DS1020,Jaipur,Tier 2,control,146,140,5,1,18.59,35.0,31717.0
2026-02-06,DS1021,Bengaluru,Tier 1,treated,164,155,8,1,14.12,66.0,33501.0
2026-02-06,DS1022,Lucknow,Tier 2,control,179,173,4,2,14.71,54.8,41577.0
2026-02-06,DS1023,Mumbai,Tier 1,treated,233,224,5,4,14.88,51.5,49696.0
2026-02-06,DS1024,Mumbai,Tier 1,treated,274,265,8,1,16.1,35.0,52347.0
2026-02-06,DS1025,Jaipur,Tier 2,control,103,96,5,2,15.94,47.0,16645.0
2026-02-06,DS1026,Delhi NCR,Tier 1,treated,162,152,5,5,16.58,36.9,31237.0
2026-02-06,DS1027,Mumbai,Tier 1,treated,163,153,10,0,16.63,35.0,30724.0
2026-02-06,DS1028,Bhopal,Tier 2,control,203,194,8,1,15.19,46.1,43786.0
2026-02-06,DS1029,Jaipur,Tier 2,control,119,113,5,1,16.88,35.0,26438.0
2026-02-06,DS1030,Pune,Tier 1,control,254,246,5,3,16.65,37.1,55275.0
2026-02-06,DS1031,Mumbai,Tier 1,treated,183,177,4,2,15.25,41.7,43143.0
2026-02-06,DS1032,Chennai,Tier 1,control,206,198,6,2,17.77,35.0,53336.0
2026-02-06,DS1033,Jaipur,Tier 2,control,91,86,5,0,18.89,35.0,14166.0
2026-02-06,DS1034,Mumbai,Tier 1,treated,230,217,9,4,17.46,35.0,58726.0
2026-02-06,DS1035,Pune,Tier 1,control,264,250,10,4,16.8,35.0,57209.0
2026-02-06,DS1036,Lucknow,Tier 2,control,81,78,3,0,13.53,66.4,16777.0
2026-02-06,DS1037,Lucknow,Tier 2,control,144,139,4,1,18.87,35.0,24432.0
2026-02-06,DS1038,Delhi NCR,Tier 1,treated,225,213,10,2,13.61,66.2,52908.0
2026-02-06,DS1039,Lucknow,Tier 2,control,98,90,4,4,14.05,60.2,17205.0
2026-02-06,DS1040,Hyderabad,Tier 1,control,180,170,9,1,16.77,35.0,43564.0
2026-02-06,DS1041,Lucknow,Tier 2,control,106,101,4,1,18.2,35.0,16646.0
2026-02-06,DS1042,Jaipur,Tier 2,control,129,128,1,0,17.41,35.0,26019.0
2026-02-06,DS1043,Indore,Tier 2,control,115,107,6,2,14.7,51.2,24259.0
2026-02-06,DS1044,Bengaluru,Tier 1,treated,156,150,6,0,15.42,45.6,35942.0
2026-02-06,DS1045,Delhi NCR,Tier 1,treated,199,188,9,2,13.92,64.2,44978.0
2026-02-06,DS1046,Bengaluru,Tier 1,treated,183,171,9,3,16.53,35.0,38613.0
2026-02-06,DS1047,Bengaluru,Tier 1,treated,168,161,6,1,22.41,35.0,36919.0
2026-02-06,DS1048,Mumbai,Tier 1,treated,211,203,8,0,15.42,42.0,51572.0
2026-02-06,DS1049,Jaipur,Tier 2,control,153,147,5,1,15.62,42.6,40083.0
2026-02-06,DS1050,Chennai,Tier 1,control,151,145,5,1,14.42,55.0,30941.0
2026-02-06,DS1051,Chennai,Tier 1,control,196,186,9,1,16.62,35.0,43304.0
2026-02-06,DS1052,Jaipur,Tier 2,control,107,99,7,1,15.89,40.1,18408.0
2026-02-06,DS1053,Bhopal,Tier 2,control,93,89,3,1,16.53,35.0,21373.0
2026-02-06,DS1054,Pune,Tier 1,control,230,221,9,0,17.95,35.0,59552.0
2026-02-06,DS1055,Delhi NCR,Tier 1,treated,209,201,4,4,14.06,60.1,43201.0
2026-02-06,DS1056,Delhi NCR,Tier 1,treated,249,236,8,5,17.67,35.0,62456.0
2026-02-06,DS1057,Delhi NCR,Tier 1,treated,198,191,5,2,18.7,35.0,53351.0
2026-02-06,DS1058,Chennai,Tier 1,control,241,234,4,3,18.32,35.0,48162.0
2026-02-06,DS1059,Mumbai,Tier 1,treated,193,182,8,3,15.4,47.6,49913.0
2026-02-07,DS1000,Pune,Tier 1,control,252,243,5,4,16.16,38.0,52592.0
2026-02-07,DS1001,Bengaluru,Tier 1,treated,234,222,11,1,19.49,35.0,55129.0
2026-02-07,DS1002,Mumbai,Tier 1,treated,189,183,4,2,15.22,49.7,50254.0
2026-02-07,DS1003,Lucknow,Tier 2,control,109,101,8,0,16.41,35.0,16674.0
2026-02-07,DS1004,Pune,Tier 1,control,145,141,3,1,16.03,46.1,35805.0
2026-02-07,DS1005,Pune,Tier 1,control,132,124,5,3,16.3,40.3,32442.0
2026-02-07,DS1006,Pune,Tier 1,control,232,219,10,3,14.58,52.8,60005.0
2026-02-07,DS1007,Mumbai,Tier 1,treated,204,188,12,4,14.72,51.6,40316.0
2026-02-07,DS1008,Chennai,Tier 1,control,202,194,6,2,18.55,35.0,43087.0
2026-02-07,DS1009,Hyderabad,Tier 1,control,254,249,3,2,14.81,55.4,69570.0
2026-02-07,DS1010,Lucknow,Tier 2,control,76,73,3,0,18.27,35.0,15839.0
2026-02-07,DS1011,Pune,Tier 1,control,170,160,7,3,17.92,35.0,41128.0
2026-02-07,DS1012,Bengaluru,Tier 1,treated,197,189,6,2,17.85,35.0,34845.0
2026-02-07,DS1013,Pune,Tier 1,control,193,186,6,1,17.49,35.0,44161.0
2026-02-07,DS1014,Hyderabad,Tier 1,control,206,199,7,0,19.18,35.0,43269.0
2026-02-07,DS1015,Jaipur,Tier 2,control,169,159,7,3,14.95,54.3,26637.0
2026-02-07,DS1016,Mumbai,Tier 1,treated,223,211,8,4,15.02,44.5,56740.0
2026-02-07,DS1017,Chennai,Tier 1,control,171,164,6,1,14.38,56.4,42345.0
2026-02-07,DS1018,Bhopal,Tier 2,control,112,107,4,1,15.36,44.9,23675.0
2026-02-07,DS1019,Hyderabad,Tier 1,control,279,271,5,3,19.74,35.0,69740.0
2026-02-07,DS1020,Jaipur,Tier 2,control,128,123,3,2,18.48,35.0,29713.0
2026-02-07,DS1021,Bengaluru,Tier 1,treated,164,159,4,1,16.75,36.9,33240.0
2026-02-07,DS1022,Lucknow,Tier 2,control,143,136,3,4,15.47,41.1,27736.0
2026-02-07,DS1023,Mumbai,Tier 1,treated,249,236,8,5,16.5,35.8,58516.0
2026-02-07,DS1024,Mumbai,Tier 1,treated,266,257,7,2,16.74,35.0,66955.0
2026-02-07,DS1025,Jaipur,Tier 2,control,129,122,6,1,16.42,35.0,19906.0
2026-02-07,DS1026,Delhi NCR,Tier 1,treated,193,183,8,2,15.65,45.8,40635.0
2026-02-07,DS1027,Mumbai,Tier 1,treated,178,169,6,3,16.14,37.9,43715.0
2026-02-07,DS1028,Bhopal,Tier 2,control,185,176,8,1,14.18,62.4,37936.0
2026-02-07,DS1029,Jaipur,Tier 2,control,111,109,2,0,17.15,35.0,24367.0
2026-02-07,DS1030,Pune,Tier 1,control,289,274,13,2,15.3,45.0,77499.0
2026-02-07,DS1031,Mumbai,Tier 1,treated,190,184,5,1,16.36,35.0,43185.0
2026-02-07,DS1032,Chennai,Tier 1,control,207,194,9,4,17.0,35.0,41847.0
2026-02-07,DS1033,Jaipur,Tier 2,control,97,91,4,2,19.19,35.0,21706.0
2026-02-07,DS1034,Mumbai,Tier 1,treated,200,194,5,1,15.81,36.2,43490.0
2026-02-07,DS1035,Pune,Tier 1,control,222,217,5,0,15.73,42.1,51121.0
2026-02-07,DS1036,Lucknow,Tier 2,control,86,83,1,2,13.52,69.6,14802.0
2026-02-07,DS1037,Lucknow,Tier 2,control,145,136,6,3,16.57,35.0,25987.0
2026-02-07,DS1038,Delhi NCR,Tier 1,treated,184,172,9,3,14.11,58.1,42254.0
2026-02-07,DS1039,Lucknow,Tier 2,control,96,93,3,0,15.55,42.8,15105.0
2026-02-07,DS1040,Hyderabad,Tier 1,control,198,192,5,1,17.51,35.0,47489.0
2026-02-07,DS1041,Lucknow,Tier 2,control,98,91,5,2,15.94,35.0,19523.0
2026-02-07,DS1042,Jaipur,Tier 2,control,134,123,6,5,15.62,47.0,27958.0
2026-02-07,DS1043,Indore,Tier 2,control,107,99,6,2,13.82,69.3,17440.0
2026-02-07,DS1044,Bengaluru,Tier 1,treated,170,161,8,1,17.35,35.0,43094.0
2026-02-07,DS1045,Delhi NCR,Tier 1,treated,193,182,6,5,14.56,62.2,31792.0
2026-02-07,DS1046,Bengaluru,Tier 1,treated,188,185,2,1,16.98,35.0,50214.0
2026-02-07,DS1047,Bengaluru,Tier 1,treated,175,169,6,0,19.12,35.0,33491.0
2026-02-07,DS1048,Mumbai,Tier 1,treated,238,224,13,1,15.89,39.1,57379.0
2026-02-07,DS1049,Jaipur,Tier 2,control,128,121,6,1,15.96,40.1,27147.0
2026-02-07,DS1050,Chennai,Tier 1,control,152,144,8,0,13.48,67.1,31236.0
2026-02-07,DS1051,Chennai,Tier 1,control,223,210,8,5,16.73,35.0,51089.0
2026-02-07,DS1052,Jaipur,Tier 2,control,110,107,2,1,15.34,43.9,21166.0
2026-02-07,DS1053,Bhopal,Tier 2,control,106,102,3,1,14.58,49.3,21163.0
2026-02-07,DS1054,Pune,Tier 1,control,236,227,6,3,15.87,37.0,51028.0
2026-02-07,DS1055,Delhi NCR,Tier 1,treated,201,196,5,0,15.1,47.1,53198.0
2026-02-07,DS1056,Delhi NCR,Tier 1,treated,224,216,4,4,18.78,35.0,58115.0
2026-02-07,DS1057,Delhi NCR,Tier 1,treated,192,182,9,1,18.13,35.0,40767.0
2026-02-07,DS1058,Chennai,Tier 1,control,240,233,5,2,16.75,35.0,49662.0
2026-02-07,DS1059,Mumbai,Tier 1,treated,207,196,8,3,14.91,49.5,48636.0
2026-02-08,DS1000,Pune,Tier 1,control,206,194,10,2,17.66,35.0,51165.0
2026-02-08,DS1001,Bengaluru,Tier 1,treated,178,171,7,0,19.01,35.0,48534.0
2026-02-08,DS1002,Mumbai,Tier 1,treated,163,152,7,4,16.17,36.3,40431.0
2026-02-08,DS1003,Lucknow,Tier 2,control,97,91,4,2,15.4,42.6,22846.0
2026-02-08,DS1004,Pune,Tier 1,control,119,113,3,3,16.11,36.5,22764.0
2026-02-08,DS1005,Pune,Tier 1,control,140,138,1,1,17.69,35.0,35241.0
2026-02-08,DS1006,Pune,Tier 1,control,193,185,6,2,15.18,49.2,44941.0
2026-02-08,DS1007,Mumbai,Tier 1,treated,170,164,2,4,14.04,60.6,39765.0
2026-02-08,DS1008,Chennai,Tier 1,control,163,157,2,4,20.11,35.0,40784.0
2026-02-08,DS1009,Hyderabad,Tier 1,control,216,209,4,3,14.95,57.0,44519.0
2026-02-08,DS1010,Lucknow,Tier 2,control,52,51,1,0,17.87,35.0,9501.0
2026-02-08,DS1011,Pune,Tier 1,control,154,145,7,2,18.9,35.0,35230.0
2026-02-08,DS1012,Bengaluru,Tier 1,treated,182,176,5,1,17.18,35.0,41105.0
2026-02-08,DS1013,Pune,Tier 1,control,195,190,4,1,16.3,35.0,48931.0
2026-02-08,DS1014,Hyderabad,Tier 1,control,165,161,3,1,19.68,35.0,43729.0
2026-02-08,DS1015,Jaipur,Tier 2,control,119,116,2,1,16.9,35.0,25473.0
2026-02-08,DS1016,Mumbai,Tier 1,treated,177,169,6,2,15.07,57.6,39335.0
2026-02-08,DS1017,Chennai,Tier 1,control,123,114,6,3,13.05,68.2,28553.0
2026-02-08,DS1018,Bhopal,Tier 2,control,77,75,2,0,15.41,43.7,18396.0
2026-02-08,DS1019,Hyderabad,Tier 1,control,212,205,6,1,17.34,35.0,57185.0
2026-02-08,DS1020,Jaipur,Tier 2,control,116,112,3,1,19.74,35.0,21418.0
2026-02-08,DS1021,Bengaluru,Tier 1,treated,116,108,4,4,13.75,68.8,27794.0
2026-02-08,DS1022,Lucknow,Tier 2,control,130,123,7,0,15.54,37.6,18860.0
2026-02-08,DS1023,Mumbai,Tier 1,treated,192,184,6,2,15.55,40.2,37640.0
2026-02-08,DS1024,Mumbai,Tier 1,treated,221,208,10,3,18.04,35.0,48596.0
2026-02-08,DS1025,Jaipur,Tier 2,control,79,75,4,0,15.47,48.5,16764.0
2026-02-08,DS1026,Delhi NCR,Tier 1,treated,163,155,7,1,16.77,35.0,36860.0
2026-02-08,DS1027,Mumbai,Tier 1,treated,166,156,7,3,14.45,53.8,35187.0
2026-02-08,DS1028,Bhopal,Tier 2,control,160,147,8,5,16.15,40.5,36633.0
2026-02-08,DS1029,Jaipur,Tier 2,control,102,95,1,6,16.84,35.0,21314.0
2026-02-08,DS1030,Pune,Tier 1,control,248,234,9,5,16.41,35.2,57167.0
2026-02-08,DS1031,Mumbai,Tier 1,treated,152,143,8,1,14.88,49.4,32519.0
2026-02-08,DS1032,Chennai,Tier 1,control,201,193,5,3,16.97,35.0,42205.0
2026-02-08,DS1033,Jaipur,Tier 2,control,80,76,2,2,19.71,35.0,17409.0
2026-02-08,DS1034,Mumbai,Tier 1,treated,175,166,8,1,17.27,35.0,30747.0
2026-02-08,DS1035,Pune,Tier 1,control,217,209,4,4,16.51,35.0,45043.0
2026-02-08,DS1036,Lucknow,Tier 2,control,100,95,4,1,13.69,68.1,21063.0
2026-02-08,DS1037,Lucknow,Tier 2,control,118,107,9,2,17.35,35.0,20823.0
2026-02-08,DS1038,Delhi NCR,Tier 1,treated,177,169,6,2,14.07,57.0,38453.0
2026-02-08,DS1039,Lucknow,Tier 2,control,81,79,2,0,14.49,49.2,16846.0
2026-02-08,DS1040,Hyderabad,Tier 1,control,164,161,3,0,17.55,35.0,44327.0
2026-02-08,DS1041,Lucknow,Tier 2,control,112,105,7,0,17.46,35.0,18841.0
2026-02-08,DS1042,Jaipur,Tier 2,control,96,92,1,3,16.93,35.0,15190.0
2026-02-08,DS1043,Indore,Tier 2,control,105,98,6,1,13.58,70.9,18532.0
2026-02-08,DS1044,Bengaluru,Tier 1,treated,153,149,4,0,16.56,36.1,33988.0
2026-02-08,DS1045,Delhi NCR,Tier 1,treated,168,158,6,4,14.02,60.7,37294.0
2026-02-08,DS1046,Bengaluru,Tier 1,treated,140,133,4,3,17.99,35.0,34721.0
2026-02-08,DS1047,Bengaluru,Tier 1,treated,106,103,1,2,19.41,35.0,23385.0
2026-02-08,DS1048,Mumbai,Tier 1,treated,157,146,6,5,16.53,35.0,33521.0
2026-02-08,DS1049,Jaipur,Tier 2,control,139,127,9,3,14.63,56.6,26752.0
2026-02-08,DS1050,Chennai,Tier 1,control,136,127,5,4,13.82,63.2,30800.0
2026-02-08,DS1051,Chennai,Tier 1,control,173,164,6,3,15.91,35.0,42251.0
2026-02-08,DS1052,Jaipur,Tier 2,control,87,84,3,0,15.97,42.1,15202.0
2026-02-08,DS1053,Bhopal,Tier 2,control,68,67,1,0,14.7,52.4,12800.0
2026-02-08,DS1054,Pune,Tier 1,control,209,202,4,3,15.57,42.2,47882.0
2026-02-08,DS1055,Delhi NCR,Tier 1,treated,201,194,6,1,14.42,52.2,44236.0
2026-02-08,DS1056,Delhi NCR,Tier 1,treated,199,192,4,3,17.15,35.0,52477.0
2026-02-08,DS1057,Delhi NCR,Tier 1,treated,145,135,8,2,17.16,35.0,37761.0
2026-02-08,DS1058,Chennai,Tier 1,control,195,187,7,1,18.37,35.0,53620.0
2026-02-08,DS1059,Mumbai,Tier 1,treated,168,160,5,3,15.59,42.1,34468.0
2026-02-09,DS1000,Pune,Tier 1,control,199,194,3,2,17.5,35.0,40635.0
2026-02-09,DS1001,Bengaluru,Tier 1,treated,166,158,4,4,19.33,35.0,41397.0
2026-02-09,DS1002,Mumbai,Tier 1,treated,160,151,6,3,15.05,51.7,38048.0
2026-02-09,DS1003,Lucknow,Tier 2,control,99,95,2,2,15.56,39.9,22826.0
2026-02-09,DS1004,Pune,Tier 1,control,152,148,2,2,14.55,49.9,38363.0
2026-02-09,DS1005,Pune,Tier 1,control,129,124,5,0,15.53,43.6,29007.0
2026-02-09,DS1006,Pune,Tier 1,control,240,229,8,3,13.97,55.9,56862.0
2026-02-09,DS1007,Mumbai,Tier 1,treated,157,153,4,0,14.87,54.5,35253.0
2026-02-09,DS1008,Chennai,Tier 1,control,176,171,3,2,18.0,35.0,49415.0
2026-02-09,DS1009,Hyderabad,Tier 1,control,227,221,5,1,15.72,42.5,55408.0
2026-02-09,DS1010,Lucknow,Tier 2,control,72,70,1,1,17.16,35.0,17365.0
2026-02-09,DS1011,Pune,Tier 1,control,148,140,7,1,18.95,35.0,36563.0
2026-02-09,DS1012,Bengaluru,Tier 1,treated,159,149,7,3,17.26,35.0,33335.0
2026-02-09,DS1013,Pune,Tier 1,control,192,186,4,2,18.16,35.0,50234.0
2026-02-09,DS1014,Hyderabad,Tier 1,control,176,170,4,2,-1.979,35.0,49442.0
2026-02-09,DS1015,Jaipur,Tier 2,control,139,133,4,2,17.59,35.0,28199.0
2026-02-09,DS1016,Mumbai,Tier 1,treated,198,184,9,5,15.65,38.1,41279.0
2026-02-09,DS1017,Chennai,Tier 1,control,138,133,4,1,15.52,41.8,31825.0
2026-02-09,DS1018,Bhopal,Tier 2,control,98,95,0,3,16.0,39.4,19386.0
2026-02-09,DS1019,Hyderabad,Tier 1,control,210,201,7,2,19.43,35.0,41456.0
2026-02-09,DS1020,Jaipur,Tier 2,control,108,102,5,1,18.54,35.0,22303.0
2026-02-09,DS1021,Bengaluru,Tier 1,treated,111,107,3,1,14.35,60.9,21632.0
2026-02-09,DS1022,Lucknow,Tier 2,control,143,135,3,5,14.75,51.7,28722.0
2026-02-09,DS1023,Mumbai,Tier 1,treated,202,194,5,3,15.08,50.2,42729.0
2026-02-09,DS1024,Mumbai,Tier 1,treated,210,202,3,5,16.4,35.0,45490.0
2026-02-09,DS1025,Jaipur,Tier 2,control,88,85,3,0,15.1,56.8,14957.0
2026-02-09,DS1026,Delhi NCR,Tier 1,treated,174,168,4,2,16.59,35.0,35570.0
2026-02-09,DS1027,Mumbai,Tier 1,treated,141,136,5,0,15.58,42.8,30702.0
2026-02-09,DS1028,Bhopal,Tier 2,control,145,141,3,1,15.14,48.1,26685.0
2026-02-09,DS1029,Jaipur,Tier 2,control,107,103,4,0,17.56,35.0,16350.0
2026-02-09,DS1030,Pune,Tier 1,control,218,204,12,2,17.63,35.0,55809.0
2026-02-09,DS1031,Mumbai,Tier 1,treated,159,150,8,1,18.05,35.0,33157.0
2026-02-09,DS1032,Chennai,Tier 1,control,179,173,3,3,17.82,35.0,31439.0
2026-02-09,DS1033,Jaipur,Tier 2,control,84,81,1,2,19.61,35.0,20560.0
2026-02-09,DS1034,Mumbai,Tier 1,treated,145,141,3,1,18.71,35.0,38666.0
2026-02-09,DS1035,Pune,Tier 1,control,201,189,8,4,16.32,35.0,37036.0
2026-02-09,DS1036,Lucknow,Tier 2,control,78,74,4,0,13.13,71.6,15390.0
2026-02-09,DS1037,Lucknow,Tier 2,control,135,130,4,1,15.8,41.1,24026.0
2026-02-09,DS1038,Delhi NCR,Tier 1,treated,186,175,7,4,11.8,80.0,46460.0
2026-02-09,DS1039,Lucknow,Tier 2,control,74,72,2,0,14.4,55.8,9746.0
2026-02-09,DS1040,Hyderabad,Tier 1,control,179,161,10,8,16.49,38.1,39178.0
2026-02-09,DS1041,Lucknow,Tier 2,control,94,88,5,1,18.37,35.0,19132.0
2026-02-09,DS1042,Jaipur,Tier 2,control,97,94,2,1,15.77,36.1,17324.0
2026-02-09,DS1043,Indore,Tier 2,control,76,73,2,1,12.44,75.5,13652.0
2026-02-09,DS1044,Bengaluru,Tier 1,treated,150,144,4,2,16.03,35.0,39707.0
2026-02-09,DS1045,Delhi NCR,Tier 1,treated,198,190,8,0,14.43,55.6,36805.0
2026-02-09,DS1046,Bengaluru,Tier 1,treated,135,132,3,0,17.87,35.0,29965.0
2026-02-09,DS1047,Bengaluru,Tier 1,treated,124,120,2,2,19.35,35.0,27166.0
2026-02-09,DS1048,Mumbai,Tier 1,treated,182,173,9,0,17.71,35.0,35609.0
2026-02-09,DS1049,Jaipur,Tier 2,control,134,126,6,2,15.21,53.2,24460.0
2026-02-09,DS1050,Chennai,Tier 1,control,157,145,10,2,14.65,51.2,38275.0
2026-02-09,DS1051,Chennai,Tier 1,control,196,182,11,3,15.94,37.7,51842.0
2026-02-09,DS1052,Jaipur,Tier 2,control,86,84,2,0,17.47,35.0,17782.0
2026-02-09,DS1053,Bhopal,Tier 2,control,73,69,2,2,14.28,63.0,13908.0
2026-02-09,DS1054,Pune,Tier 1,control,176,171,4,1,16.98,35.0,35968.0
2026-02-09,DS1055,Delhi NCR,Tier 1,treated,183,170,8,5,16.0,41.0,41106.0
2026-02-09,DS1056,Delhi NCR,Tier 1,treated,209,198,7,4,18.53,35.0,52548.0
2026-02-09,DS1057,Delhi NCR,Tier 1,treated,151,138,12,1,16.76,35.0,33567.0
2026-02-09,DS1058,Chennai,Tier 1,control,176,172,4,0,17.21,35.0,43541.0
2026-02-09,DS1059,Mumbai,Tier 1,treated,164,158,3,3,16.19,35.7,35499.0
2026-02-10,DS1000,Pune,Tier 1,control,220,214,4,2,15.59,47.3,44175.0
2026-02-10,DS1001,Bengaluru,Tier 1,treated,162,147,11,4,19.64,35.0,36246.0
2026-02-10,DS1002,Mumbai,Tier 1,treated,170,165,2,3,14.37,59.0,39910.0
2026-02-10,DS1003,Lucknow,Tier 2,control,96,89,7,0,15.73,46.6,23471.0
2026-02-10,DS1004,Pune,Tier 1,control,136,130,4,2,15.73,43.8,28429.0
2026-02-10,DS1005,Pune,Tier 1,control,136,132,2,2,16.83,35.3,25062.0
2026-02-10,DS1006,Pune,Tier 1,control,213,205,8,0,13.4,68.8,56838.0
2026-02-10,DS1007,Mumbai,Tier 1,treated,173,168,4,1,14.11,55.8,45589.0
2026-02-10,DS1008,Chennai,Tier 1,control,188,180,5,3,19.1,35.0,37459.0
2026-02-10,DS1009,Hyderabad,Tier 1,control,190,186,3,1,14.19,56.6,41917.0
2026-02-10,DS1010,Lucknow,Tier 2,control,76,73,1,2,19.23,35.0,14041.0
2026-02-10,DS1011,Pune,Tier 1,control,137,128,8,1,19.14,35.0,28056.0
2026-02-10,DS1012,Bengaluru,Tier 1,treated,190,181,6,3,17.22,35.0,39608.0
2026-02-10,DS1013,Pune,Tier 1,control,185,177,5,3,17.18,35.0,48503.0
2026-02-10,DS1014,Hyderabad,Tier 1,control,179,171,7,1,17.93,35.0,41556.0
2026-02-10,DS1015,Jaipur,Tier 2,control,128,123,3,2,17.01,35.0,25163.0
2026-02-10,DS1016,Mumbai,Tier 1,treated,195,183,10,2,16.04,42.3,36727.0
2026-02-10,DS1017,Chennai,Tier 1,control,124,115,8,1,14.77,49.7,27772.0
2026-02-10,DS1018,Bhopal,Tier 2,control,104,99,4,1,16.23,35.0,22728.0
2026-02-10,DS1019,Hyderabad,Tier 1,control,215,206,8,1,18.47,35.0,63207.0
2026-02-10,DS1020,Jaipur,Tier 2,control,109,104,5,0,18.1,35.0,22738.0
2026-02-10,DS1021,Bengaluru,Tier 1,treated,121,118,2,1,14.58,61.3,27255.0
2026-02-10,DS1022,Lucknow,Tier 2,control,129,125,3,1,13.71,65.4,17912.0
2026-02-10,DS1023,Mumbai,Tier 1,treated,215,205,8,2,16.38,35.0,48692.0
2026-02-10,DS1024,Mumbai,Tier 1,treated,245,238,4,3,16.26,37.5,51516.0
2026-02-10,DS1025,Jaipur,Tier 2,control,86,83,2,1,15.4,42.7,16226.0
2026-02-10,DS1026,Delhi NCR,Tier 1,treated,162,155,4,3,17.23,35.0,44417.0
2026-02-10,DS1027,Mumbai,Tier 1,treated,157,148,8,1,16.76,35.0,31266.0
2026-02-10,DS1028,Bhopal,Tier 2,control,154,151,2,1,16.59,36.1,34177.0
2026-02-10,DS1029,Jaipur,Tier 2,control,94,90,3,1,17.25,35.0,16659.0
2026-02-10,DS1030,Pune,Tier 1,control,254,237,12,5,15.87,40.8,52349.0
2026-02-10,DS1031,Mumbai,Tier 1,treated,168,163,5,0,15.05,52.1,38076.0
2026-02-10,DS1032,Chennai,Tier 1,control,197,186,7,4,16.91,35.0,40065.0
2026-02-10,DS1033,Jaipur,Tier 2,control,78,76,2,0,19.59,35.0,14299.0
2026-02-10,DS1034,Mumbai,Tier 1,treated,182,172,7,3,16.68,35.0,39414.0
2026-02-10,DS1035,Pune,Tier 1,control,228,212,11,5,17.12,35.0,44253.0
2026-02-10,DS1036,Lucknow,Tier 2,control,81,76,4,1,12.38,73.3,15004.0
2026-02-10,DS1037,Lucknow,Tier 2,control,132,121,8,3,17.0,35.0,27403.0
2026-02-10,DS1038,Delhi NCR,Tier 1,treated,216,211,3,2,12.43,78.4,48085.0
2026-02-10,DS1039,Lucknow,Tier 2,control,81,78,1,2,13.29,64.4,19455.0
2026-02-10,DS1040,Hyderabad,Tier 1,control,145,140,4,1,17.08,35.0,29560.0
2026-02-10,DS1041,Lucknow,Tier 2,control,90,88,2,0,17.41,35.0,17561.0
2026-02-10,DS1042,Jaipur,Tier 2,control,109,102,5,2,16.67,35.0,19248.0
2026-02-10,DS1043,Indore,Tier 2,control,89,82,5,2,12.57,75.3,14926.0
2026-02-10,DS1044,Bengaluru,Tier 1,treated,159,152,5,2,14.68,57.6,33344.0
2026-02-10,DS1045,Delhi NCR,Tier 1,treated,171,164,7,0,17.74,35.0,45637.0
2026-02-10,DS1046,Bengaluru,Tier 1,treated,138,133,3,2,18.51,35.0,33255.0
2026-02-10,DS1047,Bengaluru,Tier 1,treated,136,131,4,1,19.88,35.0,33866.0
2026-02-10,DS1048,Mumbai,Tier 1,treated,193,176,14,3,18.04,35.0,38724.0
2026-02-10,DS1049,Jaipur,Tier 2,control,117,110,5,2,15.88,39.4,21730.0
2026-02-10,DS1050,Chennai,Tier 1,control,128,118,10,0,16.36,35.0,29768.0
2026-02-10,DS1051,Chennai,Tier 1,control,191,183,7,1,15.09,46.6,42114.0
2026-02-10,DS1052,Jaipur,Tier 2,control,94,89,5,0,16.62,37.6,15768.0
2026-02-10,DS1053,Bhopal,Tier 2,control,88,85,3,0,14.83,45.6,19212.0
2026-02-10,DS1054,Pune,Tier 1,control,239,228,8,3,15.92,43.0,66930.0
2026-02-10,DS1055,Delhi NCR,Tier 1,treated,160,154,4,2,13.53,71.2,37827.0
2026-02-10,DS1056,Delhi NCR,Tier 1,treated,248,239,8,1,17.31,35.0,56985.0
2026-02-10,DS1057,Delhi NCR,Tier 1,treated,155,146,7,2,18.94,35.0,42355.0
2026-02-10,DS1058,Chennai,Tier 1,control,207,199,8,0,18.25,35.0,49044.0
2026-02-10,DS1059,Mumbai,Tier 1,treated,179,170,8,1,15.57,43.2,37374.0
2026-02-11,DS1000,Pune,Tier 1,control,201,189,8,4,16.7,35.0,48448.0
2026-02-11,DS1001,Bengaluru,Tier 1,treated,189,182,4,3,18.74,35.0,46524.0
2026-02-11,DS1002,Mumbai,Tier 1,treated,158,149,8,1,15.65,43.3,33088.0
2026-02-11,DS1003,Lucknow,Tier 2,control,92,84,7,1,16.99,35.0,15666.0
2026-02-11,DS1004,Pune,Tier 1,control,136,132,3,1,14.5,51.4,34526.0
2026-02-11,DS1005,Pune,Tier 1,control,131,126,3,2,18.1,35.0,27650.0
2026-02-11,DS1006,Pune,Tier 1,control,199,190,7,2,13.53,68.4,32556.0
2026-02-11,DS1007,Mumbai,Tier 1,treated,185,181,3,1,15.12,58.3,41568.0
2026-02-11,DS1008,Chennai,Tier 1,control,231,220,10,1,19.46,35.0,43110.0
2026-02-11,DS1009,Hyderabad,Tier 1,control,199,191,7,1,15.75,40.8,43135.0
2026-02-11,DS1010,Lucknow,Tier 2,control,68,66,2,0,18.93,35.0,9588.0
2026-02-11,DS1011,Pune,Tier 1,control,153,147,3,3,16.71,35.0,34181.0
2026-02-11,DS1012,Bengaluru,Tier 1,treated,161,154,6,1,16.22,37.1,41711.0
2026-02-11,DS1013,Pune,Tier 1,control,195,184,7,4,18.34,35.0,49418.0
2026-02-11,DS1014,Hyderabad,Tier 1,control,161,159,2,0,19.56,35.0,44021.0
2026-02-11,DS1015,Jaipur,Tier 2,control,139,133,6,0,16.38,40.5,27549.0
2026-02-11,DS1016,Mumbai,Tier 1,treated,177,166,7,4,14.02,60.6,44667.0
2026-02-11,DS1017,Chennai,Tier 1,control,142,134,6,2,12.81,71.8,30841.0
2026-02-11,DS1018,Bhopal,Tier 2,control,102,98,2,2,17.06,35.0,18887.0
2026-02-11,DS1019,Hyderabad,Tier 1,control,237,224,11,2,18.02,35.0,61122.0
2026-02-11,DS1020,Jaipur,Tier 2,control,131,124,5,2,16.24,35.0,25471.0
2026-02-11,DS1021,Bengaluru,Tier 1,treated,132,127,4,1,14.11,58.8,30677.0
2026-02-11,DS1022,Lucknow,Tier 2,control,127,124,1,2,15.47,41.1,22847.0
2026-02-11,DS1023,Mumbai,Tier 1,treated,180,173,4,3,14.83,47.3,45873.0
2026-02-11,DS1024,Mumbai,Tier 1,treated,221,217,3,1,16.77,35.0,52234.0
2026-02-11,DS1025,Jaipur,Tier 2,control,81,75,5,1,14.55,57.4,12860.0
2026-02-11,DS1026,Delhi NCR,Tier 1,treated,175,170,4,1,17.82,35.0,44091.0
2026-02-11,DS1027,Mumbai,Tier 1,treated,140,133,6,1,17.78,35.0,37068.0
2026-02-11,DS1028,Bhopal,Tier 2,control,160,151,6,3,15.09,45.9,29593.0
2026-02-11,DS1029,Jaipur,Tier 2,control,90,86,1,3,17.54,35.0,15832.0
2026-02-11,DS1030,Pune,Tier 1,control,234,223,9,2,16.27,35.0,60873.0
2026-02-11,DS1031,Mumbai,Tier 1,treated,159,151,6,2,15.58,50.4,41088.0
2026-02-11,DS1032,Chennai,Tier 1,control,160,150,7,3,17.23,35.0,34116.0
2026-02-11,DS1033,Jaipur,Tier 2,control,62,59,2,1,19.86,35.0,14123.0
2026-02-11,DS1034,Mumbai,Tier 1,treated,154,148,3,3,17.74,35.0,31024.0
2026-02-11,DS1035,Pune,Tier 1,control,201,191,8,2,16.9,35.0,43838.0
2026-02-11,DS1036,Lucknow,Tier 2,control,86,84,2,0,12.84,68.9,17853.0
2026-02-11,DS1037,Lucknow,Tier 2,control,128,120,7,1,16.28,35.0,27758.0
2026-02-11,DS1038,Delhi NCR,Tier 1,treated,197,192,4,1,14.62,55.5,43352.0
2026-02-11,DS1039,Lucknow,Tier 2,control,79,75,4,0,13.84,62.9,18248.0
2026-02-11,DS1040,Hyderabad,Tier 1,control,159,150,7,2,15.76,35.6,37236.0
2026-02-11,DS1041,Lucknow,Tier 2,control,81,80,1,0,18.45,35.0,18443.0
2026-02-11,DS1042,Jaipur,Tier 2,control,117,112,4,1,17.46,35.0,30059.0
2026-02-11,DS1043,Indore,Tier 2,control,108,105,2,1,13.17,70.1,20787.0
2026-02-11,DS1044,Bengaluru,Tier 1,treated,127,122,2,3,16.2,35.0,25340.0
2026-02-11,DS1045,Delhi NCR,Tier 1,treated,188,181,3,4,15.96,41.8,42315.0
2026-02-11,DS1046,Bengaluru,Tier 1,treated,140,130,7,3,17.76,35.0,37542.0
2026-02-11,DS1047,Bengaluru,Tier 1,treated,127,122,4,1,18.79,35.0,27553.0
2026-02-11,DS1048,Mumbai,Tier 1,treated,173,163,8,2,16.34,37.2,35912.0
2026-02-11,DS1049,Jaipur,Tier 2,control,139,133,6,0,15.51,44.0,21175.0
2026-02-11,DS1050,Chennai,Tier 1,control,134,126,7,1,13.98,61.6,24171.0
2026-02-11,DS1051,Chennai,Tier 1,control,203,195,5,3,14.83,49.9,45528.0
2026-02-11,DS1052,Jaipur,Tier 2,control,78,75,3,0,16.15,38.4,14682.0
2026-02-11,DS1053,Bhopal,Tier 2,control,82,80,1,1,13.91,67.3,14718.0
2026-02-11,DS1054,Pune,Tier 1,control,202,196,6,0,15.97,42.7,38223.0
2026-02-11,DS1055,Delhi NCR,Tier 1,treated,178,173,5,0,13.7,64.9,38821.0
2026-02-11,DS1056,Delhi NCR,Tier 1,treated,228,219,8,1,18.32,35.0,47938.0
2026-02-11,DS1057,Delhi NCR,Tier 1,treated,139,132,2,5,18.18,35.0,31702.0
2026-02-11,DS1058,Chennai,Tier 1,control,186,181,2,3,17.33,35.0,40497.0
2026-02-11,DS1059,Mumbai,Tier 1,treated,144,136,7,1,15.15,48.1,37853.0
2026-02-12,DS1000,Pune,Tier 1,control,207,190,14,3,16.23,36.2,43976.0
2026-02-12,DS1001,Bengaluru,Tier 1,treated,170,160,7,3,18.26,35.0,37023.0
2026-02-12,DS1002,Mumbai,Tier 1,treated,155,147,6,2,16.5,35.0,41086.0
2026-02-12,DS1003,Lucknow,Tier 2,control,109,102,7,0,15.49,45.8,23499.0
2026-02-12,DS1004,Pune,Tier 1,control,129,123,5,1,14.19,57.8,31382.0
2026-02-12,DS1005,Pune,Tier 1,control,144,142,1,1,16.32,35.0,30879.0
2026-02-12,DS1006,Pune,Tier 1,control,230,216,12,2,13.71,64.2,40522.0
2026-02-12,DS1007,Mumbai,Tier 1,treated,172,166,5,1,15.19,44.5,32056.0
2026-02-12,DS1008,Chennai,Tier 1,control,200,192,7,1,19.43,35.0,44588.0
2026-02-12,DS1009,Hyderabad,Tier 1,control,204,197,5,2,12.54,81.1,36089.0
2026-02-12,DS1010,Lucknow,Tier 2,control,61,60,1,0,16.92,35.0,11155.0
2026-02-12,DS1011,Pune,Tier 1,control,144,138,4,2,18.75,35.0,33908.0
2026-02-12,DS1012,Bengaluru,Tier 1,treated,195,184,8,3,17.77,35.0,41942.0
2026-02-12,DS1013,Pune,Tier 1,control,204,193,9,2,17.24,35.0,46993.0
2026-02-12,DS1014,Hyderabad,Tier 1,control,153,148,2,3,18.08,35.0,36886.0
2026-02-12,DS1015,Jaipur,Tier 2,control,120,115,5,0,16.42,35.0,26681.0
2026-02-12,DS1016,Mumbai,Tier 1,treated,212,208,2,2,15.3,47.7,55314.0
2026-02-12,DS1017,Chennai,Tier 1,control,133,127,3,3,14.43,56.0,25952.0
2026-02-12,DS1018,Bhopal,Tier 2,control,78,73,5,0,15.64,48.4,18174.0
2026-02-12,DS1019,Hyderabad,Tier 1,control,223,216,6,1,19.75,35.0,49619.0
2026-02-12,DS1020,Jaipur,Tier 2,control,108,105,3,0,16.96,35.0,21245.0
2026-02-12,DS1021,Bengaluru,Tier 1,treated,136,128,5,3,15.6,41.8,33395.0
2026-02-12,DS1022,Lucknow,Tier 2,control,117,115,1,1,13.79,67.4,22645.0
2026-02-12,DS1023,Mumbai,Tier 1,treated,192,183,7,2,15.04,53.9,40222.0
2026-02-12,DS1024,Mumbai,Tier 1,treated,231,224,5,2,16.61,35.7,54600.0
2026-02-12,DS1025,Jaipur,Tier 2,control,107,102,4,1,15.91,39.8,17712.0
2026-02-12,DS1026,Delhi NCR,Tier 1,treated,168,159,5,4,17.24,35.0,43431.0
2026-02-12,DS1027,Mumbai,Tier 1,treated,166,162,2,2,16.0,37.3,27652.0
2026-02-12,DS1028,Bhopal,Tier 2,control,160,149,5,6,16.01,38.2,31027.0
2026-02-12,DS1029,Jaipur,Tier 2,control,92,90,2,0,15.46,42.2,17682.0
2026-02-12,DS1030,Pune,Tier 1,control,212,200,9,3,16.15,35.8,43585.0
2026-02-12,DS1031,Mumbai,Tier 1,treated,136,130,5,1,16.95,35.0,30450.0
2026-02-12,DS1032,Chennai,Tier 1,control,186,176,6,4,15.78,39.6,28841.0
2026-02-12,DS1033,Jaipur,Tier 2,control,74,69,4,1,21.08,35.0,11101.0
2026-02-12,DS1034,Mumbai,Tier 1,treated,154,147,5,2,16.51,35.0,35604.0
2026-02-12,DS1035,Pune,Tier 1,control,217,208,6,3,16.79,35.0,53281.0
2026-02-12,DS1036,Lucknow,Tier 2,control,100,94,4,2,13.49,75.0,16059.0
2026-02-12,DS1037,Lucknow,Tier 2,control,102,99,2,1,16.1,40.2,20184.0
2026-02-12,DS1038,Delhi NCR,Tier 1,treated,173,165,7,1,13.47,68.6,33852.0
2026-02-12,DS1039,Lucknow,Tier 2,control,99,91,2,6,15.35,46.5,23936.0
2026-02-12,DS1040,Hyderabad,Tier 1,control,162,154,5,3,19.32,35.0,36419.0
2026-02-12,DS1041,Lucknow,Tier 2,control,101,99,2,0,17.67,35.0,19747.0
2026-02-12,DS1042,Jaipur,Tier 2,control,102,99,3,0,17.83,35.0,24089.0
2026-02-12,DS1043,Indore,Tier 2,control,107,102,5,0,14.15,56.5,19080.0
2026-02-12,DS1044,Bengaluru,Tier 1,treated,135,129,5,1,16.19,35.0,29854.0
2026-02-12,DS1045,Delhi NCR,Tier 1,treated,183,174,2,7,16.44,35.0,42602.0
2026-02-12,DS1046,Bengaluru,Tier 1,treated,128,125,2,1,17.8,35.0,28931.0
2026-02-12,DS1047,Bengaluru,Tier 1,treated,142,132,8,2,19.28,35.0,27420.0
2026-02-12,DS1048,Mumbai,Tier 1,treated,164,156,6,2,15.95,39.0,50728.0
2026-02-12,DS1049,Jaipur,Tier 2,control,118,116,2,0,14.26,57.3,23896.0
2026-02-12,DS1050,Chennai,Tier 1,control,140,136,3,1,15.16,45.9,31532.0
2026-02-12,DS1051,Chennai,Tier 1,control,191,185,4,2,15.39,38.7,39612.0
2026-02-12,DS1052,Jaipur,Tier 2,control,80,76,4,0,15.54,41.5,14921.0
2026-02-12,DS1053,Bhopal,Tier 2,control,102,96,4,2,14.59,55.9,23932.0
2026-02-12,DS1054,Pune,Tier 1,control,226,215,7,4,17.06,35.0,58581.0
2026-02-12,DS1055,Delhi NCR,Tier 1,treated,159,150,6,3,13.16,75.0,39226.0
2026-02-12,DS1056,Delhi NCR,Tier 1,treated,244,236,5,3,18.25,35.0,54708.0
2026-02-12,DS1057,Delhi NCR,Tier 1,treated,174,165,8,1,18.02,35.0,33142.0
2026-02-12,DS1058,Chennai,Tier 1,control,216,209,5,2,18.09,35.0,47096.0
2026-02-12,DS1059,Mumbai,Tier 1,treated,172,167,4,1,14.21,60.9,38653.0
2026-02-13,DS1000,Pune,Tier 1,control,258,247,7,4,16.15,36.0,59420.0
2026-02-13,DS1001,Bengaluru,Tier 1,treated,212,203,8,1,19.73,35.0,30953.0
2026-02-13,DS1002,Mumbai,Tier 1,treated,224,213,10,1,14.91,45.8,49594.0
2026-02-13,DS1003,Lucknow,Tier 2,control,130,123,4,3,16.47,35.0,26563.0
2026-02-13,DS1004,Pune,Tier 1,control,193,187,3,3,16.06,35.0,32784.0
2026-02-13,DS1005,Pune,Tier 1,control,156,149,5,2,16.76,35.0,38217.0
2026-02-13,DS1006,Pune,Tier 1,control,212,204,7,1,13.72,61.4,56517.0
2026-02-13,DS1007,Mumbai,Tier 1,treated,233,223,8,2,15.54,43.4,52756.0
2026-02-13,DS1008,Chennai,Tier 1,control,195,189,4,2,17.57,35.0,49192.0
2026-02-13,DS1009,Hyderabad,Tier 1,control,260,249,7,4,13.47,67.7,61143.0
2026-02-13,DS1010,Lucknow,Tier 2,control,88,87,1,0,18.13,35.0,14426.0
2026-02-13,DS1011,Pune,Tier 1,control,183,174,9,0,20.23,35.0,47527.0
2026-02-13,DS1012,Bengaluru,Tier 1,treated,184,180,4,0,15.19,56.9,36167.0
2026-02-13,DS1013,Pune,Tier 1,control,235,221,11,3,15.4,42.8,44455.0
2026-02-13,DS1014,Hyderabad,Tier 1,control,209,200,3,6,18.84,35.0,52330.0
2026-02-13,DS1015,Jaipur,Tier 2,control,160,158,2,0,14.99,52.2,35311.0
2026-02-13,DS1016,Mumbai,Tier 1,treated,214,204,8,2,15.8,40.1,48940.0
2026-02-13,DS1017,Chennai,Tier 1,control,184,174,7,3,14.09,57.8,42299.0
2026-02-13,DS1018,Bhopal,Tier 2,control,109,107,1,1,14.92,46.5,20684.0
2026-02-13,DS1019,Hyderabad,Tier 1,control,249,240,9,0,18.44,35.0,51041.0
2026-02-13,DS1020,Jaipur,Tier 2,control,119,112,6,1,18.62,35.0,25365.0
2026-02-13,DS1021,Bengaluru,Tier 1,treated,133,124,7,2,15.87,41.8,32325.0
2026-02-13,DS1022,Lucknow,Tier 2,control,163,161,1,1,14.1,62.1,34075.0
2026-02-13,DS1023,Mumbai,Tier 1,treated,215,200,11,4,15.54,44.7,40157.0
2026-02-13,DS1024,Mumbai,Tier 1,treated,248,238,6,4,16.98,35.0,56396.0
2026-02-13,DS1025,Jaipur,Tier 2,control,110,107,2,1,14.26,57.2,17889.0
2026-02-13,DS1026,Delhi NCR,Tier 1,treated,210,202,6,2,16.28,35.0,54510.0
2026-02-13,DS1027,Mumbai,Tier 1,treated,179,170,8,1,15.8,44.4,34601.0
2026-02-13,DS1028,Bhopal,Tier 2,control,203,198,4,1,14.71,56.6,33648.0
2026-02-13,DS1029,Jaipur,Tier 2,control,124,118,2,4,15.63,43.6,20897.0
2026-02-13,DS1030,Pune,Tier 1,control,285,278,5,2,17.12,35.0,72402.0
2026-02-13,DS1031,Mumbai,Tier 1,treated,179,166,9,4,16.05,38.9,35170.0
2026-02-13,DS1032,Chennai,Tier 1,control,237,222,6,9,15.66,39.9,54927.0
2026-02-13,DS1033,Jaipur,Tier 2,control,84,79,3,2,19.88,35.0,18372.0
2026-02-13,DS1034,Mumbai,Tier 1,treated,211,202,6,3,16.45,35.9,65511.0
2026-02-13,DS1035,Pune,Tier 1,control,242,230,8,4,14.92,47.0,63246.0
2026-02-13,DS1036,Lucknow,Tier 2,control,77,72,4,1,14.67,49.7,13243.0
2026-02-13,DS1037,Lucknow,Tier 2,control,134,130,4,0,17.68,35.0,25121.0
2026-02-13,DS1038,Delhi NCR,Tier 1,treated,204,197,6,1,12.83,71.8,39587.0
2026-02-13,DS1039,Lucknow,Tier 2,control,100,94,5,1,14.7,58.7,14314.0
2026-02-13,DS1040,Hyderabad,Tier 1,control,192,179,9,4,18.42,35.0,45004.0
2026-02-13,DS1041,Lucknow,Tier 2,control,129,122,7,0,15.72,41.9,26377.0
2026-02-13,DS1042,Jaipur,Tier 2,control,103,98,4,1,16.94,35.0,22926.0
2026-02-13,DS1043,Indore,Tier 2,control,97,91,4,2,12.71,69.1,16102.0
2026-02-13,DS1044,Bengaluru,Tier 1,treated,184,178,5,1,16.23,37.0,41142.0
2026-02-13,DS1045,Delhi NCR,Tier 1,treated,225,213,10,2,13.23,70.1,43749.0
2026-02-13,DS1046,Bengaluru,Tier 1,treated,161,152,8,1,18.85,35.0,38007.0
2026-02-13,DS1047,Bengaluru,Tier 1,treated,146,138,5,3,20.48,35.0,31939.0
2026-02-13,DS1048,Mumbai,Tier 1,treated,200,192,4,4,16.72,35.0,35797.0
2026-02-13,DS1049,Jaipur,Tier 2,control,139,134,5,0,13.9,65.3,23550.0
2026-02-13,DS1050,Chennai,Tier 1,control,138,129,9,0,15.04,45.8,39235.0
2026-02-13,DS1051,Chennai,Tier 1,control,178,172,4,2,15.77,37.5,47571.0
2026-02-13,DS1052,Jaipur,Tier 2,control,114,107,6,1,16.7,35.0,28269.0
2026-02-13,DS1053,Bhopal,Tier 2,control,99,89,4,6,14.28,54.1,15535.0
2026-02-13,DS1054,Pune,Tier 1,control,276,268,5,3,17.43,35.0,56164.0
2026-02-13,DS1055,Delhi NCR,Tier 1,treated,187,179,4,4,13.97,61.7,50626.0
2026-02-13,DS1056,Delhi NCR,Tier 1,treated,267,255,7,5,18.23,35.0,54632.0
2026-02-13,DS1057,Delhi NCR,Tier 1,treated,185,169,13,3,19.3,35.0,43459.0
2026-02-13,DS1058,Chennai,Tier 1,control,240,232,7,1,17.57,35.0,65212.0
2026-02-13,DS1059,Mumbai,Tier 1,treated,192,186,6,0,16.34,35.0,35629.0
2026-02-14,DS1000,Pune,Tier 1,control,260,251,8,1,16.63,35.0,62742.0
2026-02-14,DS1001,Bengaluru,Tier 1,treated,196,185,9,2,20.12,35.0,38774.0
2026-02-14,DS1002,Mumbai,Tier 1,treated,174,164,8,2,15.41,46.7,40948.0
2026-02-14,DS1003,Lucknow,Tier 2,control,113,106,6,1,16.31,35.0,25571.0
2026-02-14,DS1004,Pune,Tier 1,control,165,156,6,3,14.46,59.4,39092.0
2026-02-14,DS1005,Pune,Tier 1,control,152,146,5,1,16.56,35.0,33791.0
2026-02-14,DS1006,Pune,Tier 1,control,272,256,12,4,14.11,61.6,69034.0
2026-02-14,DS1007,Mumbai,Tier 1,treated,202,187,13,2,15.2,53.5,47495.0
2026-02-14,DS1008,Chennai,Tier 1,control,212,204,5,3,18.77,35.0,53657.0
2026-02-14,DS1009,Hyderabad,Tier 1,control,256,245,8,3,15.48,41.9,63798.0
2026-02-14,DS1010,Lucknow,Tier 2,control,85,84,0,1,18.92,35.0,15516.0
2026-02-14,DS1011,Pune,Tier 1,control,190,181,7,2,17.51,35.0,51873.0
2026-02-14,DS1012,Bengaluru,Tier 1,treated,228,216,10,2,17.02,35.0,58503.0
2026-02-14,DS1013,Pune,Tier 1,control,236,222,11,3,18.15,35.0,43162.0
2026-02-14,DS1014,Hyderabad,Tier 1,control,196,192,3,1,18.0,35.0,42654.0
2026-02-14,DS1015,Jaipur,Tier 2,control,126,118,5,3,15.8,38.4,26378.0
2026-02-14,DS1016,Mumbai,Tier 1,treated,237,234,3,0,13.65,57.8,51412.0
2026-02-14,DS1017,Chennai,Tier 1,control,150,144,6,0,13.72,59.9,34156.0
2026-02-14,DS1018,Bhopal,Tier 2,control,95,91,3,1,16.99,35.0,20811.0
2026-02-14,DS1019,Hyderabad,Tier 1,control,276,263,10,3,18.59,35.0,60708.0
2026-02-14,DS1020,Jaipur,Tier 2,control,136,132,3,1,19.72,35.0,32592.0
2026-02-14,DS1021,Bengaluru,Tier 1,treated,159,155,3,1,16.34,35.0,38693.0
2026-02-14,DS1022,Lucknow,Tier 2,control,155,145,8,2,14.19,57.1,33529.0
2026-02-14,DS1023,Mumbai,Tier 1,treated,257,240,9,8,15.74,46.3,69077.0
2026-02-14,DS1024,Mumbai,Tier 1,treated,279,259,11,9,16.23,35.0,60760.0
2026-02-14,DS1025,Jaipur,Tier 2,control,111,100,9,2,15.44,46.6,19118.0
2026-02-14,DS1026,Delhi NCR,Tier 1,treated,203,199,3,1,17.44,35.0,52946.0
2026-02-14,DS1027,Mumbai,Tier 1,treated,175,166,6,3,15.64,38.1,40836.0
2026-02-14,DS1028,Bhopal,Tier 2,control,188,184,4,0,14.69,48.6,35022.0
2026-02-14,DS1029,Jaipur,Tier 2,control,106,104,0,2,16.05,36.1,22197.0
2026-02-14,DS1030,Pune,Tier 1,control,289,277,7,5,16.03,38.5,59394.0
2026-02-14,DS1031,Mumbai,Tier 1,treated,175,172,2,1,15.56,46.2,42927.0
2026-02-14,DS1032,Chennai,Tier 1,control,241,235,5,1,17.38,35.0,50661.0
2026-02-14,DS1033,Jaipur,Tier 2,control,80,77,2,1,18.59,35.0,16801.0
2026-02-14,DS1034,Mumbai,Tier 1,treated,226,220,6,0,17.47,35.0,50529.0
2026-02-14,DS1035,Pune,Tier 1,control,244,233,10,1,-1.6690000000000003,35.0,53054.0
2026-02-14,DS1036,Lucknow,Tier 2,control,101,95,6,0,12.54,71.9,17229.0
2026-02-14,DS1037,Lucknow,Tier 2,control,142,132,10,0,18.18,35.0,32386.0
2026-02-14,DS1038,Delhi NCR,Tier 1,treated,219,212,3,4,13.99,62.5,57083.0
2026-02-14,DS1039,Lucknow,Tier 2,control,114,108,5,1,12.87,78.1,25598.0
2026-02-14,DS1040,Hyderabad,Tier 1,control,222,208,12,2,18.48,35.0,47084.0
2026-02-14,DS1041,Lucknow,Tier 2,control,123,119,3,1,16.89,35.0,23550.0
2026-02-14,DS1042,Jaipur,Tier 2,control,118,115,3,0,16.64,35.0,20142.0
2026-02-14,DS1043,Indore,Tier 2,control,94,92,1,1,12.34,79.3,21833.0
2026-02-14,DS1044,Bengaluru,Tier 1,treated,162,158,1,3,15.79,40.4,38819.0
2026-02-14,DS1045,Delhi NCR,Tier 1,treated,224,215,8,1,16.02,35.7,48341.0
2026-02-14,DS1046,Bengaluru,Tier 1,treated,190,178,10,2,19.17,35.0,39722.0
2026-02-14,DS1047,Bengaluru,Tier 1,treated,159,158,1,0,21.7,35.0,39370.0
2026-02-14,DS1048,Mumbai,Tier 1,treated,218,208,8,2,15.2,48.5,60281.0
2026-02-14,DS1049,Jaipur,Tier 2,control,141,138,2,1,14.59,52.7,25617.0
2026-02-14,DS1050,Chennai,Tier 1,control,158,148,8,2,15.89,38.4,33438.0
2026-02-14,DS1051,Chennai,Tier 1,control,210,196,11,3,17.04,35.0,43874.0
2026-02-14,DS1052,Jaipur,Tier 2,control,101,97,3,1,15.89,35.0,21396.0
2026-02-14,DS1053,Bhopal,Tier 2,control,98,93,4,1,14.44,56.7,19066.0
2026-02-14,DS1054,Pune,Tier 1,control,261,247,13,1,16.5,35.0,56804.0
2026-02-14,DS1055,Delhi NCR,Tier 1,treated,208,198,4,6,13.19,69.7,60288.0
2026-02-14,DS1056,Delhi NCR,Tier 1,treated,258,245,11,2,19.01,35.0,43649.0
2026-02-14,DS1057,Delhi NCR,Tier 1,treated,163,148,11,4,17.78,35.0,36702.0
2026-02-14,DS1058,Chennai,Tier 1,control,242,234,5,3,17.17,35.0,53420.0
2026-02-14,DS1059,Mumbai,Tier 1,treated,243,228,10,5,13.95,60.3,54588.0
2026-02-15,DS1000,Pune,Tier 1,control,198,195,3,0,17.01,35.0,53602.0
2026-02-15,DS1001,Bengaluru,Tier 1,treated,182,169,9,4,19.36,35.0,37359.0
2026-02-15,DS1002,Mumbai,Tier 1,treated,165,161,3,1,16.69,37.8,37849.0
2026-02-15,DS1003,Lucknow,Tier 2,control,112,108,4,0,15.26,38.8,13532.0
2026-02-15,DS1004,Pune,Tier 1,control,140,130,7,3,12.21,78.4,35568.0
2026-02-15,DS1005,Pune,Tier 1,control,128,123,4,1,16.83,35.0,29164.0
2026-02-15,DS1006,Pune,Tier 1,control,205,194,6,5,14.9,48.5,51115.0
2026-02-15,DS1007,Mumbai,Tier 1,treated,192,183,8,1,14.83,55.3,35666.0
2026-02-15,DS1008,Chennai,Tier 1,control,202,197,3,2,19.11,35.0,57181.0
2026-02-15,DS1009,Hyderabad,Tier 1,control,196,191,3,2,15.95,41.4,43889.0
2026-02-15,DS1010,Lucknow,Tier 2,control,67,66,0,1,18.83,35.0,9309.0
2026-02-15,DS1011,Pune,Tier 1,control,185,178,5,2,17.21,35.0,43064.0
2026-02-15,DS1012,Bengaluru,Tier 1,treated,218,209,6,3,16.26,38.2,60741.0
2026-02-15,DS1013,Pune,Tier 1,control,191,177,10,4,17.24,35.0,45695.0
2026-02-15,DS1014,Hyderabad,Tier 1,control,180,172,7,1,18.91,35.0,39539.0
2026-02-15,DS1015,Jaipur,Tier 2,control,118,116,1,1,15.68,37.6,27728.0
2026-02-15,DS1016,Mumbai,Tier 1,treated,164,156,3,5,14.87,50.7,37634.0
2026-02-15,DS1017,Chennai,Tier 1,control,126,122,2,2,14.89,49.4,22823.0
2026-02-15,DS1018,Bhopal,Tier 2,control,84,79,3,2,15.29,48.8,14754.0
2026-02-15,DS1019,Hyderabad,Tier 1,control,212,201,11,0,18.87,35.0,60251.0
2026-02-15,DS1020,Jaipur,Tier 2,control,100,97,2,1,17.21,35.0,21044.0
2026-02-15,DS1021,Bengaluru,Tier 1,treated,108,101,4,3,14.09,50.1,24379.0
2026-02-15,DS1022,Lucknow,Tier 2,control,130,126,1,3,15.77,46.8,26558.0
2026-02-15,DS1023,Mumbai,Tier 1,treated,207,198,5,4,15.61,43.9,50352.0
2026-02-15,DS1024,Mumbai,Tier 1,treated,247,236,9,2,15.85,44.2,62475.0
2026-02-15,DS1025,Jaipur,Tier 2,control,105,102,3,0,14.64,50.4,23501.0
2026-02-15,DS1026,Delhi NCR,Tier 1,treated,183,173,8,2,15.09,49.3,40711.0
2026-02-15,DS1027,Mumbai,Tier 1,treated,133,130,3,0,16.01,45.2,30657.0
2026-02-15,DS1028,Bhopal,Tier 2,control,165,154,7,4,16.32,39.3,26015.0
2026-02-15,DS1029,Jaipur,Tier 2,control,96,90,2,4,15.87,36.1,19105.0
2026-02-15,DS1030,Pune,Tier 1,control,194,183,9,2,16.06,38.9,46148.0
2026-02-15,DS1031,Mumbai,Tier 1,treated,170,160,9,1,16.39,35.0,30463.0
2026-02-15,DS1032,Chennai,Tier 1,control,210,200,10,0,18.35,35.0,52594.0
2026-02-15,DS1033,Jaipur,Tier 2,control,66,64,2,0,19.27,35.0,15027.0
2026-02-15,DS1034,Mumbai,Tier 1,treated,175,167,8,0,16.72,36.0,46628.0
2026-02-15,DS1035,Pune,Tier 1,control,210,197,11,2,16.58,35.7,56966.0
2026-02-15,DS1036,Lucknow,Tier 2,control,88,87,1,0,13.24,72.3,19453.0
2026-02-15,DS1037,Lucknow,Tier 2,control,137,129,3,5,16.59,35.0,27423.0
2026-02-15,DS1038,Delhi NCR,Tier 1,treated,208,193,14,1,12.34,82.9,43996.0
2026-02-15,DS1039,Lucknow,Tier 2,control,86,85,1,0,15.05,43.5,18305.0
2026-02-15,DS1040,Hyderabad,Tier 1,control,139,132,7,0,17.24,35.0,32455.0
2026-02-15,DS1041,Lucknow,Tier 2,control,91,89,2,0,17.92,35.0,13620.0
2026-02-15,DS1042,Jaipur,Tier 2,control,110,106,3,1,16.2,35.0,25378.0
2026-02-15,DS1043,Indore,Tier 2,control,88,83,4,1,13.67,63.4,14877.0
2026-02-15,DS1044,Bengaluru,Tier 1,treated,137,130,6,1,15.44,45.9,37874.0
2026-02-15,DS1045,Delhi NCR,Tier 1,treated,189,174,8,7,13.49,60.0,45408.0
2026-02-15,DS1046,Bengaluru,Tier 1,treated,140,132,3,5,15.62,40.7,32093.0
2026-02-15,DS1047,Bengaluru,Tier 1,treated,135,127,5,3,20.53,35.0,33474.0
2026-02-15,DS1048,Mumbai,Tier 1,treated,192,178,9,5,15.66,45.6,33614.0
2026-02-15,DS1049,Jaipur,Tier 2,control,115,112,3,0,16.24,35.8,24295.0
2026-02-15,DS1050,Chennai,Tier 1,control,130,123,6,1,15.41,45.6,31895.0
2026-02-15,DS1051,Chennai,Tier 1,control,190,182,6,2,16.61,35.0,42697.0
2026-02-15,DS1052,Jaipur,Tier 2,control,91,88,2,1,15.65,44.7,21734.0
2026-02-15,DS1053,Bhopal,Tier 2,control,87,83,3,1,14.25,54.4,18040.0
2026-02-15,DS1054,Pune,Tier 1,control,223,212,8,3,16.31,42.2,51158.0
2026-02-15,DS1055,Delhi NCR,Tier 1,treated,141,136,3,2,14.89,53.5,30997.0
2026-02-15,DS1056,Delhi NCR,Tier 1,treated,235,227,4,4,17.15,35.0,51051.0
2026-02-15,DS1057,Delhi NCR,Tier 1,treated,179,168,7,4,18.38,35.0,45355.0
2026-02-15,DS1058,Chennai,Tier 1,control,186,177,7,2,18.67,35.0,39785.0
2026-02-15,DS1059,Mumbai,Tier 1,treated,193,183,9,1,15.8,45.8,38122.0
2026-02-16,DS1000,Pune,Tier 1,control,190,182,6,2,14.94,50.5,45237.0
2026-02-16,DS1001,Bengaluru,Tier 1,treated,192,189,3,0,19.23,35.0,52170.0
2026-02-16,DS1002,Mumbai,Tier 1,treated,160,151,7,2,15.89,42.4,40231.0
2026-02-16,DS1003,Lucknow,Tier 2,control,89,86,3,0,15.75,38.6,16695.0
2026-02-16,DS1004,Pune,Tier 1,control,157,152,4,1,13.94,64.1,36523.0
2026-02-16,DS1005,Pune,Tier 1,control,134,128,4,2,16.26,35.0,30899.0
2026-02-16,DS1006,Pune,Tier 1,control,207,196,10,1,13.92,61.9,47606.0
2026-02-16,DS1007,Mumbai,Tier 1,treated,164,162,2,0,15.09,48.6,42350.0
2026-02-16,DS1008,Chennai,Tier 1,control,159,152,6,1,18.94,35.0,32547.0
2026-02-16,DS1009,Hyderabad,Tier 1,control,175,165,6,4,14.14,55.7,32670.0
2026-02-16,DS1010,Lucknow,Tier 2,control,64,62,1,1,16.56,35.0,13130.0
2026-02-16,DS1011,Pune,Tier 1,control,168,160,7,1,18.42,35.0,48737.0
2026-02-16,DS1012,Bengaluru,Tier 1,treated,176,167,7,2,17.88,35.0,43383.0
2026-02-16,DS1013,Pune,Tier 1,control,173,166,6,1,15.31,43.4,33312.0
2026-02-16,DS1014,Hyderabad,Tier 1,control,189,180,7,2,19.13,35.0,48532.0
2026-02-16,DS1015,Jaipur,Tier 2,control,108,103,1,4,16.38,35.0,20054.0
2026-02-16,DS1016,Mumbai,Tier 1,treated,205,199,3,3,15.38,46.3,51341.0
2026-02-16,DS1017,Chennai,Tier 1,control,113,109,2,2,13.63,64.8,27730.0
2026-02-16,DS1018,Bhopal,Tier 2,control,87,84,0,3,19.16,35.0,17648.0
2026-02-16,DS1019,Hyderabad,Tier 1,control,232,220,9,3,19.85,35.0,47258.0
2026-02-16,DS1020,Jaipur,Tier 2,control,115,110,2,3,16.56,35.0,23724.0
2026-02-16,DS1021,Bengaluru,Tier 1,treated,119,114,5,0,15.57,44.7,25295.0
2026-02-16,DS1022,Lucknow,Tier 2,control,113,105,7,1,14.78,55.6,17374.0
2026-02-16,DS1023,Mumbai,Tier 1,treated,206,199,6,1,15.42,44.4,40707.0
2026-02-16,DS1024,Mumbai,Tier 1,treated,228,220,6,2,18.16,35.0,56125.0
2026-02-16,DS1025,Jaipur,Tier 2,control,102,95,6,1,16.54,39.3,22073.0
2026-02-16,DS1026,Delhi NCR,Tier 1,treated,155,151,3,1,18.0,35.0,26354.0
2026-02-16,DS1027,Mumbai,Tier 1,treated,150,145,4,1,15.6,43.9,33847.0
2026-02-16,DS1028,Bhopal,Tier 2,control,153,149,2,2,15.37,46.0,36388.0
2026-02-16,DS1029,Jaipur,Tier 2,control,121,118,3,0,15.62,40.1,25969.0
2026-02-16,DS1030,Pune,Tier 1,control,241,236,4,1,15.19,48.2,60726.0
2026-02-16,DS1031,Mumbai,Tier 1,treated,135,118,12,5,15.01,51.2,28227.0
2026-02-16,DS1032,Chennai,Tier 1,control,180,172,6,2,16.6,35.0,45441.0
2026-02-16,DS1033,Jaipur,Tier 2,control,64,63,1,0,18.67,35.0,11042.0
2026-02-16,DS1034,Mumbai,Tier 1,treated,175,171,3,1,17.15,35.0,40635.0
2026-02-16,DS1035,Pune,Tier 1,control,184,179,5,0,14.67,56.4,35610.0
2026-02-16,DS1036,Lucknow,Tier 2,control,64,60,3,1,13.25,77.5,10245.0
2026-02-16,DS1037,Lucknow,Tier 2,control,116,111,5,0,16.66,35.0,23822.0
2026-02-16,DS1038,Delhi NCR,Tier 1,treated,177,167,9,1,13.98,64.1,31306.0
2026-02-16,DS1039,Lucknow,Tier 2,control,89,85,4,0,13.98,60.8,13547.0
2026-02-16,DS1040,Hyderabad,Tier 1,control,173,161,11,1,17.62,35.0,39111.0
2026-02-16,DS1041,Lucknow,Tier 2,control,78,75,2,1,16.75,35.0,18868.0
2026-02-16,DS1042,Jaipur,Tier 2,control,91,91,0,0,16.14,41.3,21993.0
2026-02-16,DS1043,Indore,Tier 2,control,96,93,3,0,13.85,63.3,25068.0
2026-02-16,DS1044,Bengaluru,Tier 1,treated,172,167,1,4,13.17,71.3,36981.0
2026-02-16,DS1045,Delhi NCR,Tier 1,treated,172,164,7,1,16.09,38.7,39717.0
2026-02-16,DS1046,Bengaluru,Tier 1,treated,146,135,8,3,17.63,35.0,28915.0
2026-02-16,DS1047,Bengaluru,Tier 1,treated,135,124,8,3,19.98,35.0,28471.0
2026-02-16,DS1048,Mumbai,Tier 1,treated,191,179,10,2,16.41,41.0,35983.0
2026-02-16,DS1049,Jaipur,Tier 2,control,126,120,4,2,16.34,35.0,31373.0
2026-02-16,DS1050,Chennai,Tier 1,control,113,105,7,1,14.43,52.9,23781.0
2026-02-16,DS1051,Chennai,Tier 1,control,179,165,13,1,18.04,35.0,39147.0
2026-02-16,DS1052,Jaipur,Tier 2,control,92,85,6,1,15.32,44.6,18456.0
2026-02-16,DS1053,Bhopal,Tier 2,control,81,75,3,3,14.18,53.0,15214.0
2026-02-16,DS1054,Pune,Tier 1,control,221,209,9,3,16.29,38.2,45004.0
2026-02-16,DS1055,Delhi NCR,Tier 1,treated,199,189,7,3,11.71,87.6,53429.0
2026-02-16,DS1056,Delhi NCR,Tier 1,treated,242,232,8,2,18.04,35.0,51270.0
2026-02-16,DS1057,Delhi NCR,Tier 1,treated,138,133,3,2,16.58,35.0,33120.0
2026-02-16,DS1058,Chennai,Tier 1,control,174,166,6,2,19.03,35.0,37650.0
2026-02-16,DS1059,Mumbai,Tier 1,treated,156,152,2,2,17.3,35.0,33176.0
2026-02-17,DS1000,Pune,Tier 1,control,210,201,6,3,17.67,35.0,50883.0
2026-02-17,DS1001,Bengaluru,Tier 1,treated,155,149,4,2,19.8,35.0,33480.0
2026-02-17,DS1002,Mumbai,Tier 1,treated,173,167,6,0,15.96,40.2,43689.0
2026-02-17,DS1003,Lucknow,Tier 2,control,109,103,5,1,15.46,49.4,21576.0
2026-02-17,DS1004,Pune,Tier 1,control,131,124,6,1,14.09,58.7,28208.0
2026-02-17,DS1005,Pune,Tier 1,control,135,129,6,0,17.23,35.0,27526.0
2026-02-17,DS1006,Pune,Tier 1,control,224,216,7,1,13.28,63.9,48033.0
2026-02-17,DS1007,Mumbai,Tier 1,treated,187,169,14,4,13.78,70.3,44324.0
2026-02-17,DS1008,Chennai,Tier 1,control,205,192,10,3,17.14,35.0,43912.0
2026-02-17,DS1009,Hyderabad,Tier 1,control,223,212,8,3,16.05,35.1,61905.0
2026-02-17,DS1010,Lucknow,Tier 2,control,54,51,3,0,18.87,35.0,10473.0
2026-02-17,DS1011,Pune,Tier 1,control,178,172,2,4,19.97,35.0,36339.0
2026-02-17,DS1012,Bengaluru,Tier 1,treated,170,163,5,2,16.4,36.5,40411.0
2026-02-17,DS1013,Pune,Tier 1,control,188,177,10,1,17.47,35.0,32172.0
2026-02-17,DS1014,Hyderabad,Tier 1,control,173,164,8,1,19.65,35.0,37745.0
2026-02-17,DS1015,Jaipur,Tier 2,control,103,101,1,1,15.41,51.7,20133.0
2026-02-17,DS1016,Mumbai,Tier 1,treated,192,184,8,0,15.97,37.8,41531.0
2026-02-17,DS1017,Chennai,Tier 1,control,128,124,3,1,13.23,75.7,29038.0
2026-02-17,DS1018,Bhopal,Tier 2,control,87,83,3,1,16.63,36.7,20043.0
2026-02-17,DS1019,Hyderabad,Tier 1,control,227,221,6,0,18.82,35.0,49367.0
2026-02-17,DS1020,Jaipur,Tier 2,control,131,126,2,3,18.62,35.0,27232.0
2026-02-17,DS1021,Bengaluru,Tier 1,treated,121,119,1,1,14.61,53.6,20838.0
2026-02-17,DS1022,Lucknow,Tier 2,control,124,119,3,2,15.08,48.1,26454.0
2026-02-17,DS1023,Mumbai,Tier 1,treated,194,175,14,5,15.02,49.1,32693.0
2026-02-17,DS1024,Mumbai,Tier 1,treated,230,213,15,2,18.51,35.0,47474.0
2026-02-17,DS1025,Jaipur,Tier 2,control,100,97,3,0,14.41,49.0,20013.0
2026-02-17,DS1026,Delhi NCR,Tier 1,treated,176,165,6,5,15.36,45.7,42636.0
2026-02-17,DS1027,Mumbai,Tier 1,treated,139,133,6,0,17.5,35.0,30671.0
2026-02-17,DS1028,Bhopal,Tier 2,control,147,143,2,2,16.55,36.4,31460.0
2026-02-17,DS1029,Jaipur,Tier 2,control,98,94,4,0,16.2,35.0,18782.0
2026-02-17,DS1030,Pune,Tier 1,control,262,250,11,1,17.55,35.0,68438.0
2026-02-17,DS1031,Mumbai,Tier 1,treated,151,142,8,1,16.11,42.7,34524.0
2026-02-17,DS1032,Chennai,Tier 1,control,195,186,5,4,17.01,35.0,50191.0
2026-02-17,DS1033,Jaipur,Tier 2,control,82,77,4,1,18.7,35.0,11782.0
2026-02-17,DS1034,Mumbai,Tier 1,treated,183,174,7,2,16.62,35.0,34270.0
2026-02-17,DS1035,Pune,Tier 1,control,204,192,8,4,17.59,35.0,45469.0
2026-02-17,DS1036,Lucknow,Tier 2,control,76,68,6,2,13.9,67.1,10357.0
2026-02-17,DS1037,Lucknow,Tier 2,control,130,124,5,1,16.25,37.3,22906.0
2026-02-17,DS1038,Delhi NCR,Tier 1,treated,194,186,7,1,11.8,85.7,40978.0
2026-02-17,DS1039,Lucknow,Tier 2,control,92,87,2,3,12.75,75.7,15707.0
2026-02-17,DS1040,Hyderabad,Tier 1,control,174,162,8,4,18.41,35.0,42501.0
2026-02-17,DS1041,Lucknow,Tier 2,control,106,99,5,2,16.79,35.0,25559.0
2026-02-17,DS1042,Jaipur,Tier 2,control,105,103,0,2,16.92,35.0,21701.0
2026-02-17,DS1043,Indore,Tier 2,control,95,91,4,0,14.42,55.0,23335.0
2026-02-17,DS1044,Bengaluru,Tier 1,treated,163,156,7,0,15.38,45.9,35684.0
2026-02-17,DS1045,Delhi NCR,Tier 1,treated,168,166,0,2,16.04,42.1,37019.0
2026-02-17,DS1046,Bengaluru,Tier 1,treated,142,135,6,1,16.07,39.6,35614.0
2026-02-17,DS1047,Bengaluru,Tier 1,treated,135,130,4,1,19.08,35.0,23667.0
2026-02-17,DS1048,Mumbai,Tier 1,treated,193,188,3,2,16.88,35.0,39843.0
2026-02-17,DS1049,Jaipur,Tier 2,control,110,106,2,2,15.17,42.6,21703.0
2026-02-17,DS1050,Chennai,Tier 1,control,105,103,2,0,14.22,54.4,21451.0
2026-02-17,DS1051,Chennai,Tier 1,control,174,168,3,3,14.42,49.9,47602.0
2026-02-17,DS1052,Jaipur,Tier 2,control,92,90,1,1,16.84,35.0,18808.0
2026-02-17,DS1053,Bhopal,Tier 2,control,95,90,4,1,14.96,50.2,16861.0
2026-02-17,DS1054,Pune,Tier 1,control,191,183,5,3,18.29,35.0,43206.0
2026-02-17,DS1055,Delhi NCR,Tier 1,treated,152,147,2,3,13.74,70.4,35626.0
2026-02-17,DS1056,Delhi NCR,Tier 1,treated,224,210,7,7,18.36,35.0,50376.0
2026-02-17,DS1057,Delhi NCR,Tier 1,treated,159,150,7,2,18.96,35.0,39292.0
2026-02-17,DS1058,Chennai,Tier 1,control,213,203,6,4,17.96,35.0,46079.0
2026-02-17,DS1059,Mumbai,Tier 1,treated,184,178,5,1,16.2,37.5,47446.0
2026-02-18,DS1000,Pune,Tier 1,control,190,181,7,2,18.29,35.0,45301.0
2026-02-18,DS1001,Bengaluru,Tier 1,treated,199,190,5,4,18.43,35.0,28067.0
2026-02-18,DS1002,Mumbai,Tier 1,treated,172,164,4,4,16.68,35.0,42324.0
2026-02-18,DS1003,Lucknow,Tier 2,control,111,103,6,2,-1.5750000000000002,37.9,26580.0
2026-02-18,DS1004,Pune,Tier 1,control,121,115,6,0,14.11,62.8,29159.0
2026-02-18,DS1005,Pune,Tier 1,control,137,132,4,1,15.62,36.3,39781.0
2026-02-18,DS1006,Pune,Tier 1,control,212,206,5,1,15.78,35.0,52049.0
2026-02-18,DS1007,Mumbai,Tier 1,treated,175,164,9,2,15.43,47.6,37930.0
2026-02-18,DS1008,Chennai,Tier 1,control,203,192,7,4,18.18,35.0,44745.0
2026-02-18,DS1009,Hyderabad,Tier 1,control,202,186,12,4,14.43,54.9,46686.0
2026-02-18,DS1010,Lucknow,Tier 2,control,73,70,3,0,17.59,35.0,12683.0
2026-02-18,DS1011,Pune,Tier 1,control,165,158,5,2,19.3,35.0,36713.0
2026-02-18,DS1012,Bengaluru,Tier 1,treated,194,183,9,2,16.85,35.0,46349.0
2026-02-18,DS1013,Pune,Tier 1,control,197,185,10,2,18.99,35.0,40256.0
2026-02-18,DS1014,Hyderabad,Tier 1,control,195,186,8,1,18.25,35.0,39056.0
2026-02-18,DS1015,Jaipur,Tier 2,control,116,111,4,1,16.42,35.0,24754.0
2026-02-18,DS1016,Mumbai,Tier 1,treated,167,161,4,2,13.72,66.2,41947.0
2026-02-18,DS1017,Chennai,Tier 1,control,139,131,6,2,13.36,68.4,32825.0
2026-02-18,DS1018,Bhopal,Tier 2,control,96,92,3,1,17.03,35.0,19993.0
2026-02-18,DS1019,Hyderabad,Tier 1,control,248,237,10,1,17.41,35.0,51986.0
2026-02-18,DS1020,Jaipur,Tier 2,control,108,104,3,1,19.55,35.0,25315.0
2026-02-18,DS1021,Bengaluru,Tier 1,treated,114,111,3,0,16.28,36.3,28688.0
2026-02-18,DS1022,Lucknow,Tier 2,control,135,130,4,1,16.08,38.7,24729.0
2026-02-18,DS1023,Mumbai,Tier 1,treated,195,185,7,3,17.09,35.0,44484.0
2026-02-18,DS1024,Mumbai,Tier 1,treated,233,226,3,4,16.71,35.0,44661.0
2026-02-18,DS1025,Jaipur,Tier 2,control,120,113,6,1,15.23,42.0,20134.0
2026-02-18,DS1026,Delhi NCR,Tier 1,treated,165,155,5,5,16.09,37.4,37088.0
2026-02-18,DS1027,Mumbai,Tier 1,treated,140,132,5,3,15.97,37.4,31557.0
2026-02-18,DS1028,Bhopal,Tier 2,control,142,136,6,0,14.71,48.6,31626.0
2026-02-18,DS1029,Jaipur,Tier 2,control,104,99,4,1,18.33,35.0,27362.0
2026-02-18,DS1030,Pune,Tier 1,control,247,235,10,2,16.29,39.7,65853.0
2026-02-18,DS1031,Mumbai,Tier 1,treated,155,145,9,1,15.16,43.0,36185.0
2026-02-18,DS1032,Chennai,Tier 1,control,202,196,3,3,16.98,35.0,43889.0
2026-02-18,DS1033,Jaipur,Tier 2,control,72,69,1,2,19.4,35.0,15335.0
2026-02-18,DS1034,Mumbai,Tier 1,treated,162,155,6,1,16.79,35.0,36277.0
2026-02-18,DS1035,Pune,Tier 1,control,227,225,2,0,15.63,42.6,35989.0
2026-02-18,DS1036,Lucknow,Tier 2,control,75,73,2,0,14.8,49.7,17697.0
2026-02-18,DS1037,Lucknow,Tier 2,control,130,123,4,3,16.77,35.0,24318.0
2026-02-18,DS1038,Delhi NCR,Tier 1,treated,205,195,6,4,13.67,67.6,47970.0
2026-02-18,DS1039,Lucknow,Tier 2,control,88,85,3,0,14.79,51.7,14077.0
2026-02-18,DS1040,Hyderabad,Tier 1,control,158,150,8,0,18.98,35.0,28357.0
2026-02-18,DS1041,Lucknow,Tier 2,control,97,90,5,2,19.84,35.0,15785.0
2026-02-18,DS1042,Jaipur,Tier 2,control,100,96,3,1,16.01,38.1,22613.0
2026-02-18,DS1043,Indore,Tier 2,control,125,124,0,1,12.68,73.4,25074.0
2026-02-18,DS1044,Bengaluru,Tier 1,treated,148,138,7,3,16.08,40.4,29399.0
2026-02-18,DS1045,Delhi NCR,Tier 1,treated,161,155,4,2,15.38,44.6,36058.0
2026-02-18,DS1046,Bengaluru,Tier 1,treated,134,124,8,2,17.02,35.0,26562.0
2026-02-18,DS1047,Bengaluru,Tier 1,treated,142,133,6,3,19.98,35.0,34533.0
2026-02-18,DS1048,Mumbai,Tier 1,treated,182,170,9,3,16.68,35.0,38047.0
2026-02-18,DS1049,Jaipur,Tier 2,control,133,129,4,0,17.22,35.0,26753.0
2026-02-18,DS1050,Chennai,Tier 1,control,137,133,2,2,14.26,61.6,33201.0
2026-02-18,DS1051,Chennai,Tier 1,control,185,176,7,2,16.01,37.8,44805.0
2026-02-18,DS1052,Jaipur,Tier 2,control,97,93,1,3,15.19,50.3,18454.0
2026-02-18,DS1053,Bhopal,Tier 2,control,83,80,2,1,13.15,68.8,20728.0
2026-02-18,DS1054,Pune,Tier 1,control,211,201,8,2,15.67,42.5,50610.0
2026-02-18,DS1055,Delhi NCR,Tier 1,treated,161,149,11,1,12.1,73.4,38814.0
2026-02-18,DS1056,Delhi NCR,Tier 1,treated,219,207,12,0,17.79,35.0,51085.0
2026-02-18,DS1057,Delhi NCR,Tier 1,treated,150,141,8,1,18.16,35.0,29298.0
2026-02-18,DS1058,Chennai,Tier 1,control,204,191,6,7,19.21,35.0,38636.0
2026-02-18,DS1059,Mumbai,Tier 1,treated,193,186,5,2,16.35,35.0,50487.0
2026-02-19,DS1000,Pune,Tier 1,control,195,182,9,4,15.9,42.0,35643.0
2026-02-19,DS1001,Bengaluru,Tier 1,treated,166,154,7,5,20.38,35.0,40147.0
2026-02-19,DS1002,Mumbai,Tier 1,treated,174,162,9,3,14.76,50.6,36402.0
2026-02-19,DS1003,Lucknow,Tier 2,control,75,72,2,1,15.97,41.4,14812.0
2026-02-19,DS1004,Pune,Tier 1,control,147,139,6,2,15.22,55.4,24325.0
2026-02-19,DS1005,Pune,Tier 1,control,122,114,6,2,17.01,35.0,25738.0
2026-02-19,DS1006,Pune,Tier 1,control,211,205,4,2,14.0,62.5,43368.0
2026-02-19,DS1007,Mumbai,Tier 1,treated,175,166,7,2,15.89,39.6,40224.0
2026-02-19,DS1008,Chennai,Tier 1,control,192,184,6,2,19.67,35.0,37101.0
2026-02-19,DS1009,Hyderabad,Tier 1,control,212,205,5,2,14.91,44.1,61351.0
2026-02-19,DS1010,Lucknow,Tier 2,control,70,67,2,1,18.77,35.0,13660.0
2026-02-19,DS1011,Pune,Tier 1,control,161,151,8,2,18.27,35.0,30624.0
2026-02-19,DS1012,Bengaluru,Tier 1,treated,191,183,6,2,17.01,35.0,42757.0
2026-02-19,DS1013,Pune,Tier 1,control,198,191,4,3,16.44,35.8,49825.0
2026-02-19,DS1014,Hyderabad,Tier 1,control,161,152,6,3,19.32,35.0,43591.0
2026-02-19,DS1015,Jaipur,Tier 2,control,127,121,5,1,16.53,37.4,24628.0
2026-02-19,DS1016,Mumbai,Tier 1,treated,205,197,6,2,15.13,47.3,41741.0
2026-02-19,DS1017,Chennai,Tier 1,control,148,142,6,0,13.63,68.4,32543.0
2026-02-19,DS1018,Bhopal,Tier 2,control,90,86,3,1,17.84,35.0,16979.0
2026-02-19,DS1019,Hyderabad,Tier 1,control,211,203,7,1,18.97,35.0,47206.0
2026-02-19,DS1020,Jaipur,Tier 2,control,123,114,8,1,16.15,35.6,23874.0
2026-02-19,DS1021,Bengaluru,Tier 1,treated,126,120,3,3,15.48,43.8,29008.0
2026-02-19,DS1022,Lucknow,Tier 2,control,126,121,4,1,14.81,57.5,29781.0
2026-02-19,DS1023,Mumbai,Tier 1,treated,192,185,4,3,16.36,35.0,43523.0
2026-02-19,DS1024,Mumbai,Tier 1,treated,216,207,6,3,16.67,35.0,60936.0
2026-02-19,DS1025,Jaipur,Tier 2,control,99,96,2,1,16.39,35.0,19127.0
2026-02-19,DS1026,Delhi NCR,Tier 1,treated,184,179,5,0,15.84,35.0,47867.0
2026-02-19,DS1027,Mumbai,Tier 1,treated,147,141,5,1,17.06,35.0,34913.0
2026-02-19,DS1028,Bhopal,Tier 2,control,144,139,3,2,14.57,58.5,27650.0
2026-02-19,DS1029,Jaipur,Tier 2,control,95,92,3,0,17.96,35.0,17381.0
2026-02-19,DS1030,Pune,Tier 1,control,234,226,6,2,16.32,35.0,61949.0
2026-02-19,DS1031,Mumbai,Tier 1,treated,168,154,10,4,17.19,35.0,36116.0
2026-02-19,DS1032,Chennai,Tier 1,control,191,187,1,3,17.08,35.0,49059.0
2026-02-19,DS1033,Jaipur,Tier 2,control,89,86,2,1,20.55,35.0,20649.0
2026-02-19,DS1034,Mumbai,Tier 1,treated,155,149,2,4,15.73,43.0,33674.0
2026-02-19,DS1035,Pune,Tier 1,control,193,187,4,2,16.64,35.0,44852.0
2026-02-19,DS1036,Lucknow,Tier 2,control,75,72,1,2,13.62,69.0,17835.0
2026-02-19,DS1037,Lucknow,Tier 2,control,142,136,3,3,17.26,35.0,33516.0
2026-02-19,DS1038,Delhi NCR,Tier 1,treated,176,170,3,3,12.38,83.2,39535.0
2026-02-19,DS1039,Lucknow,Tier 2,control,80,75,4,1,-1.4340000000000002,55.4,13531.0
2026-02-19,DS1040,Hyderabad,Tier 1,control,158,154,1,3,16.7,35.0,34027.0
2026-02-19,DS1041,Lucknow,Tier 2,control,111,105,4,2,18.2,35.0,19554.0
2026-02-19,DS1042,Jaipur,Tier 2,control,111,106,3,2,15.05,45.2,20191.0
2026-02-19,DS1043,Indore,Tier 2,control,84,80,2,2,12.06,80.7,16349.0
2026-02-19,DS1044,Bengaluru,Tier 1,treated,164,161,3,0,15.88,40.7,37973.0
2026-02-19,DS1045,Delhi NCR,Tier 1,treated,177,167,8,2,15.32,45.0,28212.0
2026-02-19,DS1046,Bengaluru,Tier 1,treated,156,151,5,0,17.32,35.0,33601.0
2026-02-19,DS1047,Bengaluru,Tier 1,treated,138,130,7,1,19.3,35.0,29572.0
2026-02-19,DS1048,Mumbai,Tier 1,treated,193,183,6,4,16.87,36.0,41065.0
2026-02-19,DS1049,Jaipur,Tier 2,control,123,121,2,0,15.52,40.9,30929.0
2026-02-19,DS1050,Chennai,Tier 1,control,130,126,2,2,15.55,51.6,29533.0
2026-02-19,DS1051,Chennai,Tier 1,control,211,201,8,2,15.69,38.3,51813.0
2026-02-19,DS1052,Jaipur,Tier 2,control,90,85,3,2,16.6,36.3,21580.0
2026-02-19,DS1053,Bhopal,Tier 2,control,87,85,1,1,14.46,57.4,14366.0
2026-02-19,DS1054,Pune,Tier 1,control,200,193,6,1,16.31,35.0,42750.0
2026-02-19,DS1055,Delhi NCR,Tier 1,treated,178,171,4,3,15.46,47.4,46735.0
2026-02-19,DS1056,Delhi NCR,Tier 1,treated,235,226,9,0,18.98,35.0,57764.0
2026-02-19,DS1057,Delhi NCR,Tier 1,treated,139,133,6,0,15.82,37.3,31150.0
2026-02-19,DS1058,Chennai,Tier 1,control,189,181,8,0,19.36,35.0,46020.0
2026-02-19,DS1059,Mumbai,Tier 1,treated,158,153,3,2,15.88,38.0,32444.0
2026-02-20,DS1000,Pune,Tier 1,control,233,225,7,1,18.01,35.0,44506.0
2026-02-20,DS1001,Bengaluru,Tier 1,treated,194,183,9,2,20.57,35.0,52008.0
2026-02-20,DS1002,Mumbai,Tier 1,treated,204,199,4,1,15.69,41.9,53473.0
2026-02-20,DS1003,Lucknow,Tier 2,control,113,105,7,1,15.8,42.5,18029.0
2026-02-20,DS1004,Pune,Tier 1,control,179,168,8,3,14.92,49.9,35476.0
2026-02-20,DS1005,Pune,Tier 1,control,160,151,5,4,16.76,35.0,31412.0
2026-02-20,DS1006,Pune,Tier 1,control,252,243,6,3,15.46,41.2,57579.0
2026-02-20,DS1007,Mumbai,Tier 1,treated,261,245,12,4,13.57,64.1,51066.0
2026-02-20,DS1008,Chennai,Tier 1,control,211,200,10,1,18.84,35.0,47169.0
2026-02-20,DS1009,Hyderabad,Tier 1,control,282,271,7,4,15.47,39.1,76312.0
2026-02-20,DS1010,Lucknow,Tier 2,control,102,99,3,0,18.15,35.0,21687.0
2026-02-20,DS1011,Pune,Tier 1,control,182,174,7,1,19.55,35.0,39174.0
2026-02-20,DS1012,Bengaluru,Tier 1,treated,257,248,8,1,17.76,35.0,54812.0
2026-02-20,DS1013,Pune,Tier 1,control,224,212,11,1,18.06,35.0,57640.0
2026-02-20,DS1014,Hyderabad,Tier 1,control,206,192,11,3,18.7,35.0,42244.0
2026-02-20,DS1015,Jaipur,Tier 2,control,159,155,3,1,15.43,49.3,35897.0
2026-02-20,DS1016,Mumbai,Tier 1,treated,200,198,1,1,14.89,51.8,39710.0
2026-02-20,DS1017,Chennai,Tier 1,control,169,161,6,2,13.33,70.5,37253.0
2026-02-20,DS1018,Bhopal,Tier 2,control,103,98,5,0,17.36,35.0,16105.0
2026-02-20,DS1019,Hyderabad,Tier 1,control,242,232,6,4,18.41,35.0,63455.0
2026-02-20,DS1020,Jaipur,Tier 2,control,133,130,2,1,18.71,35.0,27688.0
2026-02-20,DS1021,Bengaluru,Tier 1,treated,139,136,2,1,16.0,36.7,36120.0
2026-02-20,DS1022,Lucknow,Tier 2,control,152,148,3,1,14.04,58.9,36203.0
2026-02-20,DS1023,Mumbai,Tier 1,treated,212,206,5,1,15.26,48.3,55766.0
2026-02-20,DS1024,Mumbai,Tier 1,treated,285,275,5,5,16.47,39.1,66316.0
2026-02-20,DS1025,Jaipur,Tier 2,control,125,118,6,1,14.83,51.8,16910.0
2026-02-20,DS1026,Delhi NCR,Tier 1,treated,212,206,4,2,15.88,38.3,50413.0
2026-02-20,DS1027,Mumbai,Tier 1,treated,169,158,10,1,17.95,35.0,46055.0
2026-02-20,DS1028,Bhopal,Tier 2,control,178,171,3,4,15.15,47.2,41416.0
2026-02-20,DS1029,Jaipur,Tier 2,control,108,102,5,1,17.5,35.0,25439.0
2026-02-20,DS1030,Pune,Tier 1,control,277,266,11,0,16.54,35.0,63464.0
2026-02-20,DS1031,Mumbai,Tier 1,treated,194,180,11,3,16.74,37.7,35335.0
2026-02-20,DS1032,Chennai,Tier 1,control,239,225,9,5,16.71,35.0,37215.0
2026-02-20,DS1033,Jaipur,Tier 2,control,91,87,3,1,19.71,35.0,16656.0
2026-02-20,DS1034,Mumbai,Tier 1,treated,202,194,6,2,16.7,35.0,52409.0
2026-02-20,DS1035,Pune,Tier 1,control,244,230,5,9,14.81,55.8,45842.0
2026-02-20,DS1036,Lucknow,Tier 2,control,102,100,1,1,12.64,79.9,22527.0
2026-02-20,DS1037,Lucknow,Tier 2,control,140,133,4,3,17.29,35.0,25394.0
2026-02-20,DS1038,Delhi NCR,Tier 1,treated,231,225,4,2,11.63,78.1,46185.0
2026-02-20,DS1039,Lucknow,Tier 2,control,101,96,4,1,15.31,51.1,22060.0
2026-02-20,DS1040,Hyderabad,Tier 1,control,208,200,4,4,17.99,35.0,49282.0
2026-02-20,DS1041,Lucknow,Tier 2,control,100,96,2,2,17.05,35.0,21003.0
2026-02-20,DS1042,Jaipur,Tier 2,control,117,115,1,1,13.58,76.2,26103.0
2026-02-20,DS1043,Indore,Tier 2,control,113,108,4,1,13.27,72.4,20118.0
2026-02-20,DS1044,Bengaluru,Tier 1,treated,180,171,6,3,15.52,45.8,44856.0
2026-02-20,DS1045,Delhi NCR,Tier 1,treated,225,213,9,3,15.29,45.5,55398.0
2026-02-20,DS1046,Bengaluru,Tier 1,treated,171,166,3,2,18.07,35.0,41339.0
2026-02-20,DS1047,Bengaluru,Tier 1,treated,155,149,3,3,20.21,35.0,38748.0
2026-02-20,DS1048,Mumbai,Tier 1,treated,222,208,9,5,16.92,35.0,55492.0
2026-02-20,DS1049,Jaipur,Tier 2,control,150,143,5,2,14.2,54.9,26147.0
2026-02-20,DS1050,Chennai,Tier 1,control,172,157,13,2,15.67,49.0,41234.0
2026-02-20,DS1051,Chennai,Tier 1,control,221,209,11,1,18.27,35.0,52474.0
2026-02-20,DS1052,Jaipur,Tier 2,control,130,125,4,1,17.71,35.0,22221.0
2026-02-20,DS1053,Bhopal,Tier 2,control,123,120,3,0,13.51,70.3,23892.0
2026-02-20,DS1054,Pune,Tier 1,control,238,229,7,2,17.28,35.0,54737.0
2026-02-20,DS1055,Delhi NCR,Tier 1,treated,215,209,5,1,15.95,40.8,53624.0
2026-02-20,DS1056,Delhi NCR,Tier 1,treated,305,294,9,2,18.14,35.0,67734.0
2026-02-20,DS1057,Delhi NCR,Tier 1,treated,185,176,7,2,19.03,35.0,43951.0
2026-02-20,DS1058,Chennai,Tier 1,control,251,240,7,4,18.18,35.0,49316.0
2026-02-20,DS1059,Mumbai,Tier 1,treated,220,209,10,1,15.8,45.3,50853.0
2026-02-21,DS1000,Pune,Tier 1,control,233,223,9,1,16.11,37.5,52650.0
2026-02-21,DS1001,Bengaluru,Tier 1,treated,219,205,9,5,19.33,35.0,43938.0
2026-02-21,DS1002,Mumbai,Tier 1,treated,191,186,4,1,14.7,54.7,33248.0
2026-02-21,DS1003,Lucknow,Tier 2,control,104,98,5,1,15.39,45.6,16627.0
2026-02-21,DS1004,Pune,Tier 1,control,151,139,8,4,15.11,52.8,30536.0
2026-02-21,DS1005,Pune,Tier 1,control,171,164,6,1,16.74,35.0,37015.0
2026-02-21,DS1006,Pune,Tier 1,control,237,227,6,4,13.92,62.1,56413.0
2026-02-21,DS1007,Mumbai,Tier 1,treated,233,225,7,1,13.33,70.2,49075.0
2026-02-21,DS1008,Chennai,Tier 1,control,210,199,6,5,17.6,35.0,41711.0
2026-02-21,DS1009,Hyderabad,Tier 1,control,261,245,12,4,14.87,47.4,55046.0
2026-02-21,DS1010,Lucknow,Tier 2,control,77,76,1,0,17.64,35.0,17148.0
2026-02-21,DS1011,Pune,Tier 1,control,177,168,6,3,19.16,35.0,38506.0
2026-02-21,DS1012,Bengaluru,Tier 1,treated,243,229,10,4,16.6,35.0,39358.0
2026-02-21,DS1013,Pune,Tier 1,control,231,218,9,4,19.22,35.0,49562.0
2026-02-21,DS1014,Hyderabad,Tier 1,control,190,177,10,3,19.63,35.0,47008.0
2026-02-21,DS1015,Jaipur,Tier 2,control,133,128,4,1,15.69,35.0,22343.0
2026-02-21,DS1016,Mumbai,Tier 1,treated,206,196,9,1,13.56,61.2,40159.0
2026-02-21,DS1017,Chennai,Tier 1,control,190,182,4,4,13.18,67.6,40329.0
2026-02-21,DS1018,Bhopal,Tier 2,control,115,113,2,0,16.94,35.0,23361.0
2026-02-21,DS1019,Hyderabad,Tier 1,control,244,234,7,3,18.65,35.0,40658.0
2026-02-21,DS1020,Jaipur,Tier 2,control,138,131,5,2,19.31,35.0,30543.0
2026-02-21,DS1021,Bengaluru,Tier 1,treated,149,141,4,4,13.29,70.5,33220.0
2026-02-21,DS1022,Lucknow,Tier 2,control,142,136,5,1,13.97,67.3,25627.0
2026-02-21,DS1023,Mumbai,Tier 1,treated,239,229,7,3,15.62,45.1,61692.0
2026-02-21,DS1024,Mumbai,Tier 1,treated,294,285,7,2,19.63,35.0,56723.0
2026-02-21,DS1025,Jaipur,Tier 2,control,132,127,3,2,16.44,40.0,31652.0
2026-02-21,DS1026,Delhi NCR,Tier 1,treated,193,187,4,2,17.38,35.0,43327.0
2026-02-21,DS1027,Mumbai,Tier 1,treated,180,169,7,4,15.23,48.4,51465.0
2026-02-21,DS1028,Bhopal,Tier 2,control,178,171,7,0,15.55,41.7,36090.0
2026-02-21,DS1029,Jaipur,Tier 2,control,102,98,3,1,16.16,39.3,20235.0
2026-02-21,DS1030,Pune,Tier 1,control,298,285,11,2,15.54,46.2,64592.0
2026-02-21,DS1031,Mumbai,Tier 1,treated,168,158,9,1,14.27,54.5,33304.0
2026-02-21,DS1032,Chennai,Tier 1,control,219,209,5,5,18.3,35.0,54603.0
2026-02-21,DS1033,Jaipur,Tier 2,control,85,76,8,1,18.95,35.0,16619.0
2026-02-21,DS1034,Mumbai,Tier 1,treated,197,189,7,1,16.73,35.0,49783.0
2026-02-21,DS1035,Pune,Tier 1,control,227,208,13,6,14.97,48.6,48061.0
2026-02-21,DS1036,Lucknow,Tier 2,control,82,81,1,0,14.79,45.2,13536.0
2026-02-21,DS1037,Lucknow,Tier 2,control,157,153,2,2,16.96,35.0,28789.0
2026-02-21,DS1038,Delhi NCR,Tier 1,treated,222,213,7,2,12.65,76.5,45046.0
2026-02-21,DS1039,Lucknow,Tier 2,control,98,94,3,1,13.16,76.0,15207.0
2026-02-21,DS1040,Hyderabad,Tier 1,control,194,184,9,1,17.81,35.0,45530.0
2026-02-21,DS1041,Lucknow,Tier 2,control,115,107,6,2,17.14,35.0,19707.0
2026-02-21,DS1042,Jaipur,Tier 2,control,117,111,5,1,16.54,39.1,22321.0
2026-02-21,DS1043,Indore,Tier 2,control,109,102,3,4,14.56,55.3,15430.0
2026-02-21,DS1044,Bengaluru,Tier 1,treated,200,189,7,4,15.16,45.2,33591.0
2026-02-21,DS1045,Delhi NCR,Tier 1,treated,197,186,9,2,13.74,60.7,45166.0
2026-02-21,DS1046,Bengaluru,Tier 1,treated,169,165,3,1,18.3,35.0,40330.0
2026-02-21,DS1047,Bengaluru,Tier 1,treated,157,149,5,3,19.37,35.0,38004.0
2026-02-21,DS1048,Mumbai,Tier 1,treated,208,200,7,1,15.92,36.0,47118.0
2026-02-21,DS1049,Jaipur,Tier 2,control,128,125,2,1,15.62,41.4,35286.0
2026-02-21,DS1050,Chennai,Tier 1,control,161,158,2,1,14.35,53.6,44407.0
2026-02-21,DS1051,Chennai,Tier 1,control,230,221,4,5,16.32,35.0,53224.0
2026-02-21,DS1052,Jaipur,Tier 2,control,90,86,3,1,17.2,35.0,15377.0
2026-02-21,DS1053,Bhopal,Tier 2,control,101,98,3,0,14.89,51.0,19839.0
2026-02-21,DS1054,Pune,Tier 1,control,251,234,10,7,16.16,41.4,67751.0
2026-02-21,DS1055,Delhi NCR,Tier 1,treated,205,199,4,2,14.62,59.5,41896.0
2026-02-21,DS1056,Delhi NCR,Tier 1,treated,251,245,6,0,16.25,35.0,52498.0
2026-02-21,DS1057,Delhi NCR,Tier 1,treated,162,154,7,1,18.16,35.0,39243.0
2026-02-21,DS1058,Chennai,Tier 1,control,226,221,3,2,17.07,35.0,47926.0
2026-02-21,DS1059,Mumbai,Tier 1,treated,203,193,5,5,13.87,61.1,46255.0
2026-02-22,DS1000,Pune,Tier 1,control,198,191,6,1,17.23,35.0,45229.0
2026-02-22,DS1001,Bengaluru,Tier 1,treated,173,158,12,3,18.31,35.0,31723.0
2026-02-22,DS1002,Mumbai,Tier 1,treated,192,180,8,4,16.71,35.0,41049.0
2026-02-22,DS1003,Lucknow,Tier 2,control,108,105,3,0,16.57,37.1,16864.0
2026-02-22,DS1004,Pune,Tier 1,control,156,153,2,1,15.64,42.0,31518.0
2026-02-22,DS1005,Pune,Tier 1,control,132,129,2,1,17.42,35.0,33810.0
2026-02-22,DS1006,Pune,Tier 1,control,203,198,4,1,13.85,58.4,51441.0
2026-02-22,DS1007,Mumbai,Tier 1,treated,165,158,4,3,14.07,63.6,37123.0
2026-02-22,DS1008,Chennai,Tier 1,control,217,211,4,2,18.47,35.0,41230.0
2026-02-22,DS1009,Hyderabad,Tier 1,control,210,203,7,0,14.2,57.0,42187.0
2026-02-22,DS1010,Lucknow,Tier 2,control,70,69,1,0,15.06,50.1,11665.0
2026-02-22,DS1011,Pune,Tier 1,control,154,146,5,3,20.03,35.0,28087.0
2026-02-22,DS1012,Bengaluru,Tier 1,treated,192,181,11,0,16.65,35.2,41069.0
2026-02-22,DS1013,Pune,Tier 1,control,197,187,7,3,16.7,35.0,44041.0
2026-02-22,DS1014,Hyderabad,Tier 1,control,180,173,7,0,18.99,35.0,43132.0
2026-02-22,DS1015,Jaipur,Tier 2,control,131,124,5,2,15.06,53.6,24564.0
2026-02-22,DS1016,Mumbai,Tier 1,treated,195,186,8,1,16.16,41.2,55922.0
2026-02-22,DS1017,Chennai,Tier 1,control,136,125,10,1,14.08,65.7,28804.0
2026-02-22,DS1018,Bhopal,Tier 2,control,84,83,1,0,13.73,66.8,16577.0
2026-02-22,DS1019,Hyderabad,Tier 1,control,206,201,5,0,16.93,35.0,46022.0
2026-02-22,DS1020,Jaipur,Tier 2,control,123,118,5,0,19.48,35.0,28356.0
2026-02-22,DS1021,Bengaluru,Tier 1,treated,117,112,4,1,15.18,43.5,25884.0
2026-02-22,DS1022,Lucknow,Tier 2,control,125,118,4,3,15.65,44.0,20702.0
2026-02-22,DS1023,Mumbai,Tier 1,treated,213,207,6,0,14.78,56.3,45406.0
2026-02-22,DS1024,Mumbai,Tier 1,treated,215,208,3,4,16.41,39.5,57495.0
2026-02-22,DS1025,Jaipur,Tier 2,control,101,98,1,2,15.75,41.7,19800.0
2026-02-22,DS1026,Delhi NCR,Tier 1,treated,185,177,6,2,16.89,35.0,42965.0
2026-02-22,DS1027,Mumbai,Tier 1,treated,145,142,3,0,16.41,36.8,35003.0
2026-02-22,DS1028,Bhopal,Tier 2,control,153,149,3,1,15.51,41.9,35623.0
2026-02-22,DS1029,Jaipur,Tier 2,control,111,106,4,1,16.55,39.8,23587.0
2026-02-22,DS1030,Pune,Tier 1,control,258,252,4,2,16.54,35.0,62719.0
2026-02-22,DS1031,Mumbai,Tier 1,treated,160,148,11,1,16.43,35.0,38193.0
2026-02-22,DS1032,Chennai,Tier 1,control,206,200,4,2,17.58,35.0,46172.0
2026-02-22,DS1033,Jaipur,Tier 2,control,72,71,1,0,19.14,35.0,13716.0
2026-02-22,DS1034,Mumbai,Tier 1,treated,153,145,5,3,18.8,35.0,39937.0
2026-02-22,DS1035,Pune,Tier 1,control,185,179,6,0,16.52,35.0,34921.0
2026-02-22,DS1036,Lucknow,Tier 2,control,101,93,5,3,13.82,64.0,19407.0
2026-02-22,DS1037,Lucknow,Tier 2,control,143,140,2,1,16.63,35.0,31197.0
2026-02-22,DS1038,Delhi NCR,Tier 1,treated,201,191,6,4,13.29,65.0,51610.0
2026-02-22,DS1039,Lucknow,Tier 2,control,87,84,3,0,13.07,72.3,14126.0
2026-02-22,DS1040,Hyderabad,Tier 1,control,184,174,7,3,18.56,35.0,36119.0
2026-02-22,DS1041,Lucknow,Tier 2,control,95,87,6,2,17.27,35.0,21241.0
2026-02-22,DS1042,Jaipur,Tier 2,control,98,91,6,1,16.85,35.0,21633.0
2026-02-22,DS1043,Indore,Tier 2,control,103,100,2,1,13.44,66.3,22522.0
2026-02-22,DS1044,Bengaluru,Tier 1,treated,135,131,3,1,15.32,49.1,29481.0
2026-02-22,DS1045,Delhi NCR,Tier 1,treated,186,171,12,3,16.61,35.0,32895.0
2026-02-22,DS1046,Bengaluru,Tier 1,treated,171,166,5,0,16.88,35.0,36552.0
2026-02-22,DS1047,Bengaluru,Tier 1,treated,120,113,2,5,19.02,35.0,30674.0
2026-02-22,DS1048,Mumbai,Tier 1,treated,181,171,8,2,16.25,36.8,38713.0
2026-02-22,DS1049,Jaipur,Tier 2,control,148,144,3,1,14.88,48.1,27608.0
2026-02-22,DS1050,Chennai,Tier 1,control,132,122,5,5,14.05,63.6,29686.0
2026-02-22,DS1051,Chennai,Tier 1,control,185,177,4,4,16.51,35.0,41388.0
2026-02-22,DS1052,Jaipur,Tier 2,control,89,86,2,1,14.6,57.0,17397.0
2026-02-22,DS1053,Bhopal,Tier 2,control,98,93,3,2,14.2,59.4,19121.0
2026-02-22,DS1054,Pune,Tier 1,control,217,207,6,4,16.03,39.3,53493.0
2026-02-22,DS1055,Delhi NCR,Tier 1,treated,167,158,5,4,13.61,64.9,36111.0
2026-02-22,DS1056,Delhi NCR,Tier 1,treated,241,228,10,3,17.95,35.0,59258.0
2026-02-22,DS1057,Delhi NCR,Tier 1,treated,146,140,4,2,17.71,35.0,41649.0
2026-02-22,DS1058,Chennai,Tier 1,control,183,172,9,2,18.15,35.0,45409.0
2026-02-22,DS1059,Mumbai,Tier 1,treated,156,142,10,4,15.81,43.1,36622.0
2026-02-23,DS1000,Pune,Tier 1,control,224,214,8,2,16.66,35.0,36152.0
2026-02-23,DS1001,Bengaluru,Tier 1,treated,175,169,5,1,19.16,35.0,44705.0
2026-02-23,DS1002,Mumbai,Tier 1,treated,174,162,7,5,15.1,50.9,38676.0
2026-02-23,DS1003,Lucknow,Tier 2,control,87,82,3,2,16.17,35.0,16568.0
2026-02-23,DS1004,Pune,Tier 1,control,136,124,10,2,14.7,55.0,34357.0
2026-02-23,DS1005,Pune,Tier 1,control,134,130,3,1,16.9,35.0,28327.0
2026-02-23,DS1006,Pune,Tier 1,control,182,177,4,1,14.98,49.5,39751.0
2026-02-23,DS1007,Mumbai,Tier 1,treated,196,189,5,2,13.86,64.5,47019.0
2026-02-23,DS1008,Chennai,Tier 1,control,207,196,8,3,17.47,35.0,45868.0
2026-02-23,DS1009,Hyderabad,Tier 1,control,217,204,8,5,13.0,77.3,54109.0
2026-02-23,DS1010,Lucknow,Tier 2,control,76,73,3,0,17.09,35.0,14169.0
2026-02-23,DS1011,Pune,Tier 1,control,168,160,5,3,17.85,35.0,31776.0
2026-02-23,DS1012,Bengaluru,Tier 1,treated,203,193,9,1,15.79,35.0,51569.0
2026-02-23,DS1013,Pune,Tier 1,control,202,190,7,5,17.1,35.0,39516.0
2026-02-23,DS1014,Hyderabad,Tier 1,control,176,162,13,1,17.99,35.0,39494.0
2026-02-23,DS1015,Jaipur,Tier 2,control,118,115,3,0,17.2,35.0,26490.0
2026-02-23,DS1016,Mumbai,Tier 1,treated,200,193,6,1,16.47,37.8,41731.0
2026-02-23,DS1017,Chennai,Tier 1,control,150,144,4,2,13.97,55.9,31740.0
2026-02-23,DS1018,Bhopal,Tier 2,control,82,81,1,0,17.53,35.0,19033.0
2026-02-23,DS1019,Hyderabad,Tier 1,control,210,201,6,3,17.95,35.0,56047.0
2026-02-23,DS1020,Jaipur,Tier 2,control,116,109,6,1,17.1,35.0,21277.0
2026-02-23,DS1021,Bengaluru,Tier 1,treated,130,128,2,0,14.89,48.4,30424.0
2026-02-23,DS1022,Lucknow,Tier 2,control,146,141,4,1,13.34,74.4,31918.0
2026-02-23,DS1023,Mumbai,Tier 1,treated,211,204,5,2,14.91,53.2,43847.0
2026-02-23,DS1024,Mumbai,Tier 1,treated,226,216,5,5,16.12,40.9,50764.0
2026-02-23,DS1025,Jaipur,Tier 2,control,91,84,5,2,14.16,60.8,17967.0
2026-02-23,DS1026,Delhi NCR,Tier 1,treated,182,175,5,2,16.66,35.0,51507.0
2026-02-23,DS1027,Mumbai,Tier 1,treated,147,144,2,1,17.6,35.0,42676.0
2026-02-23,DS1028,Bhopal,Tier 2,control,175,168,3,4,13.2,73.5,23971.0
2026-02-23,DS1029,Jaipur,Tier 2,control,114,110,3,1,15.34,45.0,18604.0
2026-02-23,DS1030,Pune,Tier 1,control,221,207,13,1,16.54,35.0,54339.0
2026-02-23,DS1031,Mumbai,Tier 1,treated,175,167,6,2,18.06,35.0,36299.0
2026-02-23,DS1032,Chennai,Tier 1,control,208,194,11,3,17.39,35.0,41405.0
2026-02-23,DS1033,Jaipur,Tier 2,control,78,71,6,1,19.78,35.0,15310.0
2026-02-23,DS1034,Mumbai,Tier 1,treated,152,144,8,0,18.24,35.0,32477.0
2026-02-23,DS1035,Pune,Tier 1,control,215,205,8,2,16.87,40.4,56757.0
2026-02-23,DS1036,Lucknow,Tier 2,control,75,74,0,1,13.33,73.8,12686.0
2026-02-23,DS1037,Lucknow,Tier 2,control,117,109,5,3,17.31,35.0,21404.0
2026-02-23,DS1038,Delhi NCR,Tier 1,treated,193,187,3,3,13.46,71.3,45783.0
2026-02-23,DS1039,Lucknow,Tier 2,control,95,92,2,1,-1.3710000000000002,69.9,20003.0
2026-02-23,DS1040,Hyderabad,Tier 1,control,165,156,8,1,17.46,35.0,34442.0
2026-02-23,DS1041,Lucknow,Tier 2,control,115,109,3,3,17.89,35.0,22160.0
2026-02-23,DS1042,Jaipur,Tier 2,control,103,95,7,1,17.56,35.0,15601.0
2026-02-23,DS1043,Indore,Tier 2,control,102,96,3,3,15.08,45.9,18540.0
2026-02-23,DS1044,Bengaluru,Tier 1,treated,164,156,7,1,16.67,35.0,38966.0
2026-02-23,DS1045,Delhi NCR,Tier 1,treated,176,167,5,4,15.12,43.8,33946.0
2026-02-23,DS1046,Bengaluru,Tier 1,treated,153,145,6,2,18.55,35.0,39267.0
2026-02-23,DS1047,Bengaluru,Tier 1,treated,136,129,6,1,18.71,35.0,32348.0
2026-02-23,DS1048,Mumbai,Tier 1,treated,178,168,7,3,16.84,38.3,41317.0
2026-02-23,DS1049,Jaipur,Tier 2,control,136,132,3,1,12.61,75.0,31593.0
2026-02-23,DS1050,Chennai,Tier 1,control,129,124,3,2,14.81,48.5,31692.0
2026-02-23,DS1051,Chennai,Tier 1,control,195,190,4,1,17.74,35.0,48750.0
2026-02-23,DS1052,Jaipur,Tier 2,control,111,104,6,1,16.58,35.0,18654.0
2026-02-23,DS1053,Bhopal,Tier 2,control,74,72,2,0,15.45,46.8,16739.0
2026-02-23,DS1054,Pune,Tier 1,control,198,186,10,2,16.56,39.7,48132.0
2026-02-23,DS1055,Delhi NCR,Tier 1,treated,159,156,3,0,14.54,62.8,33937.0
2026-02-23,DS1056,Delhi NCR,Tier 1,treated,255,250,3,2,18.4,35.0,61218.0
2026-02-23,DS1057,Delhi NCR,Tier 1,treated,148,142,5,1,19.04,35.0,40826.0
2026-02-23,DS1058,Chennai,Tier 1,control,194,188,5,1,17.3,35.0,39186.0
2026-02-23,DS1059,Mumbai,Tier 1,treated,182,176,6,0,14.93,56.2,45327.0
2026-02-24,DS1000,Pune,Tier 1,control,193,187,4,2,18.02,35.0,47234.0
2026-02-24,DS1001,Bengaluru,Tier 1,treated,169,161,7,1,17.53,35.0,33232.0
2026-02-24,DS1002,Mumbai,Tier 1,treated,185,174,9,2,15.22,48.1,44656.0
2026-02-24,DS1003,Lucknow,Tier 2,control,107,106,1,0,16.06,36.4,22938.0
2026-02-24,DS1004,Pune,Tier 1,control,162,151,9,2,14.94,52.3,43130.0
2026-02-24,DS1005,Pune,Tier 1,control,151,143,6,2,16.08,41.9,32836.0
2026-02-24,DS1006,Pune,Tier 1,control,216,211,4,1,14.75,55.3,41939.0
2026-02-24,DS1007,Mumbai,Tier 1,treated,180,168,9,3,13.67,57.4,36387.0
2026-02-24,DS1008,Chennai,Tier 1,control,208,197,8,3,18.56,35.0,48940.0
2026-02-24,DS1009,Hyderabad,Tier 1,control,240,232,6,2,15.16,48.8,58284.0
2026-02-24,DS1010,Lucknow,Tier 2,control,72,68,4,0,17.98,35.0,14581.0
2026-02-24,DS1011,Pune,Tier 1,control,178,170,6,2,19.13,35.0,43386.0
2026-02-24,DS1012,Bengaluru,Tier 1,treated,169,159,6,4,17.01,35.0,26805.0
2026-02-24,DS1013,Pune,Tier 1,control,222,207,12,3,17.82,35.0,51057.0
2026-02-24,DS1014,Hyderabad,Tier 1,control,196,183,11,2,19.39,35.0,40487.0
2026-02-24,DS1015,Jaipur,Tier 2,control,124,119,3,2,15.09,44.7,25757.0
2026-02-24,DS1016,Mumbai,Tier 1,treated,215,209,5,1,14.81,56.9,46263.0
2026-02-24,DS1017,Chennai,Tier 1,control,131,128,3,0,13.57,73.6,37527.0
2026-02-24,DS1018,Bhopal,Tier 2,control,92,88,4,0,15.24,46.0,18746.0
2026-02-24,DS1019,Hyderabad,Tier 1,control,212,205,5,2,19.8,35.0,49268.0
2026-02-24,DS1020,Jaipur,Tier 2,control,114,109,1,4,18.02,35.0,21117.0
2026-02-24,DS1021,Bengaluru,Tier 1,treated,113,105,7,1,15.61,42.4,27582.0
2026-02-24,DS1022,Lucknow,Tier 2,control,126,120,4,2,14.08,63.5,25735.0
2026-02-24,DS1023,Mumbai,Tier 1,treated,213,203,10,0,15.68,45.5,56378.0
2026-02-24,DS1024,Mumbai,Tier 1,treated,220,210,7,3,17.2,35.0,39925.0
2026-02-24,DS1025,Jaipur,Tier 2,control,100,94,3,3,15.35,52.4,15869.0
2026-02-24,DS1026,Delhi NCR,Tier 1,treated,188,178,8,2,15.91,35.0,40210.0
2026-02-24,DS1027,Mumbai,Tier 1,treated,125,121,1,3,18.54,35.0,30041.0
2026-02-24,DS1028,Bhopal,Tier 2,control,148,140,7,1,17.03,35.0,25885.0
2026-02-24,DS1029,Jaipur,Tier 2,control,88,86,2,0,16.6,35.0,18898.0
2026-02-24,DS1030,Pune,Tier 1,control,250,244,5,1,16.94,35.0,66335.0
2026-02-24,DS1031,Mumbai,Tier 1,treated,142,138,4,0,16.42,35.0,28835.0
2026-02-24,DS1032,Chennai,Tier 1,control,199,192,4,3,-1.7030000000000003,35.0,46460.0
2026-02-24,DS1033,Jaipur,Tier 2,control,76,74,2,0,19.26,35.0,17464.0
2026-02-24,DS1034,Mumbai,Tier 1,treated,178,169,8,1,17.52,35.0,38030.0
2026-02-24,DS1035,Pune,Tier 1,control,210,195,11,4,16.61,35.0,51294.0
2026-02-24,DS1036,Lucknow,Tier 2,control,83,81,2,0,15.05,52.9,20882.0
2026-02-24,DS1037,Lucknow,Tier 2,control,129,118,9,2,15.94,36.0,17809.0
2026-02-24,DS1038,Delhi NCR,Tier 1,treated,200,195,4,1,13.13,75.2,52536.0
2026-02-24,DS1039,Lucknow,Tier 2,control,90,81,5,4,13.89,61.0,16627.0
2026-02-24,DS1040,Hyderabad,Tier 1,control,166,158,7,1,17.82,35.0,37242.0
2026-02-24,DS1041,Lucknow,Tier 2,control,83,79,4,0,17.16,35.1,15833.0
2026-02-24,DS1042,Jaipur,Tier 2,control,114,109,4,1,17.07,35.0,23917.0
2026-02-24,DS1043,Indore,Tier 2,control,80,74,4,2,13.58,63.1,14188.0
2026-02-24,DS1044,Bengaluru,Tier 1,treated,141,138,3,0,16.35,37.2,28761.0
2026-02-24,DS1045,Delhi NCR,Tier 1,treated,197,189,7,1,15.03,54.7,42038.0
2026-02-24,DS1046,Bengaluru,Tier 1,treated,137,132,4,1,16.33,37.0,31779.0
2026-02-24,DS1047,Bengaluru,Tier 1,treated,150,133,11,6,21.07,35.0,31277.0
2026-02-24,DS1048,Mumbai,Tier 1,treated,163,157,5,1,16.43,35.0,34935.0
2026-02-24,DS1049,Jaipur,Tier 2,control,153,140,9,4,16.06,35.0,31027.0
2026-02-24,DS1050,Chennai,Tier 1,control,112,106,5,1,14.59,51.7,27947.0
2026-02-24,DS1051,Chennai,Tier 1,control,182,178,2,2,15.82,39.8,46594.0
2026-02-24,DS1052,Jaipur,Tier 2,control,75,72,2,1,15.64,43.2,14092.0
2026-02-24,DS1053,Bhopal,Tier 2,control,98,95,2,1,16.25,35.0,22281.0
2026-02-24,DS1054,Pune,Tier 1,control,219,207,9,3,16.96,35.0,48736.0
2026-02-24,DS1055,Delhi NCR,Tier 1,treated,173,166,6,1,13.95,62.3,31310.0
2026-02-24,DS1056,Delhi NCR,Tier 1,treated,219,214,4,1,18.07,35.0,53617.0
2026-02-24,DS1057,Delhi NCR,Tier 1,treated,162,152,6,4,17.89,35.0,29119.0
2026-02-24,DS1058,Chennai,Tier 1,control,197,189,6,2,19.08,35.0,55137.0
2026-02-24,DS1059,Mumbai,Tier 1,treated,180,171,7,2,15.24,51.6,33872.0
2026-02-25,DS1000,Pune,Tier 1,control,203,195,8,0,16.38,38.0,28790.0
2026-02-25,DS1001,Bengaluru,Tier 1,treated,211,201,5,5,19.09,35.0,48352.0
2026-02-25,DS1002,Mumbai,Tier 1,treated,159,149,9,1,16.17,35.7,31664.0
2026-02-25,DS1003,Lucknow,Tier 2,control,101,95,5,1,15.74,35.0,19490.0
2026-02-25,DS1004,Pune,Tier 1,control,135,131,3,1,14.08,53.8,31271.0
2026-02-25,DS1005,Pune,Tier 1,control,154,147,7,0,16.13,35.0,41537.0
2026-02-25,DS1006,Pune,Tier 1,control,211,207,4,0,13.77,68.7,53401.0
2026-02-25,DS1007,Mumbai,Tier 1,treated,180,169,10,1,14.9,48.4,46335.0
2026-02-25,DS1008,Chennai,Tier 1,control,196,191,4,1,19.13,35.0,45140.0
2026-02-25,DS1009,Hyderabad,Tier 1,control,207,202,3,2,14.25,56.2,52026.0
2026-02-25,DS1010,Lucknow,Tier 2,control,88,82,3,3,18.33,35.0,18727.0
2026-02-25,DS1011,Pune,Tier 1,control,138,133,4,1,19.3,35.0,31289.0
2026-02-25,DS1012,Bengaluru,Tier 1,treated,194,188,5,1,16.1,38.4,42435.0
2026-02-25,DS1013,Pune,Tier 1,control,187,180,5,2,17.31,35.0,40243.0
2026-02-25,DS1014,Hyderabad,Tier 1,control,178,175,1,2,18.53,35.0,47859.0
2026-02-25,DS1015,Jaipur,Tier 2,control,124,118,4,2,15.49,52.9,20118.0
2026-02-25,DS1016,Mumbai,Tier 1,treated,176,171,4,1,15.16,49.2,43067.0
2026-02-25,DS1017,Chennai,Tier 1,control,156,145,8,3,13.56,61.2,37930.0
2026-02-25,DS1018,Bhopal,Tier 2,control,101,98,2,1,14.35,54.3,20934.0
2026-02-25,DS1019,Hyderabad,Tier 1,control,191,183,6,2,19.36,35.0,41202.0
2026-02-25,DS1020,Jaipur,Tier 2,control,109,107,1,1,16.52,45.6,19264.0
2026-02-25,DS1021,Bengaluru,Tier 1,treated,109,108,1,0,13.68,60.7,24343.0
2026-02-25,DS1022,Lucknow,Tier 2,control,134,123,8,3,15.13,42.8,22781.0
2026-02-25,DS1023,Mumbai,Tier 1,treated,212,201,6,5,16.84,35.0,52846.0
2026-02-25,DS1024,Mumbai,Tier 1,treated,232,218,7,7,16.27,35.0,45951.0
2026-02-25,DS1025,Jaipur,Tier 2,control,101,95,6,0,15.71,41.0,18479.0
2026-02-25,DS1026,Delhi NCR,Tier 1,treated,189,184,4,1,16.55,35.0,44842.0
2026-02-25,DS1027,Mumbai,Tier 1,treated,142,135,5,2,14.85,52.4,29191.0
2026-02-25,DS1028,Bhopal,Tier 2,control,152,146,5,1,15.04,51.7,30483.0
2026-02-25,DS1029,Jaipur,Tier 2,control,99,96,1,2,16.19,35.0,17096.0
2026-02-25,DS1030,Pune,Tier 1,control,250,242,7,1,16.09,35.0,55723.0
2026-02-25,DS1031,Mumbai,Tier 1,treated,159,154,5,0,17.2,35.0,37072.0
2026-02-25,DS1032,Chennai,Tier 1,control,203,193,7,3,16.62,35.0,42880.0
2026-02-25,DS1033,Jaipur,Tier 2,control,73,70,3,0,19.54,35.0,14031.0
2026-02-25,DS1034,Mumbai,Tier 1,treated,159,147,11,1,17.33,35.0,38767.0
2026-02-25,DS1035,Pune,Tier 1,control,191,182,6,3,16.89,35.0,51628.0
2026-02-25,DS1036,Lucknow,Tier 2,control,67,64,2,1,15.23,41.7,11816.0
2026-02-25,DS1037,Lucknow,Tier 2,control,126,121,4,1,17.85,35.0,25532.0
2026-02-25,DS1038,Delhi NCR,Tier 1,treated,200,190,8,2,14.51,57.6,47548.0
2026-02-25,DS1039,Lucknow,Tier 2,control,97,94,2,1,13.01,69.1,22315.0
2026-02-25,DS1040,Hyderabad,Tier 1,control,167,159,5,3,16.23,35.5,36972.0
2026-02-25,DS1041,Lucknow,Tier 2,control,91,89,2,0,16.29,35.3,19407.0
2026-02-25,DS1042,Jaipur,Tier 2,control,98,96,2,0,15.96,39.1,24983.0
2026-02-25,DS1043,Indore,Tier 2,control,102,97,3,2,13.61,68.6,16301.0
2026-02-25,DS1044,Bengaluru,Tier 1,treated,157,152,2,3,17.01,35.0,32869.0
2026-02-25,DS1045,Delhi NCR,Tier 1,treated,182,176,5,1,15.94,38.5,41766.0
2026-02-25,DS1046,Bengaluru,Tier 1,treated,187,182,3,2,16.38,35.0,39571.0
2026-02-25,DS1047,Bengaluru,Tier 1,treated,137,133,3,1,19.39,35.0,31659.0
2026-02-25,DS1048,Mumbai,Tier 1,treated,182,173,6,3,16.55,38.6,30850.0
2026-02-25,DS1049,Jaipur,Tier 2,control,121,117,2,2,14.11,54.7,25471.0
2026-02-25,DS1050,Chennai,Tier 1,control,123,116,5,2,13.1,75.8,25474.0
2026-02-25,DS1051,Chennai,Tier 1,control,187,174,10,3,16.38,36.0,39668.0
2026-02-25,DS1052,Jaipur,Tier 2,control,89,86,1,2,14.88,49.5,18822.0
2026-02-25,DS1053,Bhopal,Tier 2,control,76,72,3,1,13.65,67.9,13334.0
2026-02-25,DS1054,Pune,Tier 1,control,198,187,10,1,15.7,42.3,48172.0
2026-02-25,DS1055,Delhi NCR,Tier 1,treated,168,166,1,1,15.19,50.9,47757.0
2026-02-25,DS1056,Delhi NCR,Tier 1,treated,260,245,11,4,17.34,35.0,56673.0
2026-02-25,DS1057,Delhi NCR,Tier 1,treated,166,160,5,1,17.8,35.0,35268.0
2026-02-25,DS1058,Chennai,Tier 1,control,199,191,5,3,19.1,35.0,47956.0
2026-02-25,DS1059,Mumbai,Tier 1,treated,168,160,5,3,14.88,48.4,41328.0
2026-02-26,DS1000,Pune,Tier 1,control,176,163,9,4,16.52,35.0,41047.0
2026-02-26,DS1001,Bengaluru,Tier 1,treated,173,159,11,3,20.96,35.0,36656.0
2026-02-26,DS1002,Mumbai,Tier 1,treated,176,169,4,3,16.78,35.0,44104.0
2026-02-26,DS1003,Lucknow,Tier 2,control,91,87,4,0,15.61,46.0,15689.0
2026-02-26,DS1004,Pune,Tier 1,control,136,131,4,1,14.53,53.3,26856.0
2026-02-26,DS1005,Pune,Tier 1,control,139,136,2,1,15.32,39.3,31740.0
2026-02-26,DS1006,Pune,Tier 1,control,208,202,4,2,13.82,70.3,50331.0
2026-02-26,DS1007,Mumbai,Tier 1,treated,188,180,6,2,15.52,45.5,40012.0
2026-02-26,DS1008,Chennai,Tier 1,control,218,210,7,1,17.32,35.0,59145.0
2026-02-26,DS1009,Hyderabad,Tier 1,control,243,227,12,4,14.38,65.2,51777.0
2026-02-26,DS1010,Lucknow,Tier 2,control,74,73,0,1,17.96,35.0,15943.0
2026-02-26,DS1011,Pune,Tier 1,control,173,159,9,5,19.38,35.0,37331.0
2026-02-26,DS1012,Bengaluru,Tier 1,treated,173,165,6,2,15.93,36.7,34463.0
2026-02-26,DS1013,Pune,Tier 1,control,201,193,5,3,16.49,39.0,42857.0
2026-02-26,DS1014,Hyderabad,Tier 1,control,143,138,5,0,18.53,35.0,36160.0
2026-02-26,DS1015,Jaipur,Tier 2,control,100,96,3,1,15.99,35.5,23377.0
2026-02-26,DS1016,Mumbai,Tier 1,treated,182,175,5,2,16.62,35.0,42289.0
2026-02-26,DS1017,Chennai,Tier 1,control,146,137,6,3,13.08,72.3,29934.0
2026-02-26,DS1018,Bhopal,Tier 2,control,90,83,7,0,15.53,42.8,16555.0
2026-02-26,DS1019,Hyderabad,Tier 1,control,203,200,3,0,19.35,35.0,43590.0
2026-02-26,DS1020,Jaipur,Tier 2,control,95,90,2,3,18.87,35.0,19119.0
2026-02-26,DS1021,Bengaluru,Tier 1,treated,126,123,1,2,15.35,43.3,23947.0
2026-02-26,DS1022,Lucknow,Tier 2,control,121,116,4,1,15.4,45.1,25225.0
2026-02-26,DS1023,Mumbai,Tier 1,treated,201,192,5,4,16.0,42.6,40279.0
2026-02-26,DS1024,Mumbai,Tier 1,treated,232,222,9,1,16.53,35.0,42395.0
2026-02-26,DS1025,Jaipur,Tier 2,control,96,93,3,0,18.33,35.0,24242.0
2026-02-26,DS1026,Delhi NCR,Tier 1,treated,185,182,2,1,16.74,35.0,48385.0
2026-02-26,DS1027,Mumbai,Tier 1,treated,135,130,2,3,14.91,52.1,27851.0
2026-02-26,DS1028,Bhopal,Tier 2,control,172,164,7,1,16.16,41.1,27640.0
2026-02-26,DS1029,Jaipur,Tier 2,control,105,102,3,0,17.62,35.0,22870.0
2026-02-26,DS1030,Pune,Tier 1,control,228,219,7,2,16.71,35.0,51402.0
2026-02-26,DS1031,Mumbai,Tier 1,treated,176,167,6,3,16.49,35.0,32741.0
2026-02-26,DS1032,Chennai,Tier 1,control,192,183,6,3,18.08,35.0,44354.0
2026-02-26,DS1033,Jaipur,Tier 2,control,74,72,1,1,18.67,35.0,13643.0
2026-02-26,DS1034,Mumbai,Tier 1,treated,176,165,8,3,14.6,58.8,39175.0
2026-02-26,DS1035,Pune,Tier 1,control,236,230,4,2,16.49,35.0,62298.0
2026-02-26,DS1036,Lucknow,Tier 2,control,96,92,2,2,12.69,75.1,16024.0
2026-02-26,DS1037,Lucknow,Tier 2,control,115,107,7,1,17.61,35.0,22976.0
2026-02-26,DS1038,Delhi NCR,Tier 1,treated,192,184,7,1,12.63,72.3,40644.0
2026-02-26,DS1039,Lucknow,Tier 2,control,97,94,3,0,15.22,51.6,18479.0
2026-02-26,DS1040,Hyderabad,Tier 1,control,177,167,10,0,17.61,35.0,32174.0
2026-02-26,DS1041,Lucknow,Tier 2,control,99,96,2,1,16.39,41.5,19142.0
2026-02-26,DS1042,Jaipur,Tier 2,control,85,77,4,4,15.7,41.3,19212.0
2026-02-26,DS1043,Indore,Tier 2,control,99,95,4,0,14.7,50.7,20805.0
2026-02-26,DS1044,Bengaluru,Tier 1,treated,151,146,4,1,15.41,48.4,33883.0
2026-02-26,DS1045,Delhi NCR,Tier 1,treated,199,182,14,3,16.35,35.0,44616.0
2026-02-26,DS1046,Bengaluru,Tier 1,treated,162,155,5,2,17.22,35.0,35339.0
2026-02-26,DS1047,Bengaluru,Tier 1,treated,140,129,8,3,19.93,35.0,23094.0
2026-02-26,DS1048,Mumbai,Tier 1,treated,183,173,10,0,16.2,35.0,37490.0
2026-02-26,DS1049,Jaipur,Tier 2,control,132,126,2,4,16.1,45.9,27438.0
2026-02-26,DS1050,Chennai,Tier 1,control,149,142,5,2,14.73,57.4,34438.0
2026-02-26,DS1051,Chennai,Tier 1,control,199,187,7,5,15.96,36.0,51047.0
2026-02-26,DS1052,Jaipur,Tier 2,control,98,95,3,0,16.9,35.0,19832.0
2026-02-26,DS1053,Bhopal,Tier 2,control,94,90,2,2,13.9,62.3,15573.0
2026-02-26,DS1054,Pune,Tier 1,control,219,206,12,1,18.31,35.0,36274.0
2026-02-26,DS1055,Delhi NCR,Tier 1,treated,168,159,5,4,14.46,53.6,29928.0
2026-02-26,DS1056,Delhi NCR,Tier 1,treated,231,220,8,3,18.74,35.0,49668.0
2026-02-26,DS1057,Delhi NCR,Tier 1,treated,155,142,11,2,17.53,35.0,32355.0
2026-02-26,DS1058,Chennai,Tier 1,control,193,186,5,2,18.08,35.0,44007.0
2026-02-26,DS1059,Mumbai,Tier 1,treated,188,178,9,1,14.98,48.8,45743.0
2026-02-27,DS1000,Pune,Tier 1,control,247,239,7,1,16.59,35.0,53964.0
2026-02-27,DS1001,Bengaluru,Tier 1,treated,223,214,6,3,19.68,35.0,45375.0
2026-02-27,DS1002,Mumbai,Tier 1,treated,218,203,11,4,15.55,41.4,46282.0
2026-02-27,DS1003,Lucknow,Tier 2,control,120,112,5,3,15.29,41.8,24429.0
2026-02-27,DS1004,Pune,Tier 1,control,158,147,7,4,14.78,52.1,31463.0
2026-02-27,DS1005,Pune,Tier 1,control,165,154,7,4,15.98,42.1,37592.0
2026-02-27,DS1006,Pune,Tier 1,control,264,247,12,5,14.24,64.8,56070.0
2026-02-27,DS1007,Mumbai,Tier 1,treated,196,180,13,3,14.59,61.5,48782.0
2026-02-27,DS1008,Chennai,Tier 1,control,222,215,4,3,18.28,35.0,44821.0
2026-02-27,DS1009,Hyderabad,Tier 1,control,253,244,5,4,16.16,35.0,63944.0
2026-02-27,DS1010,Lucknow,Tier 2,control,76,74,1,1,18.75,35.0,13528.0
2026-02-27,DS1011,Pune,Tier 1,control,179,164,13,2,18.75,35.0,31344.0
2026-02-27,DS1012,Bengaluru,Tier 1,treated,233,219,8,6,15.59,42.4,53231.0
2026-02-27,DS1013,Pune,Tier 1,control,235,223,10,2,17.8,35.0,45788.0
2026-02-27,DS1014,Hyderabad,Tier 1,control,207,197,6,4,18.86,35.0,53464.0
2026-02-27,DS1015,Jaipur,Tier 2,control,154,150,4,0,15.07,49.5,32030.0
2026-02-27,DS1016,Mumbai,Tier 1,treated,211,207,3,1,16.49,35.0,54484.0
2026-02-27,DS1017,Chennai,Tier 1,control,158,150,5,3,15.27,47.5,39399.0
2026-02-27,DS1018,Bhopal,Tier 2,control,101,99,1,1,16.36,35.0,17704.0
2026-02-27,DS1019,Hyderabad,Tier 1,control,254,242,11,1,19.83,35.0,65308.0
2026-02-27,DS1020,Jaipur,Tier 2,control,153,146,6,1,17.59,35.0,33970.0
2026-02-27,DS1021,Bengaluru,Tier 1,treated,145,136,6,3,14.45,55.6,27614.0
2026-02-27,DS1022,Lucknow,Tier 2,control,162,155,5,2,14.63,53.0,29234.0
2026-02-27,DS1023,Mumbai,Tier 1,treated,237,226,7,4,17.07,35.0,51962.0
2026-02-27,DS1024,Mumbai,Tier 1,treated,264,254,9,1,17.29,35.0,66121.0
2026-02-27,DS1025,Jaipur,Tier 2,control,103,100,3,0,14.73,54.0,17433.0
2026-02-27,DS1026,Delhi NCR,Tier 1,treated,189,181,7,1,17.38,35.0,42968.0
2026-02-27,DS1027,Mumbai,Tier 1,treated,183,177,5,1,17.57,35.0,52980.0
2026-02-27,DS1028,Bhopal,Tier 2,control,177,167,8,2,16.74,35.0,35700.0
2026-02-27,DS1029,Jaipur,Tier 2,control,126,121,4,1,15.8,38.9,22981.0
2026-02-27,DS1030,Pune,Tier 1,control,311,302,6,3,17.07,35.0,64086.0
2026-02-27,DS1031,Mumbai,Tier 1,treated,184,171,10,3,16.85,35.0,40632.0
2026-02-27,DS1032,Chennai,Tier 1,control,238,226,8,4,16.49,35.0,59626.0
2026-02-27,DS1033,Jaipur,Tier 2,control,80,75,4,1,19.7,35.0,12589.0
2026-02-27,DS1034,Mumbai,Tier 1,treated,215,204,5,6,16.77,35.0,49769.0
2026-02-27,DS1035,Pune,Tier 1,control,278,261,14,3,15.41,45.7,72595.0
2026-02-27,DS1036,Lucknow,Tier 2,control,83,81,2,0,11.89,85.7,15599.0
2026-02-27,DS1037,Lucknow,Tier 2,control,160,150,8,2,17.82,35.0,30840.0
2026-02-27,DS1038,Delhi NCR,Tier 1,treated,269,255,7,7,11.45,80.0,53755.0
2026-02-27,DS1039,Lucknow,Tier 2,control,106,102,3,1,14.08,59.1,19611.0
2026-02-27,DS1040,Hyderabad,Tier 1,control,218,208,9,1,18.22,35.0,46080.0
2026-02-27,DS1041,Lucknow,Tier 2,control,115,110,5,0,17.85,35.0,31037.0
2026-02-27,DS1042,Jaipur,Tier 2,control,120,115,4,1,16.26,35.0,26530.0
2026-02-27,DS1043,Indore,Tier 2,control,114,108,5,1,14.39,55.8,20586.0
2026-02-27,DS1044,Bengaluru,Tier 1,treated,196,193,3,0,15.88,42.0,51426.0
2026-02-27,DS1045,Delhi NCR,Tier 1,treated,216,202,12,2,15.23,45.3,48369.0
2026-02-27,DS1046,Bengaluru,Tier 1,treated,179,173,5,1,16.35,36.3,43705.0
2026-02-27,DS1047,Bengaluru,Tier 1,treated,182,174,5,3,19.77,35.0,42346.0
2026-02-27,DS1048,Mumbai,Tier 1,treated,236,219,10,7,17.75,35.0,60109.0
2026-02-27,DS1049,Jaipur,Tier 2,control,167,163,2,2,15.69,35.1,28724.0
2026-02-27,DS1050,Chennai,Tier 1,control,153,144,5,4,15.32,48.9,34124.0
2026-02-27,DS1051,Chennai,Tier 1,control,209,201,6,2,18.46,35.0,46965.0
2026-02-27,DS1052,Jaipur,Tier 2,control,123,115,7,1,14.54,55.2,21541.0
2026-02-27,DS1053,Bhopal,Tier 2,control,96,91,5,0,13.72,62.2,17293.0
2026-02-27,DS1054,Pune,Tier 1,control,246,232,10,4,15.98,37.2,67338.0
2026-02-27,DS1055,Delhi NCR,Tier 1,treated,191,183,4,4,14.45,57.9,49467.0
2026-02-27,DS1056,Delhi NCR,Tier 1,treated,277,263,12,2,18.01,35.0,62381.0
2026-02-27,DS1057,Delhi NCR,Tier 1,treated,199,187,11,1,17.67,35.0,50589.0
2026-02-27,DS1058,Chennai,Tier 1,control,233,223,7,3,17.67,35.0,52163.0
2026-02-27,DS1059,Mumbai,Tier 1,treated,187,178,6,3,14.65,52.8,37254.0
2026-02-28,DS1000,Pune,Tier 1,control,218,207,8,3,17.37,35.0,44734.0
2026-02-28,DS1001,Bengaluru,Tier 1,treated,219,209,9,1,19.68,35.0,50089.0
2026-02-28,DS1002,Mumbai,Tier 1,treated,195,187,5,3,17.83,35.0,43404.0
2026-02-28,DS1003,Lucknow,Tier 2,control,109,106,1,2,16.78,35.0,24188.0
2026-02-28,DS1004,Pune,Tier 1,control,173,164,8,1,14.79,48.9,37595.0
2026-02-28,DS1005,Pune,Tier 1,control,178,172,5,1,16.56,35.0,42224.0
2026-02-28,DS1006,Pune,Tier 1,control,250,239,11,0,14.73,57.8,56608.0
2026-02-28,DS1007,Mumbai,Tier 1,treated,215,200,9,6,14.79,60.4,44482.0
2026-02-28,DS1008,Chennai,Tier 1,control,227,221,4,2,17.02,35.0,56696.0
2026-02-28,DS1009,Hyderabad,Tier 1,control,271,264,7,0,15.56,40.0,47477.0
2026-02-28,DS1010,Lucknow,Tier 2,control,100,96,4,0,18.36,35.0,17696.0
2026-02-28,DS1011,Pune,Tier 1,control,201,193,6,2,18.81,35.0,39821.0
2026-02-28,DS1012,Bengaluru,Tier 1,treated,201,190,8,3,17.0,35.0,51278.0
2026-02-28,DS1013,Pune,Tier 1,control,232,221,9,2,16.84,35.0,52246.0
2026-02-28,DS1014,Hyderabad,Tier 1,control,219,209,10,0,20.81,35.0,48169.0
2026-02-28,DS1015,Jaipur,Tier 2,control,156,148,8,0,15.75,40.1,32166.0
2026-02-28,DS1016,Mumbai,Tier 1,treated,250,240,7,3,15.51,51.0,56534.0
2026-02-28,DS1017,Chennai,Tier 1,control,159,153,4,2,13.76,66.0,32545.0
2026-02-28,DS1018,Bhopal,Tier 2,control,103,95,6,2,16.95,35.0,16110.0
2026-02-28,DS1019,Hyderabad,Tier 1,control,266,251,9,6,17.27,35.0,72488.0
2026-02-28,DS1020,Jaipur,Tier 2,control,157,150,5,2,18.64,35.0,34749.0
2026-02-28,DS1021,Bengaluru,Tier 1,treated,140,131,7,2,-1.356,61.3,26815.0
2026-02-28,DS1022,Lucknow,Tier 2,control,187,176,8,3,15.56,45.2,33945.0
2026-02-28,DS1023,Mumbai,Tier 1,treated,259,254,2,3,14.99,47.7,61104.0
2026-02-28,DS1024,Mumbai,Tier 1,treated,266,253,11,2,16.7,35.0,53273.0
2026-02-28,DS1025,Jaipur,Tier 2,control,150,143,5,2,16.22,35.0,27247.0
2026-02-28,DS1026,Delhi NCR,Tier 1,treated,197,191,4,2,15.87,37.4,42988.0
2026-02-28,DS1027,Mumbai,Tier 1,treated,171,157,11,3,18.18,35.0,38542.0
2026-02-28,DS1028,Bhopal,Tier 2,control,174,168,4,2,16.83,35.0,34041.0
2026-02-28,DS1029,Jaipur,Tier 2,control,103,99,4,0,17.17,35.0,18392.0
2026-02-28,DS1030,Pune,Tier 1,control,288,280,5,3,15.5,39.9,65613.0
2026-02-28,DS1031,Mumbai,Tier 1,treated,232,227,5,0,17.08,35.0,55467.0
2026-02-28,DS1032,Chennai,Tier 1,control,225,216,8,1,18.06,35.0,39980.0
2026-02-28,DS1033,Jaipur,Tier 2,control,94,88,5,1,19.73,35.0,16081.0
2026-02-28,DS1034,Mumbai,Tier 1,treated,206,198,7,1,17.33,35.0,46300.0
2026-02-28,DS1035,Pune,Tier 1,control,235,225,5,5,15.39,49.9,43262.0
2026-02-28,DS1036,Lucknow,Tier 2,control,103,97,4,2,13.47,61.6,22638.0
2026-02-28,DS1037,Lucknow,Tier 2,control,136,130,6,0,16.33,35.5,27039.0
2026-02-28,DS1038,Delhi NCR,Tier 1,treated,232,215,10,7,13.84,64.1,49863.0
2026-02-28,DS1039,Lucknow,Tier 2,control,112,103,6,3,13.19,76.1,21701.0
2026-02-28,DS1040,Hyderabad,Tier 1,control,224,208,9,7,16.89,35.2,47038.0
2026-02-28,DS1041,Lucknow,Tier 2,control,103,102,0,1,17.69,35.0,14801.0
2026-02-28,DS1042,Jaipur,Tier 2,control,128,122,4,2,16.39,41.3,25101.0
2026-02-28,DS1043,Indore,Tier 2,control,122,110,7,5,13.51,67.7,23540.0
2026-02-28,DS1044,Bengaluru,Tier 1,treated,189,181,6,2,17.07,35.0,43184.0
2026-02-28,DS1045,Delhi NCR,Tier 1,treated,201,187,9,5,14.98,47.5,45924.0
2026-02-28,DS1046,Bengaluru,Tier 1,treated,199,191,5,3,17.64,35.0,52587.0
2026-02-28,DS1047,Bengaluru,Tier 1,treated,154,150,4,0,20.15,35.0,34316.0
2026-02-28,DS1048,Mumbai,Tier 1,treated,225,218,5,2,17.37,35.0,46420.0
2026-02-28,DS1049,Jaipur,Tier 2,control,158,156,2,0,14.81,56.2,32331.0
2026-02-28,DS1050,Chennai,Tier 1,control,160,150,7,3,14.75,51.4,31776.0
2026-02-28,DS1051,Chennai,Tier 1,control,230,213,13,4,16.33,35.0,49278.0
2026-02-28,DS1052,Jaipur,Tier 2,control,108,104,2,2,16.13,38.4,19336.0
2026-02-28,DS1053,Bhopal,Tier 2,control,115,111,4,0,14.59,54.9,22582.0
2026-02-28,DS1054,Pune,Tier 1,control,253,243,8,2,16.97,35.0,56501.0
2026-02-28,DS1055,Delhi NCR,Tier 1,treated,200,193,4,3,14.14,57.7,41567.0
2026-02-28,DS1056,Delhi NCR,Tier 1,treated,287,268,13,6,17.32,35.0,60830.0
2026-02-28,DS1057,Delhi NCR,Tier 1,treated,214,206,5,3,17.59,35.0,49953.0
2026-02-28,DS1058,Chennai,Tier 1,control,254,249,3,2,19.23,35.0,63608.0
2026-02-28,DS1059,Mumbai,Tier 1,treated,219,207,10,2,13.49,61.0,47232.0
2026-03-01,DS1000,Pune,Tier 1,control,203,193,6,4,17.31,35.8,45923.0
2026-03-01,DS1001,Bengaluru,Tier 1,treated,170,165,4,1,20.6,35.0,43734.0
2026-03-01,DS1002,Mumbai,Tier 1,treated,180,176,4,0,15.32,46.6,43708.0
2026-03-01,DS1003,Lucknow,Tier 2,control,102,97,5,0,16.43,35.0,20802.0
2026-03-01,DS1004,Pune,Tier 1,control,144,139,4,1,13.05,76.3,36782.0
2026-03-01,DS1005,Pune,Tier 1,control,144,138,5,1,15.73,41.3,38889.0
2026-03-01,DS1006,Pune,Tier 1,control,196,184,8,4,14.48,57.4,51920.0
2026-03-01,DS1007,Mumbai,Tier 1,treated,173,164,6,3,14.59,50.3,47243.0
2026-03-01,DS1008,Chennai,Tier 1,control,207,199,6,2,16.82,35.0,46244.0
2026-03-01,DS1009,Hyderabad,Tier 1,control,239,222,12,5,15.48,43.6,54952.0
2026-03-01,DS1010,Lucknow,Tier 2,control,81,76,3,2,18.29,35.0,17885.0
2026-03-01,DS1011,Pune,Tier 1,control,145,138,5,2,18.81,35.0,27835.0
2026-03-01,DS1012,Bengaluru,Tier 1,treated,194,183,8,3,17.21,35.0,49030.0
2026-03-01,DS1013,Pune,Tier 1,control,191,185,6,0,16.49,35.0,41904.0
2026-03-01,DS1014,Hyderabad,Tier 1,control,173,165,7,1,18.91,35.0,42798.0
2026-03-01,DS1015,Jaipur,Tier 2,control,137,130,6,1,14.96,49.9,23410.0
2026-03-01,DS1016,Mumbai,Tier 1,treated,175,167,6,2,16.89,35.0,46290.0
2026-03-01,DS1017,Chennai,Tier 1,control,161,153,8,0,12.84,78.7,39989.0
2026-03-01,DS1018,Bhopal,Tier 2,control,80,76,4,0,16.65,35.0,11977.0
2026-03-01,DS1019,Hyderabad,Tier 1,control,218,206,9,3,18.03,35.0,51621.0
2026-03-01,DS1020,Jaipur,Tier 2,control,112,108,2,2,18.52,35.0,22381.0
2026-03-01,DS1021,Bengaluru,Tier 1,treated,113,106,5,2,14.65,58.6,19174.0
2026-03-01,DS1022,Lucknow,Tier 2,control,122,117,4,1,14.9,48.1,27015.0
2026-03-01,DS1023,Mumbai,Tier 1,treated,226,215,8,3,16.18,36.3,51011.0
2026-03-01,DS1024,Mumbai,Tier 1,treated,232,222,7,3,15.41,46.4,45126.0
2026-03-01,DS1025,Jaipur,Tier 2,control,92,85,6,1,15.0,56.3,19341.0
2026-03-01,DS1026,Delhi NCR,Tier 1,treated,160,155,4,1,17.09,35.0,38539.0
2026-03-01,DS1027,Mumbai,Tier 1,treated,145,141,4,0,17.52,35.0,36547.0
2026-03-01,DS1028,Bhopal,Tier 2,control,152,145,6,1,17.28,35.0,33322.0
2026-03-01,DS1029,Jaipur,Tier 2,control,94,85,5,4,18.71,35.0,21508.0
2026-03-01,DS1030,Pune,Tier 1,control,261,250,7,4,17.39,35.0,53999.0
2026-03-01,DS1031,Mumbai,Tier 1,treated,154,147,6,1,14.03,58.7,35912.0
2026-03-01,DS1032,Chennai,Tier 1,control,184,174,6,4,17.16,35.0,42374.0
2026-03-01,DS1033,Jaipur,Tier 2,control,81,80,1,0,18.73,35.0,14894.0
2026-03-01,DS1034,Mumbai,Tier 1,treated,166,158,5,3,17.34,35.0,32978.0
2026-03-01,DS1035,Pune,Tier 1,control,232,216,13,3,16.59,35.0,49980.0
2026-03-01,DS1036,Lucknow,Tier 2,control,73,67,6,0,15.65,44.9,13798.0
2026-03-01,DS1037,Lucknow,Tier 2,control,134,122,9,3,17.12,35.0,23939.0
2026-03-01,DS1038,Delhi NCR,Tier 1,treated,211,199,10,2,13.46,68.5,50660.0
2026-03-01,DS1039,Lucknow,Tier 2,control,93,89,2,2,16.58,35.0,24985.0
2026-03-01,DS1040,Hyderabad,Tier 1,control,158,147,10,1,18.9,35.0,38679.0
2026-03-01,DS1041,Lucknow,Tier 2,control,92,88,4,0,17.52,35.0,18155.0
2026-03-01,DS1042,Jaipur,Tier 2,control,107,102,4,1,16.25,36.0,22154.0
2026-03-01,DS1043,Indore,Tier 2,control,84,83,0,1,14.42,58.0,20296.0
2026-03-01,DS1044,Bengaluru,Tier 1,treated,181,168,10,3,15.84,37.2,42281.0
2026-03-01,DS1045,Delhi NCR,Tier 1,treated,196,188,6,2,13.82,67.6,47384.0
2026-03-01,DS1046,Bengaluru,Tier 1,treated,150,146,2,2,18.6,35.0,35751.0
2026-03-01,DS1047,Bengaluru,Tier 1,treated,139,130,7,2,19.47,35.0,31956.0
2026-03-01,DS1048,Mumbai,Tier 1,treated,203,193,8,2,14.9,45.0,48431.0
2026-03-01,DS1049,Jaipur,Tier 2,control,132,123,5,4,15.65,41.5,26609.0
2026-03-01,DS1050,Chennai,Tier 1,control,112,109,1,2,14.76,56.1,27433.0
2026-03-01,DS1051,Chennai,Tier 1,control,168,162,3,3,16.32,37.9,35587.0
2026-03-01,DS1052,Jaipur,Tier 2,control,92,88,4,0,15.78,37.8,11693.0
2026-03-01,DS1053,Bhopal,Tier 2,control,84,82,1,1,13.31,72.7,15316.0
2026-03-01,DS1054,Pune,Tier 1,control,259,249,9,1,16.45,40.2,64203.0
2026-03-01,DS1055,Delhi NCR,Tier 1,treated,159,151,7,1,12.72,79.7,33897.0
2026-03-01,DS1056,Delhi NCR,Tier 1,treated,248,239,5,4,17.41,35.0,67884.0
2026-03-01,DS1057,Delhi NCR,Tier 1,treated,165,153,8,4,18.9,35.0,28081.0
2026-03-01,DS1058,Chennai,Tier 1,control,198,184,12,2,19.02,35.0,40956.0
2026-03-01,DS1059,Mumbai,Tier 1,treated,165,161,2,2,15.61,46.4,46033.0
2026-03-02,DS1000,Pune,Tier 1,control,210,196,11,3,16.22,35.0,35987.0
2026-03-02,DS1001,Bengaluru,Tier 1,treated,181,175,4,2,20.65,35.0,36740.0
2026-03-02,DS1002,Mumbai,Tier 1,treated,202,195,6,1,15.91,36.9,49177.0
2026-03-02,DS1003,Lucknow,Tier 2,control,94,92,2,0,16.06,40.1,15914.0
2026-03-02,DS1004,Pune,Tier 1,control,147,143,3,1,15.85,39.0,32959.0
2026-03-02,DS1005,Pune,Tier 1,control,139,135,3,1,17.53,35.0,40130.0
2026-03-02,DS1006,Pune,Tier 1,control,218,208,7,3,16.59,35.0,55646.0
2026-03-02,DS1007,Mumbai,Tier 1,treated,191,184,7,0,14.39,53.4,46147.0
2026-03-02,DS1008,Chennai,Tier 1,control,183,176,5,2,21.51,35.0,39178.0
2026-03-02,DS1009,Hyderabad,Tier 1,control,225,215,8,2,14.87,57.9,59693.0
2026-03-02,DS1010,Lucknow,Tier 2,control,66,64,2,0,18.86,35.0,16046.0
2026-03-02,DS1011,Pune,Tier 1,control,158,153,4,1,17.83,35.0,33221.0
2026-03-02,DS1012,Bengaluru,Tier 1,treated,203,191,8,4,14.88,56.2,33348.0
2026-03-02,DS1013,Pune,Tier 1,control,198,191,7,0,17.98,35.0,39302.0
2026-03-02,DS1014,Hyderabad,Tier 1,control,161,157,2,2,18.75,35.0,34697.0
2026-03-02,DS1015,Jaipur,Tier 2,control,120,117,3,0,15.92,37.0,21950.0
2026-03-02,DS1016,Mumbai,Tier 1,treated,174,165,7,2,15.7,43.7,37182.0
2026-03-02,DS1017,Chennai,Tier 1,control,136,127,8,1,14.39,54.5,27436.0
2026-03-02,DS1018,Bhopal,Tier 2,control,79,76,0,3,14.7,53.8,14355.0
2026-03-02,DS1019,Hyderabad,Tier 1,control,208,198,6,4,18.81,35.0,38079.0
2026-03-02,DS1020,Jaipur,Tier 2,control,139,134,4,1,18.92,35.0,30075.0
2026-03-02,DS1021,Bengaluru,Tier 1,treated,116,111,5,0,13.89,62.3,28879.0
2026-03-02,DS1022,Lucknow,Tier 2,control,126,118,4,4,14.5,62.6,23665.0
2026-03-02,DS1023,Mumbai,Tier 1,treated,212,201,8,3,15.11,56.6,40777.0
2026-03-02,DS1024,Mumbai,Tier 1,treated,231,220,6,5,15.99,37.5,51021.0
2026-03-02,DS1025,Jaipur,Tier 2,control,133,129,3,1,14.89,44.4,26172.0
2026-03-02,DS1026,Delhi NCR,Tier 1,treated,165,160,3,2,17.94,35.0,42129.0
2026-03-02,DS1027,Mumbai,Tier 1,treated,133,123,5,5,17.32,35.0,22241.0
2026-03-02,DS1028,Bhopal,Tier 2,control,162,151,8,3,15.63,40.9,35979.0
2026-03-02,DS1029,Jaipur,Tier 2,control,102,100,2,0,15.75,46.8,18094.0
2026-03-02,DS1030,Pune,Tier 1,control,261,243,11,7,15.46,49.5,60787.0
2026-03-02,DS1031,Mumbai,Tier 1,treated,142,132,8,2,16.27,36.3,33294.0
2026-03-02,DS1032,Chennai,Tier 1,control,176,167,6,3,17.27,35.0,39973.0
2026-03-02,DS1033,Jaipur,Tier 2,control,71,70,1,0,20.11,35.0,11385.0
2026-03-02,DS1034,Mumbai,Tier 1,treated,210,196,11,3,17.05,35.0,42909.0
2026-03-02,DS1035,Pune,Tier 1,control,195,188,5,2,15.37,49.1,41848.0
2026-03-02,DS1036,Lucknow,Tier 2,control,77,73,2,2,12.95,75.2,13327.0
2026-03-02,DS1037,Lucknow,Tier 2,control,129,122,6,1,15.79,41.1,26195.0
2026-03-02,DS1038,Delhi NCR,Tier 1,treated,186,178,5,3,10.84,85.7,36785.0
2026-03-02,DS1039,Lucknow,Tier 2,control,77,76,0,1,14.36,57.0,14293.0
2026-03-02,DS1040,Hyderabad,Tier 1,control,185,176,8,1,17.41,35.0,45108.0
2026-03-02,DS1041,Lucknow,Tier 2,control,110,103,4,3,17.41,35.0,24775.0
2026-03-02,DS1042,Jaipur,Tier 2,control,94,92,2,0,16.89,35.0,20004.0
2026-03-02,DS1043,Indore,Tier 2,control,107,99,6,2,13.2,75.6,15508.0
2026-03-02,DS1044,Bengaluru,Tier 1,treated,159,151,5,3,16.87,37.9,39686.0
2026-03-02,DS1045,Delhi NCR,Tier 1,treated,167,160,5,2,15.96,37.2,39931.0
2026-03-02,DS1046,Bengaluru,Tier 1,treated,166,159,3,4,19.05,35.0,42924.0
2026-03-02,DS1047,Bengaluru,Tier 1,treated,128,122,5,1,20.7,35.0,29630.0
2026-03-02,DS1048,Mumbai,Tier 1,treated,170,162,7,1,17.71,35.0,47290.0
2026-03-02,DS1049,Jaipur,Tier 2,control,112,111,1,0,15.65,39.9,24623.0
2026-03-02,DS1050,Chennai,Tier 1,control,137,127,9,1,15.58,46.3,26419.0
2026-03-02,DS1051,Chennai,Tier 1,control,198,191,5,2,14.36,61.6,50018.0
2026-03-02,DS1052,Jaipur,Tier 2,control,80,76,3,1,16.5,35.0,12692.0
2026-03-02,DS1053,Bhopal,Tier 2,control,82,79,3,0,15.43,47.4,17510.0
2026-03-02,DS1054,Pune,Tier 1,control,224,210,10,4,16.3,35.0,43118.0
2026-03-02,DS1055,Delhi NCR,Tier 1,treated,175,172,3,0,12.52,85.3,35394.0
2026-03-02,DS1056,Delhi NCR,Tier 1,treated,232,221,9,2,15.99,35.0,48431.0
2026-03-02,DS1057,Delhi NCR,Tier 1,treated,150,139,8,3,18.99,35.0,31722.0
2026-03-02,DS1058,Chennai,Tier 1,control,199,191,6,2,17.33,35.0,43884.0
2026-03-02,DS1059,Mumbai,Tier 1,treated,169,162,5,2,15.55,43.1,37810.0
2026-03-03,DS1000,Pune,Tier 1,control,207,202,2,3,17.55,35.0,45608.0
2026-03-03,DS1001,Bengaluru,Tier 1,treated,196,191,3,2,18.1,35.0,46782.0
2026-03-03,DS1002,Mumbai,Tier 1,treated,174,167,5,2,17.46,35.0,36205.0
2026-03-03,DS1003,Lucknow,Tier 2,control,115,113,2,0,16.67,35.0,19844.0
2026-03-03,DS1004,Pune,Tier 1,control,151,143,6,2,13.33,76.9,33286.0
2026-03-03,DS1005,Pune,Tier 1,control,147,139,6,2,17.88,35.0,36386.0
2026-03-03,DS1006,Pune,Tier 1,control,211,202,6,3,14.45,53.7,41058.0
2026-03-03,DS1007,Mumbai,Tier 1,treated,176,171,4,1,15.09,51.9,41390.0
2026-03-03,DS1008,Chennai,Tier 1,control,188,177,7,4,17.8,35.0,36714.0
2026-03-03,DS1009,Hyderabad,Tier 1,control,195,190,4,1,14.11,55.6,50768.0
2026-03-03,DS1010,Lucknow,Tier 2,control,81,79,1,1,15.82,44.1,20135.0
2026-03-03,DS1011,Pune,Tier 1,control,185,179,6,0,18.53,35.0,40921.0
2026-03-03,DS1012,Bengaluru,Tier 1,treated,217,204,6,7,18.49,35.0,52467.0
2026-03-03,DS1013,Pune,Tier 1,control,193,179,11,3,18.0,35.0,37481.0
2026-03-03,DS1014,Hyderabad,Tier 1,control,163,156,7,0,19.53,35.0,37600.0
2026-03-03,DS1015,Jaipur,Tier 2,control,145,138,6,1,14.07,59.3,29051.0
2026-03-03,DS1016,Mumbai,Tier 1,treated,200,194,4,2,15.65,35.0,43560.0
2026-03-03,DS1017,Chennai,Tier 1,control,177,171,4,2,13.21,72.3,41949.0
2026-03-03,DS1018,Bhopal,Tier 2,control,81,79,2,0,17.31,35.0,20457.0
2026-03-03,DS1019,Hyderabad,Tier 1,control,198,185,11,2,19.11,35.0,43319.0
2026-03-03,DS1020,Jaipur,Tier 2,control,115,115,0,0,18.54,35.0,18608.0
2026-03-03,DS1021,Bengaluru,Tier 1,treated,139,129,8,2,15.91,38.1,30816.0
2026-03-03,DS1022,Lucknow,Tier 2,control,126,121,3,2,15.22,44.6,25170.0
2026-03-03,DS1023,Mumbai,Tier 1,treated,207,195,8,4,14.69,50.9,52241.0
2026-03-03,DS1024,Mumbai,Tier 1,treated,228,222,6,0,16.38,40.1,57013.0
2026-03-03,DS1025,Jaipur,Tier 2,control,104,98,3,3,15.8,35.0,18247.0
2026-03-03,DS1026,Delhi NCR,Tier 1,treated,176,171,5,0,15.46,43.8,47105.0
2026-03-03,DS1027,Mumbai,Tier 1,treated,159,151,3,5,17.45,35.0,36610.0
2026-03-03,DS1028,Bhopal,Tier 2,control,148,142,4,2,16.61,35.0,27889.0
2026-03-03,DS1029,Jaipur,Tier 2,control,100,97,2,1,15.72,41.2,21767.0
2026-03-03,DS1030,Pune,Tier 1,control,261,254,4,3,16.2,37.7,68149.0
2026-03-03,DS1031,Mumbai,Tier 1,treated,154,144,4,6,15.81,43.1,32657.0
2026-03-03,DS1032,Chennai,Tier 1,control,217,211,5,1,17.36,35.0,44086.0
2026-03-03,DS1033,Jaipur,Tier 2,control,80,74,2,4,17.9,35.0,17632.0
2026-03-03,DS1034,Mumbai,Tier 1,treated,194,184,6,4,18.54,35.0,42680.0
2026-03-03,DS1035,Pune,Tier 1,control,251,241,7,3,17.44,35.0,47334.0
2026-03-03,DS1036,Lucknow,Tier 2,control,86,83,2,1,12.22,74.0,15960.0
2026-03-03,DS1037,Lucknow,Tier 2,control,138,130,7,1,16.83,35.0,30854.0
2026-03-03,DS1038,Delhi NCR,Tier 1,treated,213,201,8,4,11.57,77.3,52810.0
2026-03-03,DS1039,Lucknow,Tier 2,control,105,103,2,0,12.13,77.6,20570.0
2026-03-03,DS1040,Hyderabad,Tier 1,control,165,152,10,3,18.9,35.0,35134.0
2026-03-03,DS1041,Lucknow,Tier 2,control,105,97,6,2,16.69,35.0,18252.0
2026-03-03,DS1042,Jaipur,Tier 2,control,103,101,1,1,16.97,35.0,20118.0
2026-03-03,DS1043,Indore,Tier 2,control,106,103,2,1,12.53,74.4,23446.0
2026-03-03,DS1044,Bengaluru,Tier 1,treated,140,129,9,2,15.36,46.3,34461.0
2026-03-03,DS1045,Delhi NCR,Tier 1,treated,167,155,9,3,14.97,54.3,31005.0
2026-03-03,DS1046,Bengaluru,Tier 1,treated,159,150,7,2,18.32,35.0,34333.0
2026-03-03,DS1047,Bengaluru,Tier 1,treated,167,159,4,4,19.59,35.0,43021.0
2026-03-03,DS1048,Mumbai,Tier 1,treated,192,178,10,4,15.9,42.8,46886.0
2026-03-03,DS1049,Jaipur,Tier 2,control,114,111,0,3,15.15,50.2,15154.0
2026-03-03,DS1050,Chennai,Tier 1,control,124,119,5,0,16.04,35.1,28759.0
2026-03-03,DS1051,Chennai,Tier 1,control,171,163,7,1,17.0,35.0,38453.0
2026-03-03,DS1052,Jaipur,Tier 2,control,93,91,2,0,15.42,47.7,21255.0
2026-03-03,DS1053,Bhopal,Tier 2,control,82,76,5,1,15.86,40.2,15820.0
2026-03-03,DS1054,Pune,Tier 1,control,220,211,5,4,15.98,38.2,41904.0
2026-03-03,DS1055,Delhi NCR,Tier 1,treated,174,166,4,4,15.41,45.4,35508.0
2026-03-03,DS1056,Delhi NCR,Tier 1,treated,243,235,8,0,19.09,35.0,48886.0
2026-03-03,DS1057,Delhi NCR,Tier 1,treated,161,150,10,1,18.12,35.0,36768.0
2026-03-03,DS1058,Chennai,Tier 1,control,190,181,6,3,18.33,35.0,42326.0
2026-03-03,DS1059,Mumbai,Tier 1,treated,190,180,4,6,17.28,35.0,39569.0
2026-03-04,DS1000,Pune,Tier 1,control,226,212,11,3,18.18,35.0,52723.0
2026-03-04,DS1001,Bengaluru,Tier 1,treated,205,194,7,4,20.0,35.0,57140.0
2026-03-04,DS1002,Mumbai,Tier 1,treated,177,169,5,3,16.3,39.5,40526.0
2026-03-04,DS1003,Lucknow,Tier 2,control,113,108,2,3,16.19,35.0,20566.0
2026-03-04,DS1004,Pune,Tier 1,control,141,132,6,3,15.6,41.2,37944.0
2026-03-04,DS1005,Pune,Tier 1,control,125,117,4,4,17.2,35.0,28461.0
2026-03-04,DS1006,Pune,Tier 1,control,211,198,9,4,13.16,67.9,44676.0
2026-03-04,DS1007,Mumbai,Tier 1,treated,211,199,7,5,13.35,65.4,50128.0
2026-03-04,DS1008,Chennai,Tier 1,control,189,182,5,2,18.38,35.0,34980.0
2026-03-04,DS1009,Hyderabad,Tier 1,control,234,226,5,3,13.24,74.1,55560.0
2026-03-04,DS1010,Lucknow,Tier 2,control,71,69,1,1,18.35,35.0,11926.0
2026-03-04,DS1011,Pune,Tier 1,control,161,154,5,2,18.06,35.0,32795.0
2026-03-04,DS1012,Bengaluru,Tier 1,treated,202,193,7,2,16.71,35.0,45625.0
2026-03-04,DS1013,Pune,Tier 1,control,195,180,8,7,16.84,35.0,51766.0
2026-03-04,DS1014,Hyderabad,Tier 1,control,178,171,6,1,17.74,35.0,33252.0
2026-03-04,DS1015,Jaipur,Tier 2,control,142,139,2,1,14.92,49.8,30701.0
2026-03-04,DS1016,Mumbai,Tier 1,treated,208,200,5,3,14.61,55.7,42664.0
2026-03-04,DS1017,Chennai,Tier 1,control,139,133,5,1,14.46,56.4,32575.0
2026-03-04,DS1018,Bhopal,Tier 2,control,84,82,1,1,15.54,46.0,14084.0
2026-03-04,DS1019,Hyderabad,Tier 1,control,214,208,6,0,18.5,35.0,55823.0
2026-03-04,DS1020,Jaipur,Tier 2,control,105,103,1,1,17.16,35.0,20702.0
2026-03-04,DS1021,Bengaluru,Tier 1,treated,136,126,6,4,13.74,60.3,29604.0
2026-03-04,DS1022,Lucknow,Tier 2,control,157,146,8,3,16.37,35.0,35360.0
2026-03-04,DS1023,Mumbai,Tier 1,treated,198,192,4,2,16.03,41.0,52514.0
2026-03-04,DS1024,Mumbai,Tier 1,treated,213,200,9,4,16.76,35.0,51998.0
2026-03-04,DS1025,Jaipur,Tier 2,control,86,84,2,0,15.18,50.2,17382.0
2026-03-04,DS1026,Delhi NCR,Tier 1,treated,189,181,7,1,15.4,44.0,52633.0
2026-03-04,DS1027,Mumbai,Tier 1,treated,143,135,4,4,16.49,35.0,29222.0
2026-03-04,DS1028,Bhopal,Tier 2,control,141,131,6,4,15.94,36.6,26267.0
2026-03-04,DS1029,Jaipur,Tier 2,control,126,119,6,1,17.35,35.0,19699.0
2026-03-04,DS1030,Pune,Tier 1,control,244,239,4,1,14.52,55.3,61445.0
2026-03-04,DS1031,Mumbai,Tier 1,treated,171,164,7,0,15.99,35.0,43110.0
2026-03-04,DS1032,Chennai,Tier 1,control,194,187,3,4,16.95,35.0,47838.0
2026-03-04,DS1033,Jaipur,Tier 2,control,93,93,0,0,19.27,35.0,17070.0
2026-03-04,DS1034,Mumbai,Tier 1,treated,188,176,11,1,18.28,35.0,38644.0
2026-03-04,DS1035,Pune,Tier 1,control,218,213,4,1,16.13,35.0,62132.0
2026-03-04,DS1036,Lucknow,Tier 2,control,83,79,3,1,15.54,43.6,16575.0
2026-03-04,DS1037,Lucknow,Tier 2,control,142,134,5,3,16.32,36.7,31629.0
2026-03-04,DS1038,Delhi NCR,Tier 1,treated,197,191,4,2,14.11,65.4,42505.0
2026-03-04,DS1039,Lucknow,Tier 2,control,85,84,1,0,13.92,63.3,16217.0
2026-03-04,DS1040,Hyderabad,Tier 1,control,147,142,4,1,20.08,35.0,39451.0
2026-03-04,DS1041,Lucknow,Tier 2,control,125,117,5,3,18.35,35.0,26476.0
2026-03-04,DS1042,Jaipur,Tier 2,control,97,94,3,0,15.35,40.9,19124.0
2026-03-04,DS1043,Indore,Tier 2,control,93,90,3,0,13.22,69.2,24062.0
2026-03-04,DS1044,Bengaluru,Tier 1,treated,164,160,4,0,15.48,47.1,40657.0
2026-03-04,DS1045,Delhi NCR,Tier 1,treated,185,172,10,3,14.55,58.3,45690.0
2026-03-04,DS1046,Bengaluru,Tier 1,treated,137,127,6,4,16.37,35.8,27165.0
2026-03-04,DS1047,Bengaluru,Tier 1,treated,140,134,5,1,19.85,35.0,27707.0
2026-03-04,DS1048,Mumbai,Tier 1,treated,158,154,3,1,17.26,35.0,34420.0
2026-03-04,DS1049,Jaipur,Tier 2,control,124,119,4,1,15.53,44.6,26920.0
2026-03-04,DS1050,Chennai,Tier 1,control,151,142,8,1,14.69,46.5,33749.0
2026-03-04,DS1051,Chennai,Tier 1,control,185,175,8,2,15.5,41.0,42502.0
2026-03-04,DS1052,Jaipur,Tier 2,control,92,86,6,0,15.72,39.6,16474.0
2026-03-04,DS1053,Bhopal,Tier 2,control,105,101,3,1,14.2,58.4,19891.0
2026-03-04,DS1054,Pune,Tier 1,control,227,219,6,2,17.32,35.0,44995.0
2026-03-04,DS1055,Delhi NCR,Tier 1,treated,196,191,3,2,14.41,52.9,50893.0
2026-03-04,DS1056,Delhi NCR,Tier 1,treated,247,239,6,2,17.97,35.0,54346.0
2026-03-04,DS1057,Delhi NCR,Tier 1,treated,164,155,6,3,17.28,35.0,33943.0
2026-03-04,DS1058,Chennai,Tier 1,control,220,211,5,4,17.06,35.0,53992.0
2026-03-04,DS1059,Mumbai,Tier 1,treated,172,169,3,0,13.87,59.0,35368.0
2026-03-05,DS1000,Pune,Tier 1,control,210,205,4,1,18.52,35.0,50390.0
2026-03-05,DS1001,Bengaluru,Tier 1,treated,162,152,7,3,20.82,35.0,31695.0
2026-03-05,DS1002,Mumbai,Tier 1,treated,184,180,3,1,16.93,35.0,38491.0
2026-03-05,DS1003,Lucknow,Tier 2,control,84,80,4,0,17.19,35.0,17124.0
2026-03-05,DS1004,Pune,Tier 1,control,139,134,3,2,13.51,64.9,24742.0
2026-03-05,DS1005,Pune,Tier 1,control,134,130,1,3,16.71,35.0,33898.0
2026-03-05,DS1006,Pune,Tier 1,control,206,196,6,4,13.91,66.1,57718.0
2026-03-05,DS1007,Mumbai,Tier 1,treated,187,183,3,1,16.37,35.0,38308.0
2026-03-05,DS1008,Chennai,Tier 1,control,188,172,11,5,19.43,35.0,44222.0
2026-03-05,DS1009,Hyderabad,Tier 1,control,239,227,9,3,14.97,53.3,65370.0
2026-03-05,DS1010,Lucknow,Tier 2,control,65,62,2,1,16.91,35.0,11585.0
2026-03-05,DS1011,Pune,Tier 1,control,156,149,5,2,19.28,35.0,30716.0
2026-03-05,DS1012,Bengaluru,Tier 1,treated,189,176,8,5,15.7,49.7,40048.0
2026-03-05,DS1013,Pune,Tier 1,control,181,177,3,1,17.5,35.0,40443.0
2026-03-05,DS1014,Hyderabad,Tier 1,control,162,151,9,2,19.79,35.0,35983.0
2026-03-05,DS1015,Jaipur,Tier 2,control,133,122,8,3,14.67,58.4,19522.0
2026-03-05,DS1016,Mumbai,Tier 1,treated,198,191,5,2,15.52,42.3,36232.0
2026-03-05,DS1017,Chennai,Tier 1,control,163,156,3,4,15.56,37.2,41585.0
2026-03-05,DS1018,Bhopal,Tier 2,control,109,102,4,3,15.41,46.0,22554.0
2026-03-05,DS1019,Hyderabad,Tier 1,control,220,206,12,2,19.14,35.0,48929.0
2026-03-05,DS1020,Jaipur,Tier 2,control,122,117,2,3,15.94,43.1,26542.0
2026-03-05,DS1021,Bengaluru,Tier 1,treated,141,136,3,2,14.41,62.1,39385.0
2026-03-05,DS1022,Lucknow,Tier 2,control,121,118,3,0,15.53,38.0,25246.0
2026-03-05,DS1023,Mumbai,Tier 1,treated,200,192,8,0,15.87,39.8,44296.0
2026-03-05,DS1024,Mumbai,Tier 1,treated,243,230,11,2,15.93,38.5,49270.0
2026-03-05,DS1025,Jaipur,Tier 2,control,88,83,3,2,14.88,53.4,14746.0
2026-03-05,DS1026,Delhi NCR,Tier 1,treated,172,170,0,2,17.32,35.0,41436.0
2026-03-05,DS1027,Mumbai,Tier 1,treated,153,144,6,3,17.11,35.0,33006.0
2026-03-05,DS1028,Bhopal,Tier 2,control,140,132,5,3,14.22,61.7,34204.0
2026-03-05,DS1029,Jaipur,Tier 2,control,107,104,3,0,16.73,35.0,23706.0
2026-03-05,DS1030,Pune,Tier 1,control,273,264,9,0,17.99,35.0,60920.0
2026-03-05,DS1031,Mumbai,Tier 1,treated,176,169,5,2,16.33,35.0,36329.0
2026-03-05,DS1032,Chennai,Tier 1,control,192,183,5,4,16.02,48.1,39891.0
2026-03-05,DS1033,Jaipur,Tier 2,control,71,67,4,0,18.9,35.0,9266.0
2026-03-05,DS1034,Mumbai,Tier 1,treated,153,148,2,3,17.81,35.0,47311.0
2026-03-05,DS1035,Pune,Tier 1,control,226,217,4,5,16.46,35.0,50177.0
2026-03-05,DS1036,Lucknow,Tier 2,control,79,76,2,1,14.43,58.1,15126.0
2026-03-05,DS1037,Lucknow,Tier 2,control,128,121,5,2,17.44,35.0,20753.0
2026-03-05,DS1038,Delhi NCR,Tier 1,treated,204,191,11,2,13.11,74.3,48639.0
2026-03-05,DS1039,Lucknow,Tier 2,control,91,88,1,2,13.37,64.2,19663.0
2026-03-05,DS1040,Hyderabad,Tier 1,control,172,165,4,3,18.03,35.0,39772.0
2026-03-05,DS1041,Lucknow,Tier 2,control,93,92,1,0,17.56,35.0,15937.0
2026-03-05,DS1042,Jaipur,Tier 2,control,110,104,3,3,14.55,54.3,21409.0
2026-03-05,DS1043,Indore,Tier 2,control,111,105,5,1,13.05,74.1,17368.0
2026-03-05,DS1044,Bengaluru,Tier 1,treated,184,181,2,1,16.35,37.7,33759.0
2026-03-05,DS1045,Delhi NCR,Tier 1,treated,164,151,12,1,14.42,58.5,35199.0
2026-03-05,DS1046,Bengaluru,Tier 1,treated,158,151,6,1,18.64,35.0,30687.0
2026-03-05,DS1047,Bengaluru,Tier 1,treated,153,147,5,1,20.87,35.0,32792.0
2026-03-05,DS1048,Mumbai,Tier 1,treated,176,167,6,3,17.47,35.0,39491.0
2026-03-05,DS1049,Jaipur,Tier 2,control,120,115,4,1,16.57,35.0,28113.0
2026-03-05,DS1050,Chennai,Tier 1,control,118,112,5,1,14.92,58.7,28340.0
2026-03-05,DS1051,Chennai,Tier 1,control,160,152,7,1,15.7,46.5,40036.0
2026-03-05,DS1052,Jaipur,Tier 2,control,95,88,6,1,16.0,35.0,17771.0
2026-03-05,DS1053,Bhopal,Tier 2,control,106,97,8,1,15.32,49.7,18905.0
2026-03-05,DS1054,Pune,Tier 1,control,225,214,10,1,16.78,35.0,55396.0
2026-03-05,DS1055,Delhi NCR,Tier 1,treated,161,158,1,2,14.91,54.7,32568.0
2026-03-05,DS1056,Delhi NCR,Tier 1,treated,213,204,6,3,19.2,35.0,52473.0
2026-03-05,DS1057,Delhi NCR,Tier 1,treated,158,149,5,4,18.19,35.0,42480.0
2026-03-05,DS1058,Chennai,Tier 1,control,203,193,8,2,17.05,35.0,40964.0
2026-03-05,DS1059,Mumbai,Tier 1,treated,168,162,6,0,15.74,36.3,40037.0
2026-03-06,DS1000,Pune,Tier 1,control,273,262,7,4,17.74,35.0,48558.0
2026-03-06,DS1001,Bengaluru,Tier 1,treated,221,202,15,4,19.74,35.0,52480.0
2026-03-06,DS1002,Mumbai,Tier 1,treated,176,168,5,3,15.81,38.9,36994.0
2026-03-06,DS1003,Lucknow,Tier 2,control,118,114,3,1,16.06,43.7,26312.0
2026-03-06,DS1004,Pune,Tier 1,control,192,184,5,3,14.0,63.2,41290.0
2026-03-06,DS1005,Pune,Tier 1,control,177,169,7,1,15.99,40.1,41645.0
2026-03-06,DS1006,Pune,Tier 1,control,263,253,6,4,13.79,70.1,61603.0
2026-03-06,DS1007,Mumbai,Tier 1,treated,204,197,6,1,14.43,53.0,49085.0
2026-03-06,DS1008,Chennai,Tier 1,control,235,225,6,4,17.58,35.0,50704.0
2026-03-06,DS1009,Hyderabad,Tier 1,control,243,232,10,1,14.46,54.8,53280.0
2026-03-06,DS1010,Lucknow,Tier 2,control,82,80,1,1,17.31,35.0,14954.0
2026-03-06,DS1011,Pune,Tier 1,control,186,181,5,0,19.02,35.0,45239.0
2026-03-06,DS1012,Bengaluru,Tier 1,treated,229,220,8,1,17.47,35.0,62696.0
2026-03-06,DS1013,Pune,Tier 1,control,228,219,6,3,18.17,35.0,40142.0
2026-03-06,DS1014,Hyderabad,Tier 1,control,216,210,5,1,19.75,35.0,49898.0
2026-03-06,DS1015,Jaipur,Tier 2,control,142,139,2,1,15.36,47.3,30570.0
2026-03-06,DS1016,Mumbai,Tier 1,treated,243,233,9,1,15.99,35.0,47691.0
2026-03-06,DS1017,Chennai,Tier 1,control,205,198,4,3,12.45,77.8,47616.0
2026-03-06,DS1018,Bhopal,Tier 2,control,103,97,5,1,16.15,35.9,21449.0
2026-03-06,DS1019,Hyderabad,Tier 1,control,271,256,14,1,18.14,35.0,54970.0
2026-03-06,DS1020,Jaipur,Tier 2,control,131,124,4,3,17.49,35.0,24622.0
2026-03-06,DS1021,Bengaluru,Tier 1,treated,157,150,6,1,14.83,49.5,35904.0
2026-03-06,DS1022,Lucknow,Tier 2,control,161,153,5,3,14.92,46.6,24610.0
2026-03-06,DS1023,Mumbai,Tier 1,treated,266,253,7,6,15.59,41.0,60100.0
2026-03-06,DS1024,Mumbai,Tier 1,treated,279,265,11,3,17.36,35.0,56924.0
2026-03-06,DS1025,Jaipur,Tier 2,control,115,112,2,1,16.91,35.0,24180.0
2026-03-06,DS1026,Delhi NCR,Tier 1,treated,202,197,4,1,17.76,35.0,55311.0
2026-03-06,DS1027,Mumbai,Tier 1,treated,184,175,7,2,17.27,35.0,38432.0
2026-03-06,DS1028,Bhopal,Tier 2,control,190,179,9,2,16.24,35.0,38467.0
2026-03-06,DS1029,Jaipur,Tier 2,control,101,96,3,2,14.86,49.1,18788.0
2026-03-06,DS1030,Pune,Tier 1,control,296,286,8,2,15.21,46.4,79570.0
2026-03-06,DS1031,Mumbai,Tier 1,treated,197,190,6,1,16.64,35.0,34403.0
2026-03-06,DS1032,Chennai,Tier 1,control,222,212,5,5,16.94,35.0,49497.0
2026-03-06,DS1033,Jaipur,Tier 2,control,86,82,4,0,20.07,35.0,16288.0
2026-03-06,DS1034,Mumbai,Tier 1,treated,226,219,4,3,16.56,37.5,45875.0
2026-03-06,DS1035,Pune,Tier 1,control,265,252,9,4,16.13,40.6,68373.0
2026-03-06,DS1036,Lucknow,Tier 2,control,95,91,1,3,13.97,64.2,20318.0
2026-03-06,DS1037,Lucknow,Tier 2,control,168,159,6,3,14.85,53.3,29356.0
2026-03-06,DS1038,Delhi NCR,Tier 1,treated,254,246,6,2,11.27,87.2,57445.0
2026-03-06,DS1039,Lucknow,Tier 2,control,99,95,3,1,14.51,54.3,16032.0
2026-03-06,DS1040,Hyderabad,Tier 1,control,200,189,10,1,17.08,35.0,37279.0
2026-03-06,DS1041,Lucknow,Tier 2,control,116,110,3,3,17.01,35.0,22771.0
2026-03-06,DS1042,Jaipur,Tier 2,control,105,100,3,2,15.25,49.7,25525.0
2026-03-06,DS1043,Indore,Tier 2,control,114,107,6,1,12.51,73.9,19382.0
2026-03-06,DS1044,Bengaluru,Tier 1,treated,190,184,3,3,16.15,39.4,34378.0
2026-03-06,DS1045,Delhi NCR,Tier 1,treated,190,175,11,4,12.8,69.4,39965.0
2026-03-06,DS1046,Bengaluru,Tier 1,treated,174,168,4,2,17.24,35.0,38591.0
2026-03-06,DS1047,Bengaluru,Tier 1,treated,166,162,1,3,20.31,35.0,39716.0
2026-03-06,DS1048,Mumbai,Tier 1,treated,209,199,7,3,16.29,38.9,49726.0
2026-03-06,DS1049,Jaipur,Tier 2,control,129,122,4,3,15.54,45.3,30463.0
2026-03-06,DS1050,Chennai,Tier 1,control,160,152,7,1,13.66,62.1,32647.0
2026-03-06,DS1051,Chennai,Tier 1,control,202,187,12,3,16.65,35.0,44126.0
2026-03-06,DS1052,Jaipur,Tier 2,control,130,122,6,2,15.42,43.6,28982.0
2026-03-06,DS1053,Bhopal,Tier 2,control,132,128,2,2,15.43,44.7,31114.0
2026-03-06,DS1054,Pune,Tier 1,control,261,254,6,1,17.29,35.0,52527.0
2026-03-06,DS1055,Delhi NCR,Tier 1,treated,214,209,4,1,14.4,64.4,54992.0
2026-03-06,DS1056,Delhi NCR,Tier 1,treated,261,247,11,3,18.3,35.0,61810.0
2026-03-06,DS1057,Delhi NCR,Tier 1,treated,200,185,12,3,17.39,35.0,41480.0
2026-03-06,DS1058,Chennai,Tier 1,control,272,255,13,4,17.77,35.0,70386.0
2026-03-06,DS1059,Mumbai,Tier 1,treated,233,221,9,3,16.24,35.0,42594.0
2026-03-07,DS1000,Pune,Tier 1,control,240,232,6,2,15.96,38.1,46846.0
2026-03-07,DS1001,Bengaluru,Tier 1,treated,199,187,10,2,20.2,35.0,48459.0
2026-03-07,DS1002,Mumbai,Tier 1,treated,204,194,9,1,17.57,35.0,48923.0
2026-03-07,DS1003,Lucknow,Tier 2,control,111,107,2,2,15.03,41.0,21760.0
2026-03-07,DS1004,Pune,Tier 1,control,166,151,9,6,14.95,52.5,32042.0
2026-03-07,DS1005,Pune,Tier 1,control,159,148,7,4,16.51,35.0,36547.0
2026-03-07,DS1006,Pune,Tier 1,control,278,267,7,4,13.91,63.3,73235.0
2026-03-07,DS1007,Mumbai,Tier 1,treated,238,228,10,0,13.53,66.1,67039.0
2026-03-07,DS1008,Chennai,Tier 1,control,219,212,6,1,17.37,35.0,49134.0
2026-03-07,DS1009,Hyderabad,Tier 1,control,267,253,10,4,12.79,75.7,56351.0
2026-03-07,DS1010,Lucknow,Tier 2,control,89,85,4,0,16.46,35.0,17448.0
2026-03-07,DS1011,Pune,Tier 1,control,209,196,10,3,20.5,35.0,41430.0
2026-03-07,DS1012,Bengaluru,Tier 1,treated,246,236,9,1,16.28,35.0,52703.0
2026-03-07,DS1013,Pune,Tier 1,control,255,245,9,1,18.65,35.0,61481.0
2026-03-07,DS1014,Hyderabad,Tier 1,control,212,200,8,4,20.82,35.0,43706.0
2026-03-07,DS1015,Jaipur,Tier 2,control,147,138,7,2,15.98,43.2,26939.0
2026-03-07,DS1016,Mumbai,Tier 1,treated,224,209,11,4,16.32,36.5,51666.0
2026-03-07,DS1017,Chennai,Tier 1,control,172,164,6,2,14.83,53.8,36036.0
2026-03-07,DS1018,Bhopal,Tier 2,control,105,96,8,1,17.7,35.0,19964.0
2026-03-07,DS1019,Hyderabad,Tier 1,control,246,233,9,4,19.41,35.0,49782.0
2026-03-07,DS1020,Jaipur,Tier 2,control,141,134,6,1,17.76,35.0,26226.0
2026-03-07,DS1021,Bengaluru,Tier 1,treated,154,144,6,4,14.37,56.0,34116.0
2026-03-07,DS1022,Lucknow,Tier 2,control,151,142,9,0,14.23,55.2,28647.0
2026-03-07,DS1023,Mumbai,Tier 1,treated,224,214,8,2,16.99,35.0,39506.0
2026-03-07,DS1024,Mumbai,Tier 1,treated,287,277,8,2,16.29,35.0,69702.0
2026-03-07,DS1025,Jaipur,Tier 2,control,133,129,3,1,15.79,39.5,30383.0
2026-03-07,DS1026,Delhi NCR,Tier 1,treated,191,185,3,3,16.05,37.2,43789.0
2026-03-07,DS1027,Mumbai,Tier 1,treated,212,203,8,1,16.5,35.0,43300.0
2026-03-07,DS1028,Bhopal,Tier 2,control,180,177,3,0,15.89,36.9,37150.0
2026-03-07,DS1029,Jaipur,Tier 2,control,122,119,2,1,15.32,46.0,26701.0
2026-03-07,DS1030,Pune,Tier 1,control,307,290,14,3,16.37,35.0,68303.0
2026-03-07,DS1031,Mumbai,Tier 1,treated,193,186,6,1,15.71,48.0,35766.0
2026-03-07,DS1032,Chennai,Tier 1,control,209,202,5,2,18.35,35.0,45757.0
2026-03-07,DS1033,Jaipur,Tier 2,control,109,105,2,2,17.87,35.0,22188.0
2026-03-07,DS1034,Mumbai,Tier 1,treated,227,218,4,5,16.98,35.0,46029.0
2026-03-07,DS1035,Pune,Tier 1,control,246,236,7,3,15.91,42.0,54661.0
2026-03-07,DS1036,Lucknow,Tier 2,control,92,83,9,0,14.37,59.6,17824.0
2026-03-07,DS1037,Lucknow,Tier 2,control,148,145,1,2,15.89,41.7,32090.0
2026-03-07,DS1038,Delhi NCR,Tier 1,treated,232,214,15,3,13.09,72.8,51961.0
2026-03-07,DS1039,Lucknow,Tier 2,control,96,92,3,1,14.45,59.5,22274.0
2026-03-07,DS1040,Hyderabad,Tier 1,control,197,190,7,0,17.4,35.0,46001.0
2026-03-07,DS1041,Lucknow,Tier 2,control,119,113,4,2,18.13,35.0,25112.0
2026-03-07,DS1042,Jaipur,Tier 2,control,122,118,3,1,15.62,38.7,24886.0
2026-03-07,DS1043,Indore,Tier 2,control,114,109,3,2,12.61,76.1,24463.0
2026-03-07,DS1044,Bengaluru,Tier 1,treated,198,192,4,2,14.38,57.6,42466.0
2026-03-07,DS1045,Delhi NCR,Tier 1,treated,200,182,15,3,17.18,35.0,41188.0
2026-03-07,DS1046,Bengaluru,Tier 1,treated,162,153,7,2,17.22,35.0,35322.0
2026-03-07,DS1047,Bengaluru,Tier 1,treated,152,146,6,0,19.45,35.0,27298.0
2026-03-07,DS1048,Mumbai,Tier 1,treated,260,245,7,8,17.05,35.0,42560.0
2026-03-07,DS1049,Jaipur,Tier 2,control,164,157,4,3,14.03,55.2,33634.0
2026-03-07,DS1050,Chennai,Tier 1,control,172,160,9,3,14.95,52.2,32439.0
2026-03-07,DS1051,Chennai,Tier 1,control,216,203,10,3,16.57,37.3,44239.0
2026-03-07,DS1052,Jaipur,Tier 2,control,120,112,6,2,15.07,45.9,20399.0
2026-03-07,DS1053,Bhopal,Tier 2,control,95,85,7,3,15.35,52.5,16529.0
2026-03-07,DS1054,Pune,Tier 1,control,243,233,7,3,15.18,52.0,51797.0
2026-03-07,DS1055,Delhi NCR,Tier 1,treated,188,176,8,4,15.36,42.2,41252.0
2026-03-07,DS1056,Delhi NCR,Tier 1,treated,314,306,5,3,18.35,35.0,67651.0
2026-03-07,DS1057,Delhi NCR,Tier 1,treated,186,171,10,5,17.44,35.0,36363.0
2026-03-07,DS1058,Chennai,Tier 1,control,230,217,10,3,17.53,35.0,45968.0
2026-03-07,DS1059,Mumbai,Tier 1,treated,197,184,12,1,15.9,36.4,36295.0
2026-03-08,DS1000,Pune,Tier 1,control,208,201,5,2,17.16,35.0,44703.0
2026-03-08,DS1001,Bengaluru,Tier 1,treated,178,166,7,5,20.36,35.0,33627.0
2026-03-08,DS1002,Mumbai,Tier 1,treated,164,157,5,2,15.69,41.6,35490.0
2026-03-08,DS1003,Lucknow,Tier 2,control,103,100,3,0,14.94,55.0,22804.0
2026-03-08,DS1004,Pune,Tier 1,control,134,127,6,1,14.63,54.6,24087.0
2026-03-08,DS1005,Pune,Tier 1,control,149,138,11,0,16.76,35.0,34815.0
2026-03-08,DS1006,Pune,Tier 1,control,192,185,3,4,13.08,71.7,51300.0
2026-03-08,DS1007,Mumbai,Tier 1,treated,211,204,6,1,15.26,43.1,52364.0
2026-03-08,DS1008,Chennai,Tier 1,control,185,177,5,3,19.4,35.0,46474.0
2026-03-08,DS1009,Hyderabad,Tier 1,control,228,213,12,3,15.66,39.5,41707.0
2026-03-08,DS1010,Lucknow,Tier 2,control,74,74,0,0,16.8,35.0,14511.0
2026-03-08,DS1011,Pune,Tier 1,control,130,124,2,4,18.38,35.0,33207.0
2026-03-08,DS1012,Bengaluru,Tier 1,treated,181,175,6,0,16.18,41.7,41324.0
2026-03-08,DS1013,Pune,Tier 1,control,200,186,12,2,16.93,35.0,32777.0
2026-03-08,DS1014,Hyderabad,Tier 1,control,179,171,5,3,20.18,35.0,42348.0
2026-03-08,DS1015,Jaipur,Tier 2,control,121,116,4,1,15.87,38.1,22863.0
2026-03-08,DS1016,Mumbai,Tier 1,treated,198,190,4,4,14.48,56.9,47690.0
2026-03-08,DS1017,Chennai,Tier 1,control,150,147,2,1,13.99,54.6,34113.0
2026-03-08,DS1018,Bhopal,Tier 2,control,97,93,2,2,16.67,35.0,20952.0
2026-03-08,DS1019,Hyderabad,Tier 1,control,232,223,5,4,20.06,35.0,52089.0
2026-03-08,DS1020,Jaipur,Tier 2,control,133,123,7,3,18.69,35.0,22624.0
2026-03-08,DS1021,Bengaluru,Tier 1,treated,119,113,3,3,16.5,35.0,28767.0
2026-03-08,DS1022,Lucknow,Tier 2,control,145,144,0,1,15.66,46.6,33017.0
2026-03-08,DS1023,Mumbai,Tier 1,treated,210,203,6,1,15.28,42.2,42306.0
2026-03-08,DS1024,Mumbai,Tier 1,treated,226,222,4,0,17.65,35.0,35859.0
2026-03-08,DS1025,Jaipur,Tier 2,control,93,90,2,1,15.35,44.1,16577.0
2026-03-08,DS1026,Delhi NCR,Tier 1,treated,176,165,8,3,17.83,35.0,33556.0
2026-03-08,DS1027,Mumbai,Tier 1,treated,148,140,4,4,16.36,35.0,36347.0
2026-03-08,DS1028,Bhopal,Tier 2,control,157,146,9,2,15.2,42.2,28060.0
2026-03-08,DS1029,Jaipur,Tier 2,control,109,105,4,0,17.34,35.0,22004.0
2026-03-08,DS1030,Pune,Tier 1,control,243,231,6,6,16.76,35.0,57612.0
2026-03-08,DS1031,Mumbai,Tier 1,treated,154,147,5,2,16.72,36.6,35181.0
2026-03-08,DS1032,Chennai,Tier 1,control,210,205,4,1,17.21,35.0,46869.0
2026-03-08,DS1033,Jaipur,Tier 2,control,70,68,1,1,18.82,35.0,14774.0
2026-03-08,DS1034,Mumbai,Tier 1,treated,165,159,2,4,16.97,35.0,30830.0
2026-03-08,DS1035,Pune,Tier 1,control,239,223,12,4,15.99,39.8,60693.0
2026-03-08,DS1036,Lucknow,Tier 2,control,79,77,2,0,13.5,70.8,13749.0
2026-03-08,DS1037,Lucknow,Tier 2,control,126,118,6,2,18.03,35.0,19480.0
2026-03-08,DS1038,Delhi NCR,Tier 1,treated,196,189,6,1,12.47,78.3,43283.0
2026-03-08,DS1039,Lucknow,Tier 2,control,102,100,1,1,13.8,65.4,22970.0
2026-03-08,DS1040,Hyderabad,Tier 1,control,166,150,11,5,17.58,35.0,42198.0
2026-03-08,DS1041,Lucknow,Tier 2,control,97,94,3,0,17.77,35.0,18295.0
2026-03-08,DS1042,Jaipur,Tier 2,control,109,102,5,2,15.79,39.7,25690.0
2026-03-08,DS1043,Indore,Tier 2,control,85,79,4,2,12.25,85.4,14109.0
2026-03-08,DS1044,Bengaluru,Tier 1,treated,146,137,7,2,15.4,49.4,31723.0
2026-03-08,DS1045,Delhi NCR,Tier 1,treated,172,164,6,2,16.7,35.0,39093.0
2026-03-08,DS1046,Bengaluru,Tier 1,treated,167,160,5,2,17.52,35.0,37578.0
2026-03-08,DS1047,Bengaluru,Tier 1,treated,141,128,9,4,19.5,35.0,27126.0
2026-03-08,DS1048,Mumbai,Tier 1,treated,167,162,4,1,16.06,41.7,31324.0
2026-03-08,DS1049,Jaipur,Tier 2,control,134,127,4,3,15.55,40.1,25125.0
2026-03-08,DS1050,Chennai,Tier 1,control,148,140,7,1,14.35,62.8,30460.0
2026-03-08,DS1051,Chennai,Tier 1,control,182,176,3,3,17.76,35.0,45223.0
2026-03-08,DS1052,Jaipur,Tier 2,control,100,97,2,1,17.98,35.0,20648.0
2026-03-08,DS1053,Bhopal,Tier 2,control,128,119,9,0,14.29,52.6,26640.0
2026-03-08,DS1054,Pune,Tier 1,control,234,223,7,4,17.83,35.0,45076.0
2026-03-08,DS1055,Delhi NCR,Tier 1,treated,175,170,3,2,14.15,66.7,38764.0
2026-03-08,DS1056,Delhi NCR,Tier 1,treated,248,238,6,4,17.7,35.0,55695.0
2026-03-08,DS1057,Delhi NCR,Tier 1,treated,160,155,2,3,18.43,35.0,37435.0
2026-03-08,DS1058,Chennai,Tier 1,control,197,192,5,0,17.7,35.0,37740.0
2026-03-08,DS1059,Mumbai,Tier 1,treated,158,149,5,4,16.46,35.0,36860.0
2026-03-09,DS1000,Pune,Tier 1,control,216,202,11,3,17.52,35.0,43515.0
2026-03-09,DS1001,Bengaluru,Tier 1,treated,209,202,6,1,18.69,35.0,47971.0
2026-03-09,DS1002,Mumbai,Tier 1,treated,204,196,4,4,17.4,35.0,49887.0
2026-03-09,DS1003,Lucknow,Tier 2,control,105,100,4,1,15.77,45.0,22315.0
2026-03-09,DS1004,Pune,Tier 1,control,147,142,2,3,14.49,59.3,41159.0
2026-03-09,DS1005,Pune,Tier 1,control,160,150,9,1,16.42,35.0,31140.0
2026-03-09,DS1006,Pune,Tier 1,control,242,228,10,4,14.07,65.3,56346.0
2026-03-09,DS1007,Mumbai,Tier 1,treated,192,181,6,5,15.66,46.1,49955.0
2026-03-09,DS1008,Chennai,Tier 1,control,205,190,13,2,16.21,38.6,38672.0
2026-03-09,DS1009,Hyderabad,Tier 1,control,227,220,5,2,14.85,54.2,45117.0
2026-03-09,DS1010,Lucknow,Tier 2,control,63,57,6,0,18.42,35.0,12238.0
2026-03-09,DS1011,Pune,Tier 1,control,172,162,7,3,18.1,35.0,48024.0
2026-03-09,DS1012,Bengaluru,Tier 1,treated,194,183,9,2,16.65,35.0,45471.0
2026-03-09,DS1013,Pune,Tier 1,control,218,212,2,4,17.46,35.0,50234.0
2026-03-09,DS1014,Hyderabad,Tier 1,control,171,159,10,2,19.91,35.0,38939.0
2026-03-09,DS1015,Jaipur,Tier 2,control,124,118,6,0,14.31,58.0,18609.0
2026-03-09,DS1016,Mumbai,Tier 1,treated,205,199,6,0,14.46,62.0,56003.0
2026-03-09,DS1017,Chennai,Tier 1,control,134,130,4,0,15.05,45.8,33006.0
2026-03-09,DS1018,Bhopal,Tier 2,control,95,87,4,4,15.65,38.8,14440.0
2026-03-09,DS1019,Hyderabad,Tier 1,control,223,217,4,2,18.77,35.0,43285.0
2026-03-09,DS1020,Jaipur,Tier 2,control,136,126,8,2,18.87,35.0,26969.0
2026-03-09,DS1021,Bengaluru,Tier 1,treated,121,118,3,0,16.98,35.0,28121.0
2026-03-09,DS1022,Lucknow,Tier 2,control,126,122,4,0,15.07,48.1,27924.0
2026-03-09,DS1023,Mumbai,Tier 1,treated,209,196,8,5,15.22,55.5,46143.0
2026-03-09,DS1024,Mumbai,Tier 1,treated,255,246,7,2,16.84,35.0,53742.0
2026-03-09,DS1025,Jaipur,Tier 2,control,92,88,3,1,16.74,35.0,17295.0
2026-03-09,DS1026,Delhi NCR,Tier 1,treated,182,178,2,2,-1.477,56.3,47520.0
2026-03-09,DS1027,Mumbai,Tier 1,treated,160,152,8,0,16.81,35.0,34774.0
2026-03-09,DS1028,Bhopal,Tier 2,control,152,149,3,0,18.26,35.0,27006.0
2026-03-09,DS1029,Jaipur,Tier 2,control,107,101,3,3,17.26,35.0,15207.0
2026-03-09,DS1030,Pune,Tier 1,control,251,242,6,3,18.13,35.0,52633.0
2026-03-09,DS1031,Mumbai,Tier 1,treated,181,178,0,3,16.48,35.0,44789.0
2026-03-09,DS1032,Chennai,Tier 1,control,196,190,6,0,18.24,35.0,40561.0
2026-03-09,DS1033,Jaipur,Tier 2,control,78,75,2,1,18.47,35.0,18442.0
2026-03-09,DS1034,Mumbai,Tier 1,treated,179,176,0,3,18.27,35.0,41095.0
2026-03-09,DS1035,Pune,Tier 1,control,218,203,10,5,16.95,35.0,54692.0
2026-03-09,DS1036,Lucknow,Tier 2,control,89,84,4,1,12.08,82.0,17430.0
2026-03-09,DS1037,Lucknow,Tier 2,control,117,111,5,1,16.1,35.0,24861.0
2026-03-09,DS1038,Delhi NCR,Tier 1,treated,215,209,5,1,15.26,45.8,49248.0
2026-03-09,DS1039,Lucknow,Tier 2,control,92,90,1,1,13.42,66.7,14575.0
2026-03-09,DS1040,Hyderabad,Tier 1,control,166,159,7,0,17.87,35.0,37682.0
2026-03-09,DS1041,Lucknow,Tier 2,control,96,92,4,0,17.08,35.0,23975.0
2026-03-09,DS1042,Jaipur,Tier 2,control,103,101,2,0,16.25,38.0,18936.0
2026-03-09,DS1043,Indore,Tier 2,control,82,78,4,0,12.86,80.1,17899.0
2026-03-09,DS1044,Bengaluru,Tier 1,treated,171,164,7,0,14.72,53.2,40107.0
2026-03-09,DS1045,Delhi NCR,Tier 1,treated,185,180,3,2,16.25,41.6,49640.0
2026-03-09,DS1046,Bengaluru,Tier 1,treated,145,142,2,1,17.88,35.0,32250.0
2026-03-09,DS1047,Bengaluru,Tier 1,treated,167,162,3,2,20.59,35.0,27317.0
2026-03-09,DS1048,Mumbai,Tier 1,treated,172,164,6,2,17.75,35.0,49220.0
2026-03-09,DS1049,Jaipur,Tier 2,control,132,127,4,1,14.54,58.3,26933.0
2026-03-09,DS1050,Chennai,Tier 1,control,132,126,5,1,14.31,58.6,25852.0
2026-03-09,DS1051,Chennai,Tier 1,control,185,174,9,2,16.34,35.5,45654.0
2026-03-09,DS1052,Jaipur,Tier 2,control,95,90,3,2,16.37,39.0,15784.0
2026-03-09,DS1053,Bhopal,Tier 2,control,83,81,2,0,14.37,62.3,16514.0
2026-03-09,DS1054,Pune,Tier 1,control,244,232,8,4,16.51,37.8,62533.0
2026-03-09,DS1055,Delhi NCR,Tier 1,treated,188,186,2,0,14.95,46.6,36890.0
2026-03-09,DS1056,Delhi NCR,Tier 1,treated,225,217,8,0,19.18,35.0,44776.0
2026-03-09,DS1057,Delhi NCR,Tier 1,treated,161,151,7,3,16.87,35.0,35324.0
2026-03-09,DS1058,Chennai,Tier 1,control,205,191,7,7,19.3,35.0,56761.0
2026-03-09,DS1059,Mumbai,Tier 1,treated,185,177,7,1,16.02,38.5,45641.0
2026-03-10,DS1000,Pune,Tier 1,control,219,204,12,3,17.25,35.0,50896.0
2026-03-10,DS1001,Bengaluru,Tier 1,treated,183,173,6,4,20.72,35.0,43125.0
2026-03-10,DS1002,Mumbai,Tier 1,treated,184,177,4,3,16.2,35.0,43760.0
2026-03-10,DS1003,Lucknow,Tier 2,control,110,105,3,2,16.47,37.4,19078.0
2026-03-10,DS1004,Pune,Tier 1,control,141,136,4,1,14.99,52.1,29645.0
2026-03-10,DS1005,Pune,Tier 1,control,162,159,2,1,17.4,35.0,33633.0
2026-03-10,DS1006,Pune,Tier 1,control,200,191,6,3,14.73,54.1,56821.0
2026-03-10,DS1007,Mumbai,Tier 1,treated,191,182,6,3,16.65,35.0,50126.0
2026-03-10,DS1008,Chennai,Tier 1,control,192,181,7,4,19.0,35.0,46546.0
2026-03-10,DS1009,Hyderabad,Tier 1,control,218,210,3,5,13.51,67.4,56175.0
2026-03-10,DS1010,Lucknow,Tier 2,control,78,73,4,1,17.29,35.0,13578.0
2026-03-10,DS1011,Pune,Tier 1,control,157,149,6,2,18.31,35.0,29474.0
2026-03-10,DS1012,Bengaluru,Tier 1,treated,186,179,5,2,16.81,35.0,46573.0
2026-03-10,DS1013,Pune,Tier 1,control,206,193,8,5,18.08,35.0,47004.0
2026-03-10,DS1014,Hyderabad,Tier 1,control,162,157,3,2,18.53,35.0,46781.0
2026-03-10,DS1015,Jaipur,Tier 2,control,120,118,2,0,15.6,48.7,27586.0
2026-03-10,DS1016,Mumbai,Tier 1,treated,205,199,4,2,15.18,45.9,53057.0
2026-03-10,DS1017,Chennai,Tier 1,control,160,154,5,1,14.23,59.7,36141.0
2026-03-10,DS1018,Bhopal,Tier 2,control,89,82,4,3,16.7,35.0,17221.0
2026-03-10,DS1019,Hyderabad,Tier 1,control,241,228,6,7,19.63,35.0,69270.0
2026-03-10,DS1020,Jaipur,Tier 2,control,102,98,3,1,18.48,35.0,19418.0
2026-03-10,DS1021,Bengaluru,Tier 1,treated,124,116,7,1,16.56,35.0,29129.0
2026-03-10,DS1022,Lucknow,Tier 2,control,154,145,7,2,14.3,50.4,25907.0
2026-03-10,DS1023,Mumbai,Tier 1,treated,184,173,9,2,15.27,51.6,46979.0
2026-03-10,DS1024,Mumbai,Tier 1,treated,245,232,6,7,16.69,35.0,60481.0
2026-03-10,DS1025,Jaipur,Tier 2,control,108,105,3,0,16.59,35.0,21324.0
2026-03-10,DS1026,Delhi NCR,Tier 1,treated,142,139,2,1,16.98,35.0,29968.0
2026-03-10,DS1027,Mumbai,Tier 1,treated,167,152,9,6,16.55,35.0,37555.0
2026-03-10,DS1028,Bhopal,Tier 2,control,146,143,1,2,15.54,45.4,29272.0
2026-03-10,DS1029,Jaipur,Tier 2,control,113,109,4,0,15.15,53.9,22088.0
2026-03-10,DS1030,Pune,Tier 1,control,235,220,8,7,18.8,35.0,52716.0
2026-03-10,DS1031,Mumbai,Tier 1,treated,174,161,12,1,17.74,35.0,36517.0
2026-03-10,DS1032,Chennai,Tier 1,control,214,200,10,4,15.54,44.5,40768.0
2026-03-10,DS1033,Jaipur,Tier 2,control,97,94,2,1,19.61,35.0,18518.0
2026-03-10,DS1034,Mumbai,Tier 1,treated,146,138,8,0,17.62,35.0,29460.0
2026-03-10,DS1035,Pune,Tier 1,control,202,193,4,5,16.11,35.0,45819.0
2026-03-10,DS1036,Lucknow,Tier 2,control,88,81,6,1,14.04,59.6,17382.0
2026-03-10,DS1037,Lucknow,Tier 2,control,131,122,6,3,18.35,35.0,24102.0
2026-03-10,DS1038,Delhi NCR,Tier 1,treated,213,209,2,2,12.58,74.9,50425.0
2026-03-10,DS1039,Lucknow,Tier 2,control,78,75,3,0,12.87,68.0,16735.0
2026-03-10,DS1040,Hyderabad,Tier 1,control,180,173,6,1,17.7,35.0,39171.0
2026-03-10,DS1041,Lucknow,Tier 2,control,96,87,5,4,15.76,46.3,17804.0
2026-03-10,DS1042,Jaipur,Tier 2,control,111,106,4,1,15.19,50.6,16563.0
2026-03-10,DS1043,Indore,Tier 2,control,89,84,4,1,12.0,78.7,16661.0
2026-03-10,DS1044,Bengaluru,Tier 1,treated,171,161,8,2,14.38,57.3,33953.0
2026-03-10,DS1045,Delhi NCR,Tier 1,treated,165,156,7,2,16.59,35.0,28845.0
2026-03-10,DS1046,Bengaluru,Tier 1,treated,170,161,9,0,15.1,51.5,36886.0
2026-03-10,DS1047,Bengaluru,Tier 1,treated,151,148,2,1,19.88,35.0,33321.0
2026-03-10,DS1048,Mumbai,Tier 1,treated,210,201,5,4,14.76,48.7,36093.0
2026-03-10,DS1049,Jaipur,Tier 2,control,119,111,5,3,14.58,57.5,23755.0
2026-03-10,DS1050,Chennai,Tier 1,control,140,126,11,3,14.58,50.5,27490.0
2026-03-10,DS1051,Chennai,Tier 1,control,175,168,4,3,16.15,35.0,39604.0
2026-03-10,DS1052,Jaipur,Tier 2,control,108,102,3,3,15.65,35.9,20309.0
2026-03-10,DS1053,Bhopal,Tier 2,control,78,77,1,0,15.26,43.5,14831.0
2026-03-10,DS1054,Pune,Tier 1,control,246,241,3,2,17.38,35.0,61244.0
2026-03-10,DS1055,Delhi NCR,Tier 1,treated,155,149,3,3,13.97,63.1,34626.0
2026-03-10,DS1056,Delhi NCR,Tier 1,treated,235,223,9,3,17.39,35.0,48823.0
2026-03-10,DS1057,Delhi NCR,Tier 1,treated,150,140,9,1,18.05,35.0,39166.0
2026-03-10,DS1058,Chennai,Tier 1,control,191,182,6,3,17.2,35.0,39470.0
2026-03-10,DS1059,Mumbai,Tier 1,treated,177,173,4,0,15.78,37.8,41650.0
2026-03-11,DS1000,Pune,Tier 1,control,227,216,9,2,18.35,35.0,54417.0
2026-03-11,DS1001,Bengaluru,Tier 1,treated,167,156,10,1,19.44,35.0,39590.0
2026-03-11,DS1002,Mumbai,Tier 1,treated,175,168,4,3,14.88,51.6,44746.0
2026-03-11,DS1003,Lucknow,Tier 2,control,107,103,3,1,15.37,41.2,25645.0
2026-03-11,DS1004,Pune,Tier 1,control,150,147,1,2,15.36,41.5,27238.0
2026-03-11,DS1005,Pune,Tier 1,control,124,118,4,2,17.78,35.0,25267.0
2026-03-11,DS1006,Pune,Tier 1,control,217,206,7,4,16.53,37.2,47739.0
2026-03-11,DS1007,Mumbai,Tier 1,treated,195,182,10,3,14.08,60.8,51828.0
2026-03-11,DS1008,Chennai,Tier 1,control,225,210,12,3,17.55,35.0,51247.0
2026-03-11,DS1009,Hyderabad,Tier 1,control,220,212,6,2,14.02,64.5,50030.0
2026-03-11,DS1010,Lucknow,Tier 2,control,66,64,1,1,16.89,35.0,10906.0
2026-03-11,DS1011,Pune,Tier 1,control,172,156,11,5,18.6,35.0,36163.0
2026-03-11,DS1012,Bengaluru,Tier 1,treated,202,198,3,1,15.61,41.9,50376.0
2026-03-11,DS1013,Pune,Tier 1,control,203,189,8,6,20.11,35.0,38973.0
2026-03-11,DS1014,Hyderabad,Tier 1,control,177,169,7,1,19.44,35.0,40475.0
2026-03-11,DS1015,Jaipur,Tier 2,control,143,141,2,0,14.88,47.2,33555.0
2026-03-11,DS1016,Mumbai,Tier 1,treated,205,195,7,3,15.96,42.1,52261.0
2026-03-11,DS1017,Chennai,Tier 1,control,151,148,2,1,15.39,51.7,32861.0
2026-03-11,DS1018,Bhopal,Tier 2,control,100,95,2,3,15.91,37.9,22008.0
2026-03-11,DS1019,Hyderabad,Tier 1,control,236,224,9,3,18.7,35.0,48153.0
2026-03-11,DS1020,Jaipur,Tier 2,control,125,121,2,2,18.16,35.0,23737.0
2026-03-11,DS1021,Bengaluru,Tier 1,treated,133,124,7,2,15.6,37.8,23560.0
2026-03-11,DS1022,Lucknow,Tier 2,control,136,127,8,1,14.0,59.7,27638.0
2026-03-11,DS1023,Mumbai,Tier 1,treated,212,202,9,1,15.47,39.1,52130.0
2026-03-11,DS1024,Mumbai,Tier 1,treated,242,235,5,2,17.29,36.1,51380.0
2026-03-11,DS1025,Jaipur,Tier 2,control,80,75,5,0,15.18,53.7,18006.0
2026-03-11,DS1026,Delhi NCR,Tier 1,treated,160,155,4,1,16.68,35.0,40775.0
2026-03-11,DS1027,Mumbai,Tier 1,treated,168,160,7,1,17.79,35.0,45239.0
2026-03-11,DS1028,Bhopal,Tier 2,control,170,167,2,1,14.15,57.4,35932.0
2026-03-11,DS1029,Jaipur,Tier 2,control,107,101,6,0,15.84,40.9,20402.0
2026-03-11,DS1030,Pune,Tier 1,control,241,231,8,2,16.36,35.0,54552.0
2026-03-11,DS1031,Mumbai,Tier 1,treated,201,190,9,2,16.55,39.1,44349.0
2026-03-11,DS1032,Chennai,Tier 1,control,181,173,5,3,16.02,41.4,42797.0
2026-03-11,DS1033,Jaipur,Tier 2,control,80,79,1,0,19.58,35.0,12018.0
2026-03-11,DS1034,Mumbai,Tier 1,treated,168,160,5,3,18.23,35.0,41686.0
2026-03-11,DS1035,Pune,Tier 1,control,212,201,6,5,16.53,35.0,43676.0
2026-03-11,DS1036,Lucknow,Tier 2,control,86,80,5,1,15.29,51.3,13465.0
2026-03-11,DS1037,Lucknow,Tier 2,control,126,119,4,3,17.04,36.8,24391.0
2026-03-11,DS1038,Delhi NCR,Tier 1,treated,186,177,7,2,12.46,79.8,47096.0
2026-03-11,DS1039,Lucknow,Tier 2,control,84,82,2,0,13.68,74.0,20305.0
2026-03-11,DS1040,Hyderabad,Tier 1,control,170,163,4,3,17.84,35.0,39089.0
2026-03-11,DS1041,Lucknow,Tier 2,control,99,94,3,2,17.08,35.0,18560.0
2026-03-11,DS1042,Jaipur,Tier 2,control,105,103,1,1,15.66,36.8,17736.0
2026-03-11,DS1043,Indore,Tier 2,control,101,94,4,3,12.99,72.4,23339.0
2026-03-11,DS1044,Bengaluru,Tier 1,treated,163,157,4,2,16.22,35.0,34875.0
2026-03-11,DS1045,Delhi NCR,Tier 1,treated,190,178,11,1,14.99,49.8,47020.0
2026-03-11,DS1046,Bengaluru,Tier 1,treated,154,144,9,1,18.81,35.0,29733.0
2026-03-11,DS1047,Bengaluru,Tier 1,treated,154,148,4,2,19.53,35.0,32235.0
2026-03-11,DS1048,Mumbai,Tier 1,treated,192,185,7,0,15.94,42.8,39864.0
2026-03-11,DS1049,Jaipur,Tier 2,control,123,117,3,3,13.69,51.7,17721.0
2026-03-11,DS1050,Chennai,Tier 1,control,159,154,5,0,14.24,59.3,35166.0
2026-03-11,DS1051,Chennai,Tier 1,control,208,200,4,4,16.69,36.9,47615.0
2026-03-11,DS1052,Jaipur,Tier 2,control,96,93,1,2,17.29,35.0,19676.0
2026-03-11,DS1053,Bhopal,Tier 2,control,96,96,0,0,13.56,55.2,25537.0
2026-03-11,DS1054,Pune,Tier 1,control,210,198,7,5,16.81,35.0,48667.0
2026-03-11,DS1055,Delhi NCR,Tier 1,treated,173,169,3,1,12.68,72.9,40255.0
2026-03-11,DS1056,Delhi NCR,Tier 1,treated,245,237,7,1,15.77,50.1,57660.0
2026-03-11,DS1057,Delhi NCR,Tier 1,treated,173,160,9,4,17.98,35.0,41625.0
2026-03-11,DS1058,Chennai,Tier 1,control,184,176,5,3,18.43,35.0,45900.0
2026-03-11,DS1059,Mumbai,Tier 1,treated,179,168,9,2,15.95,36.7,43269.0
2026-03-12,DS1000,Pune,Tier 1,control,209,198,8,3,16.65,35.0,60819.0
2026-03-12,DS1001,Bengaluru,Tier 1,treated,187,177,6,4,20.2,35.0,48578.0
2026-03-12,DS1002,Mumbai,Tier 1,treated,163,158,5,0,17.22,35.0,39934.0
2026-03-12,DS1003,Lucknow,Tier 2,control,110,105,4,1,15.55,40.2,20146.0
2026-03-12,DS1004,Pune,Tier 1,control,159,152,5,2,13.79,61.6,36905.0
2026-03-12,DS1005,Pune,Tier 1,control,126,119,5,2,16.34,35.0,27733.0
2026-03-12,DS1006,Pune,Tier 1,control,222,209,8,5,15.78,39.6,50341.0
2026-03-12,DS1007,Mumbai,Tier 1,treated,167,164,3,0,13.93,65.1,37262.0
2026-03-12,DS1008,Chennai,Tier 1,control,216,200,10,6,18.1,35.0,41457.0
2026-03-12,DS1009,Hyderabad,Tier 1,control,225,214,8,3,14.88,52.4,48633.0
2026-03-12,DS1010,Lucknow,Tier 2,control,85,83,1,1,18.6,35.0,16361.0
2026-03-12,DS1011,Pune,Tier 1,control,161,150,9,2,18.47,35.0,33816.0
2026-03-12,DS1012,Bengaluru,Tier 1,treated,187,180,4,3,15.31,47.8,30166.0
2026-03-12,DS1013,Pune,Tier 1,control,189,179,7,3,16.81,35.0,35201.0
2026-03-12,DS1014,Hyderabad,Tier 1,control,181,176,2,3,20.03,35.0,41427.0
2026-03-12,DS1015,Jaipur,Tier 2,control,123,114,6,3,14.47,60.0,18584.0
2026-03-12,DS1016,Mumbai,Tier 1,treated,192,183,7,2,16.75,35.0,45523.0
2026-03-12,DS1017,Chennai,Tier 1,control,155,148,5,2,13.18,70.2,38550.0
2026-03-12,DS1018,Bhopal,Tier 2,control,84,80,3,1,16.34,35.0,17772.0
2026-03-12,DS1019,Hyderabad,Tier 1,control,243,229,12,2,18.01,35.0,50915.0
2026-03-12,DS1020,Jaipur,Tier 2,control,107,103,3,1,20.15,35.0,19481.0
2026-03-12,DS1021,Bengaluru,Tier 1,treated,127,123,3,1,15.37,39.0,33707.0
2026-03-12,DS1022,Lucknow,Tier 2,control,149,142,5,2,16.72,35.0,28343.0
2026-03-12,DS1023,Mumbai,Tier 1,treated,227,217,5,5,15.06,49.4,57230.0
2026-03-12,DS1024,Mumbai,Tier 1,treated,236,222,10,4,15.92,37.0,47958.0
2026-03-12,DS1025,Jaipur,Tier 2,control,98,91,4,3,14.77,50.3,20144.0
2026-03-12,DS1026,Delhi NCR,Tier 1,treated,185,180,5,0,17.95,35.0,43490.0
2026-03-12,DS1027,Mumbai,Tier 1,treated,137,134,1,2,17.67,35.0,32930.0
2026-03-12,DS1028,Bhopal,Tier 2,control,149,146,3,0,15.87,41.4,24620.0
2026-03-12,DS1029,Jaipur,Tier 2,control,99,92,2,5,16.84,35.3,20726.0
2026-03-12,DS1030,Pune,Tier 1,control,230,221,4,5,15.95,43.4,46395.0
2026-03-12,DS1031,Mumbai,Tier 1,treated,167,158,6,3,15.5,42.9,41915.0
2026-03-12,DS1032,Chennai,Tier 1,control,193,187,1,5,17.45,35.0,51214.0
2026-03-12,DS1033,Jaipur,Tier 2,control,93,84,9,0,17.99,35.0,18460.0
2026-03-12,DS1034,Mumbai,Tier 1,treated,170,166,2,2,18.66,35.0,36699.0
2026-03-12,DS1035,Pune,Tier 1,control,249,237,7,5,15.85,39.9,51985.0
2026-03-12,DS1036,Lucknow,Tier 2,control,70,65,2,3,13.41,66.7,13588.0
2026-03-12,DS1037,Lucknow,Tier 2,control,123,117,5,1,17.77,35.0,21645.0
2026-03-12,DS1038,Delhi NCR,Tier 1,treated,209,203,3,3,13.89,57.7,42905.0
2026-03-12,DS1039,Lucknow,Tier 2,control,86,83,2,1,13.57,62.8,16817.0
2026-03-12,DS1040,Hyderabad,Tier 1,control,175,164,8,3,17.42,35.0,42865.0
2026-03-12,DS1041,Lucknow,Tier 2,control,118,109,5,4,18.4,35.0,27294.0
2026-03-12,DS1042,Jaipur,Tier 2,control,87,85,2,0,16.15,39.8,18488.0
2026-03-12,DS1043,Indore,Tier 2,control,84,79,5,0,14.24,58.6,14190.0
2026-03-12,DS1044,Bengaluru,Tier 1,treated,184,175,7,2,16.38,35.0,36352.0
2026-03-12,DS1045,Delhi NCR,Tier 1,treated,185,170,12,3,15.79,36.4,44034.0
2026-03-12,DS1046,Bengaluru,Tier 1,treated,153,143,6,4,16.12,41.7,38590.0
2026-03-12,DS1047,Bengaluru,Tier 1,treated,135,130,4,1,20.24,35.0,32719.0
2026-03-12,DS1048,Mumbai,Tier 1,treated,168,162,4,2,17.51,35.0,35913.0
2026-03-12,DS1049,Jaipur,Tier 2,control,126,122,3,1,15.95,37.7,35165.0
2026-03-12,DS1050,Chennai,Tier 1,control,139,129,9,1,15.38,51.4,29007.0
2026-03-12,DS1051,Chennai,Tier 1,control,195,188,4,3,16.16,37.8,41287.0
2026-03-12,DS1052,Jaipur,Tier 2,control,89,85,3,1,16.14,36.7,15651.0
2026-03-12,DS1053,Bhopal,Tier 2,control,99,96,3,0,14.41,59.4,20896.0
2026-03-12,DS1054,Pune,Tier 1,control,214,210,1,3,15.38,49.3,51939.0
2026-03-12,DS1055,Delhi NCR,Tier 1,treated,174,167,4,3,13.93,68.4,37821.0
2026-03-12,DS1056,Delhi NCR,Tier 1,treated,232,225,4,3,18.8,35.0,52334.0
2026-03-12,DS1057,Delhi NCR,Tier 1,treated,159,152,6,1,17.97,35.0,29179.0
2026-03-12,DS1058,Chennai,Tier 1,control,200,191,8,1,18.69,35.0,48791.0
2026-03-12,DS1059,Mumbai,Tier 1,treated,172,166,4,2,15.41,39.9,43777.0
2026-03-13,DS1000,Pune,Tier 1,control,222,211,10,1,15.31,45.8,48391.0
2026-03-13,DS1001,Bengaluru,Tier 1,treated,229,219,7,3,18.08,35.0,53057.0
2026-03-13,DS1002,Mumbai,Tier 1,treated,186,178,5,3,15.28,46.4,48327.0
2026-03-13,DS1003,Lucknow,Tier 2,control,152,146,3,3,14.46,55.3,29558.0
2026-03-13,DS1004,Pune,Tier 1,control,182,174,5,3,14.4,58.8,37738.0
2026-03-13,DS1005,Pune,Tier 1,control,140,134,4,2,16.35,41.4,30484.0
2026-03-13,DS1006,Pune,Tier 1,control,260,252,7,1,15.31,44.1,64540.0
2026-03-13,DS1007,Mumbai,Tier 1,treated,230,219,8,3,13.87,60.6,54519.0
2026-03-13,DS1008,Chennai,Tier 1,control,233,223,3,7,19.19,35.0,63678.0
2026-03-13,DS1009,Hyderabad,Tier 1,control,260,249,8,3,14.46,52.6,55552.0
2026-03-13,DS1010,Lucknow,Tier 2,control,89,85,1,3,18.34,35.0,20521.0
2026-03-13,DS1011,Pune,Tier 1,control,186,177,6,3,18.25,35.0,42251.0
2026-03-13,DS1012,Bengaluru,Tier 1,treated,245,236,8,1,17.29,35.0,52112.0
2026-03-13,DS1013,Pune,Tier 1,control,255,245,6,4,16.92,35.0,65138.0
2026-03-13,DS1014,Hyderabad,Tier 1,control,221,207,11,3,20.02,35.0,44521.0
2026-03-13,DS1015,Jaipur,Tier 2,control,154,148,5,1,16.36,35.0,30097.0
2026-03-13,DS1016,Mumbai,Tier 1,treated,233,222,6,5,15.09,46.9,49426.0
2026-03-13,DS1017,Chennai,Tier 1,control,199,195,4,0,14.52,47.4,49779.0
2026-03-13,DS1018,Bhopal,Tier 2,control,115,111,3,1,18.19,35.0,21559.0
2026-03-13,DS1019,Hyderabad,Tier 1,control,225,215,6,4,19.67,35.0,53763.0
2026-03-13,DS1020,Jaipur,Tier 2,control,135,129,5,1,17.17,35.0,29341.0
2026-03-13,DS1021,Bengaluru,Tier 1,treated,163,159,3,1,15.39,41.2,36688.0
2026-03-13,DS1022,Lucknow,Tier 2,control,134,128,5,1,15.81,42.0,29787.0
2026-03-13,DS1023,Mumbai,Tier 1,treated,247,239,6,2,16.5,35.0,59669.0
2026-03-13,DS1024,Mumbai,Tier 1,treated,250,241,5,4,18.08,35.0,49861.0
2026-03-13,DS1025,Jaipur,Tier 2,control,134,129,3,2,16.4,35.0,26189.0
2026-03-13,DS1026,Delhi NCR,Tier 1,treated,200,190,7,3,14.97,46.3,47805.0
2026-03-13,DS1027,Mumbai,Tier 1,treated,199,190,8,1,16.11,35.0,42636.0
2026-03-13,DS1028,Bhopal,Tier 2,control,183,171,6,6,16.54,35.0,32241.0
2026-03-13,DS1029,Jaipur,Tier 2,control,133,125,4,4,17.13,35.0,25431.0
2026-03-13,DS1030,Pune,Tier 1,control,279,263,10,6,17.29,35.0,75221.0
2026-03-13,DS1031,Mumbai,Tier 1,treated,222,212,8,2,17.57,35.0,62978.0
2026-03-13,DS1032,Chennai,Tier 1,control,225,221,3,1,16.23,35.6,45045.0
2026-03-13,DS1033,Jaipur,Tier 2,control,80,77,2,1,18.79,35.0,15576.0
2026-03-13,DS1034,Mumbai,Tier 1,treated,193,184,6,3,18.35,35.0,42862.0
2026-03-13,DS1035,Pune,Tier 1,control,277,259,12,6,16.56,35.0,60927.0
2026-03-13,DS1036,Lucknow,Tier 2,control,98,93,3,2,12.83,77.1,22739.0
2026-03-13,DS1037,Lucknow,Tier 2,control,149,138,9,2,15.41,46.5,21443.0
2026-03-13,DS1038,Delhi NCR,Tier 1,treated,251,236,13,2,11.84,82.6,57482.0
2026-03-13,DS1039,Lucknow,Tier 2,control,119,114,4,1,14.19,63.0,21426.0
2026-03-13,DS1040,Hyderabad,Tier 1,control,174,168,5,1,17.7,35.0,37890.0
2026-03-13,DS1041,Lucknow,Tier 2,control,123,117,5,1,17.26,35.0,25301.0
2026-03-13,DS1042,Jaipur,Tier 2,control,145,133,8,4,16.03,35.0,30012.0
2026-03-13,DS1043,Indore,Tier 2,control,112,105,6,1,13.27,69.6,21857.0
2026-03-13,DS1044,Bengaluru,Tier 1,treated,184,176,7,1,16.26,35.1,33045.0
2026-03-13,DS1045,Delhi NCR,Tier 1,treated,220,212,4,4,17.23,35.0,45760.0
2026-03-13,DS1046,Bengaluru,Tier 1,treated,165,160,4,1,16.51,35.0,46575.0
2026-03-13,DS1047,Bengaluru,Tier 1,treated,172,165,6,1,19.5,35.0,41006.0
2026-03-13,DS1048,Mumbai,Tier 1,treated,202,189,11,2,17.41,35.0,44445.0
2026-03-13,DS1049,Jaipur,Tier 2,control,158,147,8,3,14.26,64.9,29967.0
2026-03-13,DS1050,Chennai,Tier 1,control,157,148,8,1,16.51,35.0,39465.0
2026-03-13,DS1051,Chennai,Tier 1,control,224,215,5,4,16.41,35.0,53556.0
2026-03-13,DS1052,Jaipur,Tier 2,control,103,98,4,1,14.78,52.1,16586.0
2026-03-13,DS1053,Bhopal,Tier 2,control,100,98,2,0,14.95,55.7,24309.0
2026-03-13,DS1054,Pune,Tier 1,control,311,298,9,4,16.26,35.0,85288.0
2026-03-13,DS1055,Delhi NCR,Tier 1,treated,184,179,3,2,15.02,44.4,35390.0
2026-03-13,DS1056,Delhi NCR,Tier 1,treated,270,260,7,3,18.35,35.0,57600.0
2026-03-13,DS1057,Delhi NCR,Tier 1,treated,195,180,11,4,17.42,35.0,40346.0
2026-03-13,DS1058,Chennai,Tier 1,control,228,222,4,2,16.29,35.0,52457.0
2026-03-13,DS1059,Mumbai,Tier 1,treated,206,195,9,2,16.49,35.0,53349.0
2026-03-14,DS1000,Pune,Tier 1,control,238,225,11,2,16.72,35.0,50839.0
2026-03-14,DS1001,Bengaluru,Tier 1,treated,244,236,6,2,19.52,35.0,54984.0
2026-03-14,DS1002,Mumbai,Tier 1,treated,204,194,8,2,16.36,40.2,47129.0
2026-03-14,DS1003,Lucknow,Tier 2,control,123,111,10,2,15.13,46.2,25075.0
2026-03-14,DS1004,Pune,Tier 1,control,175,167,7,1,13.52,66.2,41616.0
2026-03-14,DS1005,Pune,Tier 1,control,170,163,3,4,16.26,36.3,40646.0
2026-03-14,DS1006,Pune,Tier 1,control,283,272,8,3,15.14,48.4,80214.0
2026-03-14,DS1007,Mumbai,Tier 1,treated,216,207,8,1,12.4,73.0,46684.0
2026-03-14,DS1008,Chennai,Tier 1,control,248,236,10,2,17.27,35.0,66589.0
2026-03-14,DS1009,Hyderabad,Tier 1,control,233,224,7,2,14.84,53.4,47070.0
2026-03-14,DS1010,Lucknow,Tier 2,control,81,78,1,2,17.49,35.0,16310.0
2026-03-14,DS1011,Pune,Tier 1,control,178,166,10,2,18.19,35.0,36718.0
2026-03-14,DS1012,Bengaluru,Tier 1,treated,219,206,12,1,16.5,35.0,49193.0
2026-03-14,DS1013,Pune,Tier 1,control,254,243,7,4,17.2,35.0,52106.0
2026-03-14,DS1014,Hyderabad,Tier 1,control,233,228,4,1,17.6,35.0,54935.0
2026-03-14,DS1015,Jaipur,Tier 2,control,154,148,5,1,16.44,35.0,30828.0
2026-03-14,DS1016,Mumbai,Tier 1,treated,239,223,12,4,15.63,42.5,44319.0
2026-03-14,DS1017,Chennai,Tier 1,control,185,179,4,2,12.87,71.3,46572.0
2026-03-14,DS1018,Bhopal,Tier 2,control,105,103,1,1,16.58,35.0,22634.0
2026-03-14,DS1019,Hyderabad,Tier 1,control,249,239,9,1,16.75,35.0,46567.0
2026-03-14,DS1020,Jaipur,Tier 2,control,150,146,3,1,17.97,35.0,26549.0
2026-03-14,DS1021,Bengaluru,Tier 1,treated,153,146,6,1,14.12,55.8,35922.0
2026-03-14,DS1022,Lucknow,Tier 2,control,172,167,5,0,14.96,52.5,35175.0
2026-03-14,DS1023,Mumbai,Tier 1,treated,240,228,9,3,14.56,61.5,56815.0
2026-03-14,DS1024,Mumbai,Tier 1,treated,303,293,5,5,16.85,35.0,59144.0
2026-03-14,DS1025,Jaipur,Tier 2,control,119,109,5,5,16.07,42.0,21726.0
2026-03-14,DS1026,Delhi NCR,Tier 1,treated,201,195,4,2,15.51,40.9,45138.0
2026-03-14,DS1027,Mumbai,Tier 1,treated,202,190,8,4,16.97,35.0,46970.0
2026-03-14,DS1028,Bhopal,Tier 2,control,190,183,6,1,14.98,47.3,37770.0
2026-03-14,DS1029,Jaipur,Tier 2,control,126,123,1,2,18.1,35.0,28163.0
2026-03-14,DS1030,Pune,Tier 1,control,293,278,11,4,16.56,35.0,72659.0
2026-03-14,DS1031,Mumbai,Tier 1,treated,210,202,7,1,15.61,47.2,50450.0
2026-03-14,DS1032,Chennai,Tier 1,control,238,220,10,8,18.14,35.0,46169.0
2026-03-14,DS1033,Jaipur,Tier 2,control,94,87,7,0,20.54,35.0,15969.0
2026-03-14,DS1034,Mumbai,Tier 1,treated,206,192,10,4,17.22,35.0,51502.0
2026-03-14,DS1035,Pune,Tier 1,control,262,246,10,6,17.35,35.0,50182.0
2026-03-14,DS1036,Lucknow,Tier 2,control,105,100,3,2,13.7,67.7,20216.0
2026-03-14,DS1037,Lucknow,Tier 2,control,138,131,6,1,15.3,45.8,26887.0
2026-03-14,DS1038,Delhi NCR,Tier 1,treated,221,208,9,4,13.34,73.6,51908.0
2026-03-14,DS1039,Lucknow,Tier 2,control,99,91,6,2,13.46,68.4,20606.0
2026-03-14,DS1040,Hyderabad,Tier 1,control,217,206,8,3,17.84,35.0,58856.0
2026-03-14,DS1041,Lucknow,Tier 2,control,109,102,4,3,17.21,35.0,19148.0
2026-03-14,DS1042,Jaipur,Tier 2,control,145,136,6,3,15.49,45.3,25240.0
2026-03-14,DS1043,Indore,Tier 2,control,127,119,7,1,12.46,78.5,30017.0
2026-03-14,DS1044,Bengaluru,Tier 1,treated,174,165,7,2,14.63,56.5,42029.0
2026-03-14,DS1045,Delhi NCR,Tier 1,treated,215,201,12,2,14.47,60.8,53145.0
2026-03-14,DS1046,Bengaluru,Tier 1,treated,196,186,8,2,16.95,35.0,48741.0
2026-03-14,DS1047,Bengaluru,Tier 1,treated,185,173,9,3,19.61,35.0,33840.0
2026-03-14,DS1048,Mumbai,Tier 1,treated,243,234,9,0,16.06,35.0,48349.0
2026-03-14,DS1049,Jaipur,Tier 2,control,135,131,3,1,14.69,62.7,29202.0
2026-03-14,DS1050,Chennai,Tier 1,control,162,156,6,0,13.73,71.3,43388.0
2026-03-14,DS1051,Chennai,Tier 1,control,229,216,11,2,16.31,35.0,51323.0
2026-03-14,DS1052,Jaipur,Tier 2,control,98,92,4,2,17.05,35.0,17601.0
2026-03-14,DS1053,Bhopal,Tier 2,control,112,105,6,1,14.57,50.7,21240.0
2026-03-14,DS1054,Pune,Tier 1,control,254,239,11,4,15.98,47.2,66584.0
2026-03-14,DS1055,Delhi NCR,Tier 1,treated,212,207,2,3,14.34,57.3,54742.0
2026-03-14,DS1056,Delhi NCR,Tier 1,treated,303,292,7,4,18.15,35.0,71529.0
2026-03-14,DS1057,Delhi NCR,Tier 1,treated,201,200,1,0,16.3,35.0,59221.0
2026-03-14,DS1058,Chennai,Tier 1,control,225,217,6,2,16.24,35.0,41177.0
2026-03-14,DS1059,Mumbai,Tier 1,treated,213,204,7,2,16.28,35.0,46386.0
2026-03-15,DS1000,Pune,Tier 1,control,220,210,9,1,17.22,35.0,54504.0
2026-03-15,DS1001,Bengaluru,Tier 1,treated,194,184,6,4,18.65,35.0,44835.0
2026-03-15,DS1002,Mumbai,Tier 1,treated,184,176,3,5,15.95,42.9,38321.0
2026-03-15,DS1003,Lucknow,Tier 2,control,106,98,7,1,13.77,64.0,18260.0
2026-03-15,DS1004,Pune,Tier 1,control,135,123,5,7,14.82,53.3,25508.0
2026-03-15,DS1005,Pune,Tier 1,control,116,110,4,2,16.36,42.9,26887.0
2026-03-15,DS1006,Pune,Tier 1,control,201,197,1,3,13.5,64.0,55568.0
2026-03-15,DS1007,Mumbai,Tier 1,treated,178,173,1,4,14.65,54.4,38769.0
2026-03-15,DS1008,Chennai,Tier 1,control,183,173,7,3,18.34,35.0,31227.0
2026-03-15,DS1009,Hyderabad,Tier 1,control,234,224,7,3,14.41,56.7,45506.0
2026-03-15,DS1010,Lucknow,Tier 2,control,76,72,1,3,19.11,35.0,18761.0
2026-03-15,DS1011,Pune,Tier 1,control,182,172,7,3,18.02,35.0,50245.0
2026-03-15,DS1012,Bengaluru,Tier 1,treated,194,184,8,2,16.71,35.0,47954.0
2026-03-15,DS1013,Pune,Tier 1,control,197,187,8,2,18.54,35.0,41336.0
2026-03-15,DS1014,Hyderabad,Tier 1,control,198,189,8,1,19.84,35.0,49268.0
2026-03-15,DS1015,Jaipur,Tier 2,control,142,138,3,1,16.86,35.5,23997.0
2026-03-15,DS1016,Mumbai,Tier 1,treated,209,198,10,1,16.07,46.5,41683.0
2026-03-15,DS1017,Chennai,Tier 1,control,134,128,4,2,15.76,40.9,36293.0
2026-03-15,DS1018,Bhopal,Tier 2,control,105,103,2,0,17.66,35.0,20443.0
2026-03-15,DS1019,Hyderabad,Tier 1,control,231,218,7,6,18.76,35.0,49511.0
2026-03-15,DS1020,Jaipur,Tier 2,control,107,104,2,1,18.9,35.0,19293.0
2026-03-15,DS1021,Bengaluru,Tier 1,treated,117,110,7,0,13.95,62.0,23044.0
2026-03-15,DS1022,Lucknow,Tier 2,control,147,140,5,2,13.56,63.6,28324.0
2026-03-15,DS1023,Mumbai,Tier 1,treated,216,200,12,4,17.22,35.0,53150.0
2026-03-15,DS1024,Mumbai,Tier 1,treated,249,239,7,3,17.51,35.0,60775.0
2026-03-15,DS1025,Jaipur,Tier 2,control,80,74,4,2,16.35,39.7,15572.0
2026-03-15,DS1026,Delhi NCR,Tier 1,treated,169,161,6,2,15.19,51.6,36981.0
2026-03-15,DS1027,Mumbai,Tier 1,treated,156,144,8,4,16.5,35.0,37439.0
2026-03-15,DS1028,Bhopal,Tier 2,control,170,155,9,6,15.02,52.0,33125.0
2026-03-15,DS1029,Jaipur,Tier 2,control,97,89,5,3,17.28,35.0,17797.0
2026-03-15,DS1030,Pune,Tier 1,control,265,255,6,4,17.44,35.0,55674.0
2026-03-15,DS1031,Mumbai,Tier 1,treated,165,156,7,2,14.99,39.3,33582.0
2026-03-15,DS1032,Chennai,Tier 1,control,212,204,3,5,18.22,35.0,56815.0
2026-03-15,DS1033,Jaipur,Tier 2,control,73,68,2,3,20.05,35.0,13796.0
2026-03-15,DS1034,Mumbai,Tier 1,treated,192,176,11,5,17.06,35.0,39217.0
2026-03-15,DS1035,Pune,Tier 1,control,242,236,5,1,16.05,44.3,58949.0
2026-03-15,DS1036,Lucknow,Tier 2,control,76,73,2,1,12.31,77.1,14410.0
2026-03-15,DS1037,Lucknow,Tier 2,control,134,127,7,0,18.37,35.0,22498.0
2026-03-15,DS1038,Delhi NCR,Tier 1,treated,193,186,3,4,12.57,72.4,38518.0
2026-03-15,DS1039,Lucknow,Tier 2,control,103,96,3,4,13.84,70.3,18796.0
2026-03-15,DS1040,Hyderabad,Tier 1,control,175,164,8,3,16.5,35.0,42302.0
2026-03-15,DS1041,Lucknow,Tier 2,control,85,81,1,3,17.81,35.0,15968.0
2026-03-15,DS1042,Jaipur,Tier 2,control,102,96,5,1,16.6,35.0,17072.0
2026-03-15,DS1043,Indore,Tier 2,control,104,102,2,0,11.99,76.2,22137.0
2026-03-15,DS1044,Bengaluru,Tier 1,treated,158,150,6,2,13.3,66.5,33661.0
2026-03-15,DS1045,Delhi NCR,Tier 1,treated,201,184,12,5,15.25,48.1,42742.0
2026-03-15,DS1046,Bengaluru,Tier 1,treated,169,161,4,4,17.04,35.0,39605.0
2026-03-15,DS1047,Bengaluru,Tier 1,treated,142,140,1,1,19.85,35.0,32889.0
2026-03-15,DS1048,Mumbai,Tier 1,treated,194,182,6,6,16.04,43.6,45682.0
2026-03-15,DS1049,Jaipur,Tier 2,control,136,129,3,4,13.59,66.9,28133.0
2026-03-15,DS1050,Chennai,Tier 1,control,127,117,9,1,13.85,59.8,28056.0
2026-03-15,DS1051,Chennai,Tier 1,control,174,164,8,2,15.39,53.6,35216.0
2026-03-15,DS1052,Jaipur,Tier 2,control,102,98,3,1,16.37,35.0,15762.0
2026-03-15,DS1053,Bhopal,Tier 2,control,90,86,4,0,14.83,48.7,14906.0
2026-03-15,DS1054,Pune,Tier 1,control,233,223,7,3,15.49,39.3,61176.0
2026-03-15,DS1055,Delhi NCR,Tier 1,treated,162,155,6,1,13.86,63.2,39566.0
2026-03-15,DS1056,Delhi NCR,Tier 1,treated,239,230,4,5,18.29,35.0,53776.0
2026-03-15,DS1057,Delhi NCR,Tier 1,treated,170,160,5,5,18.05,35.0,43748.0
2026-03-15,DS1058,Chennai,Tier 1,control,215,203,10,2,18.3,35.0,51277.0
2026-03-15,DS1059,Mumbai,Tier 1,treated,212,208,4,0,14.93,46.7,47916.0
2026-03-16,DS1000,Pune,Tier 1,control,188,181,6,1,18.42,35.0,39584.0
2026-03-16,DS1001,Bengaluru,Tier 1,treated,198,189,8,1,18.76,35.0,47113.0
2026-03-16,DS1002,Mumbai,Tier 1,treated,206,197,6,3,14.83,48.1,39675.0
2026-03-16,DS1003,Lucknow,Tier 2,control,103,94,8,1,14.63,51.1,19690.0
2026-03-16,DS1004,Pune,Tier 1,control,179,171,6,2,13.3,73.7,46829.0
2026-03-16,DS1005,Pune,Tier 1,control,143,135,6,2,16.96,35.0,37645.0
2026-03-16,DS1006,Pune,Tier 1,control,238,227,8,3,14.44,55.1,55617.0
2026-03-16,DS1007,Mumbai,Tier 1,treated,186,172,12,2,14.61,53.3,36838.0
2026-03-16,DS1008,Chennai,Tier 1,control,223,216,6,1,19.32,35.0,45773.0
2026-03-16,DS1009,Hyderabad,Tier 1,control,219,209,8,2,15.5,42.2,57677.0
2026-03-16,DS1010,Lucknow,Tier 2,control,83,79,2,2,18.14,35.0,19971.0
2026-03-16,DS1011,Pune,Tier 1,control,164,157,6,1,19.24,35.0,37368.0
2026-03-16,DS1012,Bengaluru,Tier 1,treated,201,197,3,1,16.72,35.0,43271.0
2026-03-16,DS1013,Pune,Tier 1,control,208,205,2,1,17.07,35.0,58607.0
2026-03-16,DS1014,Hyderabad,Tier 1,control,194,187,6,1,20.32,35.0,49548.0
2026-03-16,DS1015,Jaipur,Tier 2,control,137,126,9,2,16.06,43.1,27831.0
2026-03-16,DS1016,Mumbai,Tier 1,treated,205,198,3,4,18.07,35.0,55934.0
2026-03-16,DS1017,Chennai,Tier 1,control,157,152,3,2,14.44,53.0,38677.0
2026-03-16,DS1018,Bhopal,Tier 2,control,92,89,3,0,15.05,44.1,15351.0
2026-03-16,DS1019,Hyderabad,Tier 1,control,218,208,8,2,17.02,35.7,52135.0
2026-03-16,DS1020,Jaipur,Tier 2,control,133,123,6,4,18.25,35.0,31719.0
2026-03-16,DS1021,Bengaluru,Tier 1,treated,116,113,1,2,15.69,41.0,25629.0
2026-03-16,DS1022,Lucknow,Tier 2,control,125,122,3,0,14.14,62.8,24007.0
2026-03-16,DS1023,Mumbai,Tier 1,treated,233,221,9,3,15.5,48.8,44076.0
2026-03-16,DS1024,Mumbai,Tier 1,treated,215,209,4,2,17.5,35.0,50314.0
2026-03-16,DS1025,Jaipur,Tier 2,control,105,97,5,3,16.12,36.9,19646.0
2026-03-16,DS1026,Delhi NCR,Tier 1,treated,184,179,3,2,17.08,35.0,35654.0
2026-03-16,DS1027,Mumbai,Tier 1,treated,157,149,5,3,16.32,35.0,42179.0
2026-03-16,DS1028,Bhopal,Tier 2,control,172,166,4,2,18.23,35.0,34746.0
2026-03-16,DS1029,Jaipur,Tier 2,control,106,100,6,0,15.97,41.9,21299.0
2026-03-16,DS1030,Pune,Tier 1,control,249,232,12,5,16.48,35.0,54731.0
2026-03-16,DS1031,Mumbai,Tier 1,treated,172,166,3,3,16.12,36.2,41361.0
2026-03-16,DS1032,Chennai,Tier 1,control,196,185,8,3,18.42,35.0,45358.0
2026-03-16,DS1033,Jaipur,Tier 2,control,72,66,5,1,20.18,35.0,13133.0
2026-03-16,DS1034,Mumbai,Tier 1,treated,196,188,6,2,18.21,35.0,36879.0
2026-03-16,DS1035,Pune,Tier 1,control,223,217,4,2,16.54,39.3,54951.0
2026-03-16,DS1036,Lucknow,Tier 2,control,107,100,6,1,13.46,73.5,22290.0
2026-03-16,DS1037,Lucknow,Tier 2,control,128,120,8,0,15.36,44.4,33775.0
2026-03-16,DS1038,Delhi NCR,Tier 1,treated,190,187,3,0,14.04,68.2,42789.0
2026-03-16,DS1039,Lucknow,Tier 2,control,99,96,3,0,13.89,64.9,18013.0
2026-03-16,DS1040,Hyderabad,Tier 1,control,177,165,8,4,17.58,35.0,45160.0
2026-03-16,DS1041,Lucknow,Tier 2,control,109,104,3,2,16.99,35.0,16070.0
2026-03-16,DS1042,Jaipur,Tier 2,control,123,118,3,2,15.24,43.3,24609.0
2026-03-16,DS1043,Indore,Tier 2,control,97,91,3,3,14.16,61.1,17201.0
2026-03-16,DS1044,Bengaluru,Tier 1,treated,185,181,3,1,15.4,46.0,51119.0
2026-03-16,DS1045,Delhi NCR,Tier 1,treated,180,169,10,1,13.69,66.8,33047.0
2026-03-16,DS1046,Bengaluru,Tier 1,treated,186,175,9,2,17.33,35.0,46027.0
2026-03-16,DS1047,Bengaluru,Tier 1,treated,156,148,3,5,21.89,35.0,38500.0
2026-03-16,DS1048,Mumbai,Tier 1,treated,200,196,2,2,15.09,54.3,39530.0
2026-03-16,DS1049,Jaipur,Tier 2,control,111,104,3,4,15.79,36.7,21026.0
2026-03-16,DS1050,Chennai,Tier 1,control,144,142,2,0,14.24,64.6,33258.0
2026-03-16,DS1051,Chennai,Tier 1,control,212,202,8,2,17.24,35.0,43555.0
2026-03-16,DS1052,Jaipur,Tier 2,control,92,88,3,1,14.97,56.4,17456.0
2026-03-16,DS1053,Bhopal,Tier 2,control,84,73,6,5,14.88,51.2,10990.0
2026-03-16,DS1054,Pune,Tier 1,control,230,219,8,3,16.93,35.0,42758.0
2026-03-16,DS1055,Delhi NCR,Tier 1,treated,168,163,4,1,12.92,79.4,35811.0
2026-03-16,DS1056,Delhi NCR,Tier 1,treated,231,213,12,6,18.42,35.0,46049.0
2026-03-16,DS1057,Delhi NCR,Tier 1,treated,186,180,5,1,17.35,35.0,39161.0
2026-03-16,DS1058,Chennai,Tier 1,control,213,208,4,1,17.54,35.0,38988.0
2026-03-16,DS1059,Mumbai,Tier 1,treated,166,161,3,2,14.06,63.2,39118.0
2026-03-17,DS1000,Pune,Tier 1,control,196,188,6,2,17.5,35.0,40652.0
2026-03-17,DS1001,Bengaluru,Tier 1,treated,186,177,7,2,19.75,35.0,45719.0
2026-03-17,DS1002,Mumbai,Tier 1,treated,185,179,3,3,15.13,46.0,45557.0
2026-03-17,DS1003,Lucknow,Tier 2,control,87,84,3,0,15.22,55.2,17716.0
2026-03-17,DS1004,Pune,Tier 1,control,160,156,2,2,14.9,49.0,36009.0
2026-03-17,DS1005,Pune,Tier 1,control,143,133,6,4,16.68,35.0,32528.0
2026-03-17,DS1006,Pune,Tier 1,control,210,202,5,3,14.42,56.9,57413.0
2026-03-17,DS1007,Mumbai,Tier 1,treated,195,183,10,2,15.47,47.0,40862.0
2026-03-17,DS1008,Chennai,Tier 1,control,189,175,10,4,19.54,35.0,31941.0
2026-03-17,DS1009,Hyderabad,Tier 1,control,219,214,2,3,14.34,55.7,38669.0
2026-03-17,DS1010,Lucknow,Tier 2,control,93,89,3,1,19.16,35.0,16722.0
2026-03-17,DS1011,Pune,Tier 1,control,144,139,3,2,16.45,35.0,35033.0
2026-03-17,DS1012,Bengaluru,Tier 1,treated,196,183,10,3,19.01,35.0,44015.0
2026-03-17,DS1013,Pune,Tier 1,control,210,205,4,1,17.7,35.0,45821.0
2026-03-17,DS1014,Hyderabad,Tier 1,control,162,153,5,4,19.48,35.0,38094.0
2026-03-17,DS1015,Jaipur,Tier 2,control,128,123,5,0,15.15,53.4,16270.0
2026-03-17,DS1016,Mumbai,Tier 1,treated,190,182,6,2,15.66,53.2,48083.0
2026-03-17,DS1017,Chennai,Tier 1,control,160,152,4,4,14.24,55.3,39612.0
2026-03-17,DS1018,Bhopal,Tier 2,control,85,81,3,1,18.61,35.0,18044.0
2026-03-17,DS1019,Hyderabad,Tier 1,control,218,203,12,3,18.34,35.0,57100.0
2026-03-17,DS1020,Jaipur,Tier 2,control,114,110,3,1,17.51,35.0,17026.0
2026-03-17,DS1021,Bengaluru,Tier 1,treated,139,129,10,0,15.76,42.2,30183.0
2026-03-17,DS1022,Lucknow,Tier 2,control,120,111,8,1,14.37,55.6,24726.0
2026-03-17,DS1023,Mumbai,Tier 1,treated,214,201,10,3,15.57,43.0,50603.0
2026-03-17,DS1024,Mumbai,Tier 1,treated,245,236,5,4,16.95,35.0,58539.0
2026-03-17,DS1025,Jaipur,Tier 2,control,92,89,3,0,15.49,36.9,10830.0
2026-03-17,DS1026,Delhi NCR,Tier 1,treated,188,172,9,7,17.58,35.0,47616.0
2026-03-17,DS1027,Mumbai,Tier 1,treated,147,140,3,4,16.15,35.0,34490.0
2026-03-17,DS1028,Bhopal,Tier 2,control,148,140,5,3,16.23,37.5,25165.0
2026-03-17,DS1029,Jaipur,Tier 2,control,115,111,2,2,17.46,35.0,25581.0
2026-03-17,DS1030,Pune,Tier 1,control,232,222,6,4,16.46,35.0,52407.0
2026-03-17,DS1031,Mumbai,Tier 1,treated,151,141,9,1,15.08,55.6,36763.0
2026-03-17,DS1032,Chennai,Tier 1,control,210,194,13,3,16.68,35.0,44950.0
2026-03-17,DS1033,Jaipur,Tier 2,control,63,62,1,0,18.07,35.0,14508.0
2026-03-17,DS1034,Mumbai,Tier 1,treated,208,200,5,3,17.51,35.0,47817.0
2026-03-17,DS1035,Pune,Tier 1,control,220,207,10,3,16.72,35.0,42286.0
2026-03-17,DS1036,Lucknow,Tier 2,control,88,83,5,0,15.26,49.1,16443.0
2026-03-17,DS1037,Lucknow,Tier 2,control,142,134,6,2,17.71,35.0,32591.0
2026-03-17,DS1038,Delhi NCR,Tier 1,treated,208,199,6,3,11.33,82.8,56012.0
2026-03-17,DS1039,Lucknow,Tier 2,control,96,91,3,2,15.03,50.9,16266.0
2026-03-17,DS1040,Hyderabad,Tier 1,control,184,173,9,2,18.4,35.0,35412.0
2026-03-17,DS1041,Lucknow,Tier 2,control,98,95,2,1,17.78,35.0,22169.0
2026-03-17,DS1042,Jaipur,Tier 2,control,104,101,3,0,16.73,35.0,23158.0
2026-03-17,DS1043,Indore,Tier 2,control,101,95,5,1,11.5,80.7,17618.0
2026-03-17,DS1044,Bengaluru,Tier 1,treated,158,149,5,4,18.07,35.0,37182.0
2026-03-17,DS1045,Delhi NCR,Tier 1,treated,170,160,8,2,17.41,35.0,40341.0
2026-03-17,DS1046,Bengaluru,Tier 1,treated,162,154,4,4,17.84,35.0,36880.0
2026-03-17,DS1047,Bengaluru,Tier 1,treated,166,159,4,3,20.21,35.0,40226.0
2026-03-17,DS1048,Mumbai,Tier 1,treated,170,162,5,3,15.75,41.7,39908.0
2026-03-17,DS1049,Jaipur,Tier 2,control,117,111,5,1,15.4,47.2,19270.0
2026-03-17,DS1050,Chennai,Tier 1,control,139,132,3,4,13.34,66.8,31996.0
2026-03-17,DS1051,Chennai,Tier 1,control,186,178,5,3,16.2,35.4,40948.0
2026-03-17,DS1052,Jaipur,Tier 2,control,93,90,2,1,16.94,35.0,17106.0
2026-03-17,DS1053,Bhopal,Tier 2,control,86,83,1,2,14.04,59.5,14448.0
2026-03-17,DS1054,Pune,Tier 1,control,234,222,11,1,17.37,35.0,51015.0
2026-03-17,DS1055,Delhi NCR,Tier 1,treated,170,160,5,5,15.61,43.8,33962.0
2026-03-17,DS1056,Delhi NCR,Tier 1,treated,264,254,9,1,17.62,35.0,46689.0
2026-03-17,DS1057,Delhi NCR,Tier 1,treated,179,176,2,1,16.48,35.0,39704.0
2026-03-17,DS1058,Chennai,Tier 1,control,228,219,8,1,17.82,35.0,55927.0
2026-03-17,DS1059,Mumbai,Tier 1,treated,173,169,3,1,16.2,39.2,38156.0
2026-03-18,DS1000,Pune,Tier 1,control,232,219,9,4,15.81,39.3,44095.0
2026-03-18,DS1001,Bengaluru,Tier 1,treated,193,185,6,2,18.45,35.0,47608.0
2026-03-18,DS1002,Mumbai,Tier 1,treated,187,182,4,1,15.03,57.0,43651.0
2026-03-18,DS1003,Lucknow,Tier 2,control,97,91,4,2,17.64,35.0,20440.0
2026-03-18,DS1004,Pune,Tier 1,control,152,145,4,3,15.24,48.3,34963.0
2026-03-18,DS1005,Pune,Tier 1,control,134,131,3,0,15.59,47.0,27754.0
2026-03-18,DS1006,Pune,Tier 1,control,204,195,6,3,14.65,52.8,49201.0
2026-03-18,DS1007,Mumbai,Tier 1,treated,199,187,11,1,14.65,52.4,43384.0
2026-03-18,DS1008,Chennai,Tier 1,control,221,206,11,4,16.39,35.0,57259.0
2026-03-18,DS1009,Hyderabad,Tier 1,control,227,218,6,3,14.56,52.1,47430.0
2026-03-18,DS1010,Lucknow,Tier 2,control,75,72,1,2,17.59,35.0,16175.0
2026-03-18,DS1011,Pune,Tier 1,control,176,171,4,1,18.45,35.0,37956.0
2026-03-18,DS1012,Bengaluru,Tier 1,treated,203,190,11,2,16.07,37.9,39421.0
2026-03-18,DS1013,Pune,Tier 1,control,203,198,1,4,16.85,35.0,46531.0
2026-03-18,DS1014,Hyderabad,Tier 1,control,197,183,8,6,18.55,35.0,34996.0
2026-03-18,DS1015,Jaipur,Tier 2,control,124,118,4,2,16.14,35.5,22987.0
2026-03-18,DS1016,Mumbai,Tier 1,treated,189,185,3,1,14.53,59.8,47268.0
2026-03-18,DS1017,Chennai,Tier 1,control,157,142,11,4,13.49,67.7,36558.0
2026-03-18,DS1018,Bhopal,Tier 2,control,102,94,6,2,16.1,40.7,16915.0
2026-03-18,DS1019,Hyderabad,Tier 1,control,234,221,10,3,20.7,35.0,58961.0
2026-03-18,DS1020,Jaipur,Tier 2,control,112,106,4,2,17.56,35.0,23432.0
2026-03-18,DS1021,Bengaluru,Tier 1,treated,117,112,5,0,13.73,62.8,21909.0
2026-03-18,DS1022,Lucknow,Tier 2,control,138,129,8,1,15.83,39.4,24485.0
2026-03-18,DS1023,Mumbai,Tier 1,treated,229,218,9,2,15.23,44.6,53090.0
2026-03-18,DS1024,Mumbai,Tier 1,treated,241,226,12,3,16.48,35.0,57446.0
2026-03-18,DS1025,Jaipur,Tier 2,control,109,107,2,0,16.12,38.5,20235.0
2026-03-18,DS1026,Delhi NCR,Tier 1,treated,195,189,6,0,17.07,35.0,39877.0
2026-03-18,DS1027,Mumbai,Tier 1,treated,162,153,7,2,16.78,35.0,28624.0
2026-03-18,DS1028,Bhopal,Tier 2,control,149,138,10,1,16.19,36.5,26455.0
2026-03-18,DS1029,Jaipur,Tier 2,control,85,82,3,0,17.0,35.0,16643.0
2026-03-18,DS1030,Pune,Tier 1,control,231,218,9,4,18.19,35.0,57689.0
2026-03-18,DS1031,Mumbai,Tier 1,treated,159,146,10,3,17.13,35.0,27355.0
2026-03-18,DS1032,Chennai,Tier 1,control,174,171,1,2,16.18,35.3,40986.0
2026-03-18,DS1033,Jaipur,Tier 2,control,66,64,2,0,18.62,35.0,9629.0
2026-03-18,DS1034,Mumbai,Tier 1,treated,198,183,12,3,17.96,35.0,39995.0
2026-03-18,DS1035,Pune,Tier 1,control,217,204,11,2,17.35,35.0,51091.0
2026-03-18,DS1036,Lucknow,Tier 2,control,82,76,5,1,12.49,75.3,18581.0
2026-03-18,DS1037,Lucknow,Tier 2,control,118,110,6,2,18.9,35.0,18664.0
2026-03-18,DS1038,Delhi NCR,Tier 1,treated,204,193,9,2,12.12,78.8,44648.0
2026-03-18,DS1039,Lucknow,Tier 2,control,91,88,2,1,15.12,56.3,20793.0
2026-03-18,DS1040,Hyderabad,Tier 1,control,157,150,7,0,16.16,36.0,32483.0
2026-03-18,DS1041,Lucknow,Tier 2,control,114,107,7,0,16.26,35.0,17833.0
2026-03-18,DS1042,Jaipur,Tier 2,control,111,101,9,1,17.85,35.0,24597.0
2026-03-18,DS1043,Indore,Tier 2,control,102,98,3,1,15.48,45.7,20368.0
2026-03-18,DS1044,Bengaluru,Tier 1,treated,157,147,9,1,15.08,55.3,33371.0
2026-03-18,DS1045,Delhi NCR,Tier 1,treated,193,182,11,0,15.17,49.7,50478.0
2026-03-18,DS1046,Bengaluru,Tier 1,treated,153,145,6,2,17.72,35.0,41007.0
2026-03-18,DS1047,Bengaluru,Tier 1,treated,123,118,5,0,18.14,35.0,26389.0
2026-03-18,DS1048,Mumbai,Tier 1,treated,204,193,8,3,16.61,35.0,44406.0
2026-03-18,DS1049,Jaipur,Tier 2,control,127,118,6,3,14.58,49.9,20459.0
2026-03-18,DS1050,Chennai,Tier 1,control,151,149,0,2,14.48,53.2,39000.0
2026-03-18,DS1051,Chennai,Tier 1,control,209,200,8,1,16.6,35.0,52186.0
2026-03-18,DS1052,Jaipur,Tier 2,control,98,96,2,0,16.27,35.0,21315.0
2026-03-18,DS1053,Bhopal,Tier 2,control,98,94,2,2,14.38,57.2,19306.0
2026-03-18,DS1054,Pune,Tier 1,control,213,203,7,3,16.4,35.2,53901.0
2026-03-18,DS1055,Delhi NCR,Tier 1,treated,158,156,2,0,14.79,60.1,33396.0
2026-03-18,DS1056,Delhi NCR,Tier 1,treated,233,216,13,4,18.82,35.0,61514.0
2026-03-18,DS1057,Delhi NCR,Tier 1,treated,166,156,6,4,18.33,35.0,37361.0
2026-03-18,DS1058,Chennai,Tier 1,control,232,218,12,2,18.88,35.0,48911.0
2026-03-18,DS1059,Mumbai,Tier 1,treated,176,166,8,2,16.39,35.0,42850.0
2026-03-19,DS1000,Pune,Tier 1,control,198,184,13,1,17.35,35.0,39562.0
2026-03-19,DS1001,Bengaluru,Tier 1,treated,205,196,6,3,20.06,35.0,50639.0
2026-03-19,DS1002,Mumbai,Tier 1,treated,170,161,8,1,16.14,37.0,34671.0
2026-03-19,DS1003,Lucknow,Tier 2,control,100,97,3,0,15.49,44.5,19575.0
2026-03-19,DS1004,Pune,Tier 1,control,161,152,7,2,14.79,51.4,31810.0
2026-03-19,DS1005,Pune,Tier 1,control,135,129,4,2,18.75,35.0,31558.0
2026-03-19,DS1006,Pune,Tier 1,control,234,229,4,1,14.79,47.4,54613.0
2026-03-19,DS1007,Mumbai,Tier 1,treated,180,171,9,0,14.84,49.6,42346.0
2026-03-19,DS1008,Chennai,Tier 1,control,193,179,11,3,19.28,35.0,43505.0
2026-03-19,DS1009,Hyderabad,Tier 1,control,220,214,4,2,15.37,43.7,39142.0
2026-03-19,DS1010,Lucknow,Tier 2,control,64,61,2,1,17.86,35.0,11362.0
2026-03-19,DS1011,Pune,Tier 1,control,172,166,5,1,19.61,35.0,36281.0
2026-03-19,DS1012,Bengaluru,Tier 1,treated,190,178,4,8,17.0,35.0,42079.0
2026-03-19,DS1013,Pune,Tier 1,control,206,200,3,3,16.85,35.0,48346.0
2026-03-19,DS1014,Hyderabad,Tier 1,control,173,166,5,2,18.25,35.0,41651.0
2026-03-19,DS1015,Jaipur,Tier 2,control,117,109,6,2,16.17,39.9,23684.0
2026-03-19,DS1016,Mumbai,Tier 1,treated,195,189,4,2,14.27,63.8,41712.0
2026-03-19,DS1017,Chennai,Tier 1,control,162,154,7,1,13.71,67.4,38095.0
2026-03-19,DS1018,Bhopal,Tier 2,control,113,108,4,1,15.97,35.0,20181.0
2026-03-19,DS1019,Hyderabad,Tier 1,control,202,194,6,2,18.65,35.0,44049.0
2026-03-19,DS1020,Jaipur,Tier 2,control,142,134,5,3,17.66,35.0,28387.0
2026-03-19,DS1021,Bengaluru,Tier 1,treated,99,97,2,0,14.8,44.5,22808.0
2026-03-19,DS1022,Lucknow,Tier 2,control,131,123,7,1,13.14,65.7,28148.0
2026-03-19,DS1023,Mumbai,Tier 1,treated,220,212,5,3,16.74,35.0,49392.0
2026-03-19,DS1024,Mumbai,Tier 1,treated,253,242,5,6,16.24,37.5,49489.0
2026-03-19,DS1025,Jaipur,Tier 2,control,91,89,2,0,16.5,38.4,18204.0
2026-03-19,DS1026,Delhi NCR,Tier 1,treated,198,189,7,2,17.29,35.0,43995.0
2026-03-19,DS1027,Mumbai,Tier 1,treated,139,126,9,4,15.96,40.4,24781.0
2026-03-19,DS1028,Bhopal,Tier 2,control,168,160,6,2,15.46,47.7,30786.0
2026-03-19,DS1029,Jaipur,Tier 2,control,94,89,4,1,16.3,35.0,15838.0
2026-03-19,DS1030,Pune,Tier 1,control,229,222,5,2,17.05,35.0,53029.0
2026-03-19,DS1031,Mumbai,Tier 1,treated,165,155,9,1,16.27,36.2,41782.0
2026-03-19,DS1032,Chennai,Tier 1,control,181,169,9,3,17.96,35.0,37877.0
2026-03-19,DS1033,Jaipur,Tier 2,control,82,81,1,0,19.95,35.0,14640.0
2026-03-19,DS1034,Mumbai,Tier 1,treated,200,195,4,1,17.32,35.0,45769.0
2026-03-19,DS1035,Pune,Tier 1,control,251,240,4,7,16.69,35.0,59774.0
2026-03-19,DS1036,Lucknow,Tier 2,control,70,67,2,1,14.13,55.9,15553.0
2026-03-19,DS1037,Lucknow,Tier 2,control,144,137,7,0,17.97,35.0,21562.0
2026-03-19,DS1038,Delhi NCR,Tier 1,treated,203,197,4,2,14.29,57.4,53179.0
2026-03-19,DS1039,Lucknow,Tier 2,control,88,83,2,3,13.19,65.4,12880.0
2026-03-19,DS1040,Hyderabad,Tier 1,control,175,169,6,0,18.12,35.0,43234.0
2026-03-19,DS1041,Lucknow,Tier 2,control,99,95,1,3,18.02,35.0,14627.0
2026-03-19,DS1042,Jaipur,Tier 2,control,93,87,5,1,15.88,42.4,14212.0
2026-03-19,DS1043,Indore,Tier 2,control,89,86,2,1,13.22,75.1,13811.0
2026-03-19,DS1044,Bengaluru,Tier 1,treated,153,147,4,2,15.94,41.7,33279.0
2026-03-19,DS1045,Delhi NCR,Tier 1,treated,180,171,9,0,15.2,38.1,39403.0
2026-03-19,DS1046,Bengaluru,Tier 1,treated,151,144,6,1,15.49,42.1,38483.0
2026-03-19,DS1047,Bengaluru,Tier 1,treated,141,137,2,2,20.39,35.0,36219.0
2026-03-19,DS1048,Mumbai,Tier 1,treated,214,204,9,1,19.12,35.0,61490.0
2026-03-19,DS1049,Jaipur,Tier 2,control,117,114,2,1,15.19,47.2,28223.0
2026-03-19,DS1050,Chennai,Tier 1,control,127,119,6,2,14.92,57.7,24689.0
2026-03-19,DS1051,Chennai,Tier 1,control,180,172,6,2,15.05,53.8,40665.0
2026-03-19,DS1052,Jaipur,Tier 2,control,99,94,3,2,16.33,35.0,19953.0
2026-03-19,DS1053,Bhopal,Tier 2,control,92,86,5,1,16.06,35.0,16716.0
2026-03-19,DS1054,Pune,Tier 1,control,218,209,6,3,15.82,35.0,51409.0
2026-03-19,DS1055,Delhi NCR,Tier 1,treated,150,143,5,2,14.17,53.5,29961.0
2026-03-19,DS1056,Delhi NCR,Tier 1,treated,244,233,7,4,17.0,35.0,54124.0
2026-03-19,DS1057,Delhi NCR,Tier 1,treated,172,157,10,5,17.64,35.0,34410.0
2026-03-19,DS1058,Chennai,Tier 1,control,227,223,3,1,18.21,35.0,50531.0
2026-03-19,DS1059,Mumbai,Tier 1,treated,194,180,10,4,14.97,45.9,44349.0
2026-03-20,DS1000,Pune,Tier 1,control,253,241,10,2,17.52,35.0,58519.0
2026-03-20,DS1001,Bengaluru,Tier 1,treated,215,205,8,2,20.69,35.0,44893.0
2026-03-20,DS1002,Mumbai,Tier 1,treated,226,217,7,2,16.83,35.0,49577.0
2026-03-20,DS1003,Lucknow,Tier 2,control,119,114,5,0,16.13,39.2,24966.0
2026-03-20,DS1004,Pune,Tier 1,control,168,163,4,1,14.83,58.2,46003.0
2026-03-20,DS1005,Pune,Tier 1,control,182,176,6,0,17.01,35.0,46290.0
2026-03-20,DS1006,Pune,Tier 1,control,275,265,6,4,14.37,52.4,42585.0
2026-03-20,DS1007,Mumbai,Tier 1,treated,215,209,5,1,14.21,55.5,50544.0
2026-03-20,DS1008,Chennai,Tier 1,control,241,225,12,4,16.5,35.0,53589.0
2026-03-20,DS1009,Hyderabad,Tier 1,control,272,255,14,3,15.92,42.9,60021.0
2026-03-20,DS1010,Lucknow,Tier 2,control,103,93,8,2,18.31,35.0,18905.0
2026-03-20,DS1011,Pune,Tier 1,control,169,165,3,1,17.42,35.0,38469.0
2026-03-20,DS1012,Bengaluru,Tier 1,treated,246,239,6,1,16.72,35.0,53216.0
2026-03-20,DS1013,Pune,Tier 1,control,234,231,3,0,17.36,35.0,58774.0
2026-03-20,DS1014,Hyderabad,Tier 1,control,203,193,7,3,19.5,35.0,39041.0
2026-03-20,DS1015,Jaipur,Tier 2,control,152,147,3,2,15.46,46.0,24760.0
2026-03-20,DS1016,Mumbai,Tier 1,treated,217,197,11,9,16.67,35.0,37240.0
2026-03-20,DS1017,Chennai,Tier 1,control,180,173,5,2,13.48,65.6,45997.0
2026-03-20,DS1018,Bhopal,Tier 2,control,114,108,3,3,16.95,35.0,22185.0
2026-03-20,DS1019,Hyderabad,Tier 1,control,225,214,5,6,18.97,35.0,56419.0
2026-03-20,DS1020,Jaipur,Tier 2,control,161,160,1,0,18.48,35.0,35370.0
2026-03-20,DS1021,Bengaluru,Tier 1,treated,166,158,5,3,13.58,62.5,42652.0
2026-03-20,DS1022,Lucknow,Tier 2,control,176,169,5,2,14.5,53.3,33681.0
2026-03-20,DS1023,Mumbai,Tier 1,treated,265,253,7,5,15.35,40.6,56406.0
2026-03-20,DS1024,Mumbai,Tier 1,treated,268,261,7,0,16.11,35.0,67296.0
2026-03-20,DS1025,Jaipur,Tier 2,control,127,124,3,0,14.44,58.3,28716.0
2026-03-20,DS1026,Delhi NCR,Tier 1,treated,227,218,5,4,16.18,35.0,54826.0
2026-03-20,DS1027,Mumbai,Tier 1,treated,177,173,3,1,15.77,42.1,34743.0
2026-03-20,DS1028,Bhopal,Tier 2,control,196,185,8,3,15.69,44.0,30668.0
2026-03-20,DS1029,Jaipur,Tier 2,control,115,106,9,0,17.7,35.0,27536.0
2026-03-20,DS1030,Pune,Tier 1,control,302,287,9,6,16.62,36.8,76284.0
2026-03-20,DS1031,Mumbai,Tier 1,treated,199,186,7,6,17.26,35.0,48382.0
2026-03-20,DS1032,Chennai,Tier 1,control,222,217,3,2,17.57,35.0,64445.0
2026-03-20,DS1033,Jaipur,Tier 2,control,83,75,6,2,18.37,35.0,15233.0
2026-03-20,DS1034,Mumbai,Tier 1,treated,210,204,3,3,17.25,35.0,45661.0
2026-03-20,DS1035,Pune,Tier 1,control,250,241,5,4,16.38,35.0,54897.0
2026-03-20,DS1036,Lucknow,Tier 2,control,98,93,3,2,13.87,60.9,16899.0
2026-03-20,DS1037,Lucknow,Tier 2,control,157,150,3,4,15.67,42.5,33504.0
2026-03-20,DS1038,Delhi NCR,Tier 1,treated,232,224,6,2,13.77,63.7,50761.0
2026-03-20,DS1039,Lucknow,Tier 2,control,110,105,4,1,15.28,46.7,21547.0
2026-03-20,DS1040,Hyderabad,Tier 1,control,198,188,8,2,18.38,35.0,49908.0
2026-03-20,DS1041,Lucknow,Tier 2,control,119,112,5,2,18.28,35.0,26839.0
2026-03-20,DS1042,Jaipur,Tier 2,control,144,136,6,2,16.22,35.0,29540.0
2026-03-20,DS1043,Indore,Tier 2,control,116,109,6,1,14.85,43.2,18878.0
2026-03-20,DS1044,Bengaluru,Tier 1,treated,224,208,10,6,15.61,48.2,43264.0
2026-03-20,DS1045,Delhi NCR,Tier 1,treated,204,192,9,3,15.67,35.3,45972.0
2026-03-20,DS1046,Bengaluru,Tier 1,treated,171,168,2,1,16.55,35.0,44744.0
2026-03-20,DS1047,Bengaluru,Tier 1,treated,175,161,10,4,20.36,35.0,38094.0
2026-03-20,DS1048,Mumbai,Tier 1,treated,215,202,9,4,16.33,36.9,49328.0
2026-03-20,DS1049,Jaipur,Tier 2,control,157,152,5,0,14.93,45.8,26435.0
2026-03-20,DS1050,Chennai,Tier 1,control,162,149,11,2,12.66,68.7,41360.0
2026-03-20,DS1051,Chennai,Tier 1,control,226,217,7,2,16.08,35.0,44150.0
2026-03-20,DS1052,Jaipur,Tier 2,control,113,107,5,1,16.94,35.0,20352.0
2026-03-20,DS1053,Bhopal,Tier 2,control,123,117,5,1,14.84,53.4,28426.0
2026-03-20,DS1054,Pune,Tier 1,control,254,238,13,3,16.27,35.0,49243.0
2026-03-20,DS1055,Delhi NCR,Tier 1,treated,210,205,2,3,14.21,59.3,37085.0
2026-03-20,DS1056,Delhi NCR,Tier 1,treated,286,259,20,7,19.5,35.0,51947.0
2026-03-20,DS1057,Delhi NCR,Tier 1,treated,200,194,4,2,19.37,35.0,49263.0
2026-03-20,DS1058,Chennai,Tier 1,control,237,223,12,2,18.16,35.0,63753.0
2026-03-20,DS1059,Mumbai,Tier 1,treated,237,230,5,2,15.66,35.0,46629.0
2026-03-21,DS1000,Pune,Tier 1,control,270,251,17,2,17.74,35.0,60124.0
2026-03-21,DS1001,Bengaluru,Tier 1,treated,217,207,6,4,19.28,35.0,47768.0
2026-03-21,DS1002,Mumbai,Tier 1,treated,209,199,7,3,16.95,35.0,52203.0
2026-03-21,DS1003,Lucknow,Tier 2,control,105,96,6,3,15.54,42.2,21517.0
2026-03-21,DS1004,Pune,Tier 1,control,163,158,5,0,13.95,55.6,33893.0
2026-03-21,DS1005,Pune,Tier 1,control,171,164,4,3,15.46,46.3,36159.0
2026-03-21,DS1006,Pune,Tier 1,control,270,260,8,2,12.78,73.6,60573.0
2026-03-21,DS1007,Mumbai,Tier 1,treated,215,203,11,1,14.28,62.8,46144.0
2026-03-21,DS1008,Chennai,Tier 1,control,228,213,10,5,18.43,35.0,42009.0
2026-03-21,DS1009,Hyderabad,Tier 1,control,234,224,7,3,14.6,49.1,52186.0
2026-03-21,DS1010,Lucknow,Tier 2,control,96,93,3,0,18.72,35.0,15964.0
2026-03-21,DS1011,Pune,Tier 1,control,180,170,9,1,18.48,35.0,39953.0
2026-03-21,DS1012,Bengaluru,Tier 1,treated,238,227,9,2,17.77,35.0,51838.0
2026-03-21,DS1013,Pune,Tier 1,control,252,239,11,2,17.35,35.0,53998.0
2026-03-21,DS1014,Hyderabad,Tier 1,control,216,204,8,4,19.34,35.0,52424.0
2026-03-21,DS1015,Jaipur,Tier 2,control,157,147,9,1,15.23,44.8,27060.0
2026-03-21,DS1016,Mumbai,Tier 1,treated,252,239,8,5,15.76,39.4,63949.0
2026-03-21,DS1017,Chennai,Tier 1,control,172,160,10,2,14.09,65.1,32918.0
2026-03-21,DS1018,Bhopal,Tier 2,control,116,111,4,1,16.53,40.4,23362.0
2026-03-21,DS1019,Hyderabad,Tier 1,control,261,250,9,2,17.72,35.0,55913.0
2026-03-21,DS1020,Jaipur,Tier 2,control,141,135,5,1,17.8,35.0,27912.0
2026-03-21,DS1021,Bengaluru,Tier 1,treated,135,133,2,0,15.03,52.1,34277.0
2026-03-21,DS1022,Lucknow,Tier 2,control,158,154,3,1,13.53,58.9,27340.0
2026-03-21,DS1023,Mumbai,Tier 1,treated,274,260,10,4,15.75,37.2,60017.0
2026-03-21,DS1024,Mumbai,Tier 1,treated,291,281,7,3,15.21,45.6,69746.0
2026-03-21,DS1025,Jaipur,Tier 2,control,135,126,6,3,14.24,61.0,34253.0
2026-03-21,DS1026,Delhi NCR,Tier 1,treated,190,181,7,2,17.66,35.0,40713.0
2026-03-21,DS1027,Mumbai,Tier 1,treated,185,170,11,4,17.01,35.0,36723.0
2026-03-21,DS1028,Bhopal,Tier 2,control,195,185,7,3,14.79,54.5,39654.0
2026-03-21,DS1029,Jaipur,Tier 2,control,109,102,5,2,16.75,45.2,20754.0
2026-03-21,DS1030,Pune,Tier 1,control,283,270,8,5,18.22,35.0,53525.0
2026-03-21,DS1031,Mumbai,Tier 1,treated,193,184,6,3,16.91,35.0,40439.0
2026-03-21,DS1032,Chennai,Tier 1,control,267,254,13,0,17.72,35.0,69301.0
2026-03-21,DS1033,Jaipur,Tier 2,control,99,94,4,1,19.79,35.0,17630.0
2026-03-21,DS1034,Mumbai,Tier 1,treated,215,205,10,0,17.15,35.0,44126.0
2026-03-21,DS1035,Pune,Tier 1,control,267,246,14,7,15.9,39.9,63216.0
2026-03-21,DS1036,Lucknow,Tier 2,control,107,104,2,1,13.0,78.9,16847.0
2026-03-21,DS1037,Lucknow,Tier 2,control,169,157,10,2,18.19,35.0,29529.0
2026-03-21,DS1038,Delhi NCR,Tier 1,treated,260,253,4,3,13.84,60.2,58324.0
2026-03-21,DS1039,Lucknow,Tier 2,control,104,99,5,0,12.89,70.5,19467.0
2026-03-21,DS1040,Hyderabad,Tier 1,control,219,209,8,2,17.12,35.0,41660.0
2026-03-21,DS1041,Lucknow,Tier 2,control,138,131,4,3,18.29,35.0,28772.0
2026-03-21,DS1042,Jaipur,Tier 2,control,110,107,2,1,16.22,37.5,24659.0
2026-03-21,DS1043,Indore,Tier 2,control,117,109,7,1,13.2,74.3,17256.0
2026-03-21,DS1044,Bengaluru,Tier 1,treated,187,177,7,3,15.59,51.2,44557.0
2026-03-21,DS1045,Delhi NCR,Tier 1,treated,202,188,11,3,15.91,38.5,47137.0
2026-03-21,DS1046,Bengaluru,Tier 1,treated,187,176,8,3,16.39,38.0,48142.0
2026-03-21,DS1047,Bengaluru,Tier 1,treated,171,167,3,1,20.62,35.0,39269.0
2026-03-21,DS1048,Mumbai,Tier 1,treated,263,249,8,6,16.51,35.0,56646.0
2026-03-21,DS1049,Jaipur,Tier 2,control,139,133,4,2,14.23,56.1,26183.0
2026-03-21,DS1050,Chennai,Tier 1,control,160,149,8,3,14.19,58.4,42189.0
2026-03-21,DS1051,Chennai,Tier 1,control,215,209,5,1,15.13,54.3,54586.0
2026-03-21,DS1052,Jaipur,Tier 2,control,101,96,3,2,15.36,40.1,19766.0
2026-03-21,DS1053,Bhopal,Tier 2,control,99,99,0,0,13.67,66.2,27352.0
2026-03-21,DS1054,Pune,Tier 1,control,272,251,16,5,15.38,40.3,46930.0
2026-03-21,DS1055,Delhi NCR,Tier 1,treated,227,217,8,2,13.88,63.5,57287.0
2026-03-21,DS1056,Delhi NCR,Tier 1,treated,286,280,5,1,17.22,35.0,66771.0
2026-03-21,DS1057,Delhi NCR,Tier 1,treated,217,208,8,1,19.03,35.0,46201.0
2026-03-21,DS1058,Chennai,Tier 1,control,268,257,8,3,18.07,35.0,58749.0
2026-03-21,DS1059,Mumbai,Tier 1,treated,213,207,4,2,16.25,36.4,44129.0
2026-03-22,DS1000,Pune,Tier 1,control,190,182,8,0,16.27,38.7,40457.0
2026-03-22,DS1001,Bengaluru,Tier 1,treated,202,191,7,4,19.48,35.0,44944.0
2026-03-22,DS1002,Mumbai,Tier 1,treated,175,170,3,2,15.73,35.0,36681.0
2026-03-22,DS1003,Lucknow,Tier 2,control,110,103,6,1,17.22,35.0,21053.0
2026-03-22,DS1004,Pune,Tier 1,control,149,144,5,0,14.26,59.9,35236.0
2026-03-22,DS1005,Pune,Tier 1,control,138,134,2,2,15.71,41.4,35846.0
2026-03-22,DS1006,Pune,Tier 1,control,225,214,7,4,15.7,42.6,45917.0
2026-03-22,DS1007,Mumbai,Tier 1,treated,192,182,6,4,14.64,53.3,47908.0
2026-03-22,DS1008,Chennai,Tier 1,control,209,198,6,5,18.55,35.0,50216.0
2026-03-22,DS1009,Hyderabad,Tier 1,control,223,210,12,1,14.02,54.2,56983.0
2026-03-22,DS1010,Lucknow,Tier 2,control,65,65,0,0,16.93,35.0,13905.0
2026-03-22,DS1011,Pune,Tier 1,control,170,168,2,0,19.04,35.0,39879.0
2026-03-22,DS1012,Bengaluru,Tier 1,treated,209,200,7,2,15.51,47.1,49519.0
2026-03-22,DS1013,Pune,Tier 1,control,185,176,6,3,15.33,37.9,40950.0
2026-03-22,DS1014,Hyderabad,Tier 1,control,194,177,11,6,20.3,35.0,42229.0
2026-03-22,DS1015,Jaipur,Tier 2,control,140,136,2,2,15.56,43.6,26886.0
2026-03-22,DS1016,Mumbai,Tier 1,treated,224,218,5,1,14.15,65.9,43343.0
2026-03-22,DS1017,Chennai,Tier 1,control,169,165,3,1,14.73,51.7,45959.0
2026-03-22,DS1018,Bhopal,Tier 2,control,75,70,5,0,16.32,36.2,14087.0
2026-03-22,DS1019,Hyderabad,Tier 1,control,199,191,5,3,18.53,35.0,41922.0
2026-03-22,DS1020,Jaipur,Tier 2,control,130,124,5,1,18.71,35.0,27347.0
2026-03-22,DS1021,Bengaluru,Tier 1,treated,108,104,2,2,14.35,55.8,22417.0
2026-03-22,DS1022,Lucknow,Tier 2,control,154,147,7,0,14.77,44.2,30030.0
2026-03-22,DS1023,Mumbai,Tier 1,treated,175,164,7,4,13.16,64.9,28595.0
2026-03-22,DS1024,Mumbai,Tier 1,treated,260,246,13,1,16.13,38.1,55708.0
2026-03-22,DS1025,Jaipur,Tier 2,control,123,115,6,2,15.47,41.7,22427.0
2026-03-22,DS1026,Delhi NCR,Tier 1,treated,197,188,6,3,17.23,35.0,52970.0
2026-03-22,DS1027,Mumbai,Tier 1,treated,159,152,6,1,15.32,48.7,28977.0
2026-03-22,DS1028,Bhopal,Tier 2,control,155,148,4,3,15.55,49.5,34809.0
2026-03-22,DS1029,Jaipur,Tier 2,control,104,100,3,1,15.73,40.1,20195.0
2026-03-22,DS1030,Pune,Tier 1,control,270,256,10,4,16.24,39.3,56285.0
2026-03-22,DS1031,Mumbai,Tier 1,treated,156,151,3,2,15.9,35.0,39700.0
2026-03-22,DS1032,Chennai,Tier 1,control,197,187,8,2,17.27,35.0,35124.0
2026-03-22,DS1033,Jaipur,Tier 2,control,70,67,2,1,20.24,35.0,14795.0
2026-03-22,DS1034,Mumbai,Tier 1,treated,173,166,6,1,17.42,35.0,35996.0
2026-03-22,DS1035,Pune,Tier 1,control,227,220,4,3,17.02,35.0,55908.0
2026-03-22,DS1036,Lucknow,Tier 2,control,77,71,4,2,13.13,70.5,14247.0
2026-03-22,DS1037,Lucknow,Tier 2,control,141,130,9,2,16.94,35.0,27560.0
2026-03-22,DS1038,Delhi NCR,Tier 1,treated,177,165,9,3,12.63,77.0,27981.0
2026-03-22,DS1039,Lucknow,Tier 2,control,105,99,3,3,14.02,63.1,16248.0
2026-03-22,DS1040,Hyderabad,Tier 1,control,173,161,8,4,18.24,35.0,35133.0
2026-03-22,DS1041,Lucknow,Tier 2,control,114,104,9,1,18.04,35.0,23320.0
2026-03-22,DS1042,Jaipur,Tier 2,control,124,119,3,2,16.66,35.0,24015.0
2026-03-22,DS1043,Indore,Tier 2,control,90,82,7,1,13.58,65.2,17370.0
2026-03-22,DS1044,Bengaluru,Tier 1,treated,165,156,9,0,14.73,48.9,37835.0
2026-03-22,DS1045,Delhi NCR,Tier 1,treated,191,177,11,3,16.18,36.2,48680.0
2026-03-22,DS1046,Bengaluru,Tier 1,treated,156,149,5,2,16.64,35.0,34169.0
2026-03-22,DS1047,Bengaluru,Tier 1,treated,152,145,5,2,20.09,35.0,29866.0
2026-03-22,DS1048,Mumbai,Tier 1,treated,199,191,7,1,16.19,35.7,47938.0
2026-03-22,DS1049,Jaipur,Tier 2,control,143,138,4,1,14.17,60.1,38369.0
2026-03-22,DS1050,Chennai,Tier 1,control,138,137,1,0,13.09,70.9,33762.0
2026-03-22,DS1051,Chennai,Tier 1,control,177,171,2,4,16.82,35.0,27966.0
2026-03-22,DS1052,Jaipur,Tier 2,control,115,103,10,2,17.37,35.0,23852.0
2026-03-22,DS1053,Bhopal,Tier 2,control,101,100,1,0,15.38,51.2,19709.0
2026-03-22,DS1054,Pune,Tier 1,control,213,206,5,2,17.41,35.0,51530.0
2026-03-22,DS1055,Delhi NCR,Tier 1,treated,183,174,7,2,15.24,49.3,36979.0
2026-03-22,DS1056,Delhi NCR,Tier 1,treated,225,209,14,2,17.0,35.0,54448.0
2026-03-22,DS1057,Delhi NCR,Tier 1,treated,182,172,9,1,19.1,35.0,42197.0
2026-03-22,DS1058,Chennai,Tier 1,control,208,203,4,1,17.14,35.0,59314.0
2026-03-22,DS1059,Mumbai,Tier 1,treated,178,169,7,2,16.54,35.0,38443.0
2026-03-23,DS1000,Pune,Tier 1,control,222,208,9,5,17.1,35.0,41646.0
2026-03-23,DS1001,Bengaluru,Tier 1,treated,213,206,6,1,18.18,35.0,46003.0
2026-03-23,DS1002,Mumbai,Tier 1,treated,177,167,8,2,15.69,47.1,39447.0
2026-03-23,DS1003,Lucknow,Tier 2,control,115,105,8,2,15.57,38.9,19534.0
2026-03-23,DS1004,Pune,Tier 1,control,160,152,6,2,13.63,66.7,38293.0
2026-03-23,DS1005,Pune,Tier 1,control,132,127,5,0,17.6,35.0,20313.0
2026-03-23,DS1006,Pune,Tier 1,control,229,217,9,3,13.07,76.6,63776.0
2026-03-23,DS1007,Mumbai,Tier 1,treated,177,172,4,1,13.98,56.0,45972.0
2026-03-23,DS1008,Chennai,Tier 1,control,201,192,4,5,18.24,35.0,47124.0
2026-03-23,DS1009,Hyderabad,Tier 1,control,231,219,8,4,14.3,58.0,59872.0
2026-03-23,DS1010,Lucknow,Tier 2,control,84,81,1,2,19.02,35.0,13233.0
2026-03-23,DS1011,Pune,Tier 1,control,162,157,4,1,17.15,35.0,26911.0
2026-03-23,DS1012,Bengaluru,Tier 1,treated,192,183,6,3,17.62,35.0,42117.0
2026-03-23,DS1013,Pune,Tier 1,control,226,220,4,2,17.41,35.0,53532.0
2026-03-23,DS1014,Hyderabad,Tier 1,control,212,205,7,0,18.07,35.0,47965.0
2026-03-23,DS1015,Jaipur,Tier 2,control,127,116,11,0,15.25,41.5,23123.0
2026-03-23,DS1016,Mumbai,Tier 1,treated,210,202,4,4,15.72,35.0,54563.0
2026-03-23,DS1017,Chennai,Tier 1,control,147,133,7,7,13.46,66.0,35692.0
2026-03-23,DS1018,Bhopal,Tier 2,control,80,74,6,0,17.06,35.0,12598.0
2026-03-23,DS1019,Hyderabad,Tier 1,control,249,234,10,5,19.73,35.0,42524.0
2026-03-23,DS1020,Jaipur,Tier 2,control,123,119,1,3,18.33,35.0,24201.0
2026-03-23,DS1021,Bengaluru,Tier 1,treated,127,117,10,0,14.62,51.7,22965.0
2026-03-23,DS1022,Lucknow,Tier 2,control,152,146,5,1,14.06,66.9,27677.0
2026-03-23,DS1023,Mumbai,Tier 1,treated,207,198,6,3,15.83,35.0,44967.0
2026-03-23,DS1024,Mumbai,Tier 1,treated,256,245,8,3,17.3,35.0,51011.0
2026-03-23,DS1025,Jaipur,Tier 2,control,112,102,6,4,17.47,35.0,19077.0
2026-03-23,DS1026,Delhi NCR,Tier 1,treated,174,169,4,1,17.9,35.0,37706.0
2026-03-23,DS1027,Mumbai,Tier 1,treated,161,153,6,2,16.38,35.0,41337.0
2026-03-23,DS1028,Bhopal,Tier 2,control,162,158,4,0,16.27,36.2,27223.0
2026-03-23,DS1029,Jaipur,Tier 2,control,124,119,5,0,15.44,42.9,24683.0
2026-03-23,DS1030,Pune,Tier 1,control,261,253,5,3,16.2,35.3,65099.0
2026-03-23,DS1031,Mumbai,Tier 1,treated,192,185,6,1,15.38,53.8,45561.0
2026-03-23,DS1032,Chennai,Tier 1,control,188,184,4,0,17.82,35.0,39297.0
2026-03-23,DS1033,Jaipur,Tier 2,control,80,79,1,0,20.57,35.0,16896.0
2026-03-23,DS1034,Mumbai,Tier 1,treated,191,183,8,0,16.72,35.0,51813.0
2026-03-23,DS1035,Pune,Tier 1,control,252,236,12,4,15.47,39.1,62452.0
2026-03-23,DS1036,Lucknow,Tier 2,control,77,74,3,0,15.14,46.3,9465.0
2026-03-23,DS1037,Lucknow,Tier 2,control,126,123,3,0,16.5,35.0,24970.0
2026-03-23,DS1038,Delhi NCR,Tier 1,treated,223,216,5,2,12.91,68.1,53911.0
2026-03-23,DS1039,Lucknow,Tier 2,control,84,80,4,0,15.1,52.5,15909.0
2026-03-23,DS1040,Hyderabad,Tier 1,control,146,133,12,1,16.96,35.0,28088.0
2026-03-23,DS1041,Lucknow,Tier 2,control,105,99,4,2,17.46,35.0,18622.0
2026-03-23,DS1042,Jaipur,Tier 2,control,133,125,8,0,18.16,35.0,25890.0
2026-03-23,DS1043,Indore,Tier 2,control,97,88,7,2,13.93,60.0,16887.0
2026-03-23,DS1044,Bengaluru,Tier 1,treated,164,156,5,3,17.12,35.0,42458.0
2026-03-23,DS1045,Delhi NCR,Tier 1,treated,175,164,8,3,14.8,56.0,42076.0
2026-03-23,DS1046,Bengaluru,Tier 1,treated,170,161,6,3,18.5,35.0,42518.0
2026-03-23,DS1047,Bengaluru,Tier 1,treated,165,162,1,2,20.85,35.0,38779.0
2026-03-23,DS1048,Mumbai,Tier 1,treated,211,205,4,2,16.87,35.0,48112.0
2026-03-23,DS1049,Jaipur,Tier 2,control,127,123,3,1,15.2,46.9,24184.0
2026-03-23,DS1050,Chennai,Tier 1,control,133,128,3,2,-1.399,66.8,26641.0
2026-03-23,DS1051,Chennai,Tier 1,control,204,197,6,1,15.8,44.4,52254.0
2026-03-23,DS1052,Jaipur,Tier 2,control,83,78,4,1,17.96,35.0,16938.0
2026-03-23,DS1053,Bhopal,Tier 2,control,75,71,3,1,15.53,45.1,13180.0
2026-03-23,DS1054,Pune,Tier 1,control,228,216,9,3,16.33,41.0,48599.0
2026-03-23,DS1055,Delhi NCR,Tier 1,treated,180,172,5,3,13.32,72.9,35794.0
2026-03-23,DS1056,Delhi NCR,Tier 1,treated,259,247,10,2,17.44,35.0,52909.0
2026-03-23,DS1057,Delhi NCR,Tier 1,treated,177,164,8,5,18.92,35.0,34853.0
2026-03-23,DS1058,Chennai,Tier 1,control,166,150,11,5,17.17,35.0,37353.0
2026-03-23,DS1059,Mumbai,Tier 1,treated,151,151,0,0,14.98,49.5,35508.0
2026-03-24,DS1000,Pune,Tier 1,control,195,183,9,3,15.08,49.3,44937.0
2026-03-24,DS1001,Bengaluru,Tier 1,treated,177,164,10,3,19.88,35.0,40681.0
2026-03-24,DS1002,Mumbai,Tier 1,treated,214,200,11,3,15.55,45.0,37724.0
2026-03-24,DS1003,Lucknow,Tier 2,control,108,102,4,2,16.88,35.0,23079.0
2026-03-24,DS1004,Pune,Tier 1,control,136,128,6,2,14.24,61.0,31067.0
2026-03-24,DS1005,Pune,Tier 1,control,142,136,6,0,16.31,36.6,36882.0
2026-03-24,DS1006,Pune,Tier 1,control,224,209,8,7,14.14,62.3,52720.0
2026-03-24,DS1007,Mumbai,Tier 1,treated,184,174,7,3,15.31,46.4,44818.0
2026-03-24,DS1008,Chennai,Tier 1,control,182,175,2,5,18.18,35.0,49074.0
2026-03-24,DS1009,Hyderabad,Tier 1,control,227,214,10,3,-1.542,39.6,43338.0
2026-03-24,DS1010,Lucknow,Tier 2,control,68,68,0,0,17.62,35.0,15796.0
2026-03-24,DS1011,Pune,Tier 1,control,165,157,4,4,18.61,35.0,39025.0
2026-03-24,DS1012,Bengaluru,Tier 1,treated,184,174,8,2,17.26,35.0,38559.0
2026-03-24,DS1013,Pune,Tier 1,control,192,185,4,3,17.93,35.0,45770.0
2026-03-24,DS1014,Hyderabad,Tier 1,control,211,206,4,1,20.76,35.0,57833.0
2026-03-24,DS1015,Jaipur,Tier 2,control,129,120,7,2,16.25,35.3,22901.0
2026-03-24,DS1016,Mumbai,Tier 1,treated,210,197,12,1,15.46,52.5,44581.0
2026-03-24,DS1017,Chennai,Tier 1,control,152,148,3,1,14.77,46.3,29610.0
2026-03-24,DS1018,Bhopal,Tier 2,control,89,83,5,1,17.56,35.0,14380.0
2026-03-24,DS1019,Hyderabad,Tier 1,control,238,225,9,4,17.93,35.0,42924.0
2026-03-24,DS1020,Jaipur,Tier 2,control,99,88,7,4,16.8,35.0,19351.0
2026-03-24,DS1021,Bengaluru,Tier 1,treated,128,123,4,1,16.12,40.1,25060.0
2026-03-24,DS1022,Lucknow,Tier 2,control,115,107,7,1,15.38,49.9,23267.0
2026-03-24,DS1023,Mumbai,Tier 1,treated,208,197,10,1,16.23,40.0,44518.0
2026-03-24,DS1024,Mumbai,Tier 1,treated,271,261,5,5,17.21,35.0,48669.0
2026-03-24,DS1025,Jaipur,Tier 2,control,99,95,3,1,16.46,35.0,18507.0
2026-03-24,DS1026,Delhi NCR,Tier 1,treated,189,184,4,1,16.41,35.0,43217.0
2026-03-24,DS1027,Mumbai,Tier 1,treated,163,160,3,0,16.18,37.5,41972.0
2026-03-24,DS1028,Bhopal,Tier 2,control,142,136,5,1,15.94,36.2,26306.0
2026-03-24,DS1029,Jaipur,Tier 2,control,104,100,3,1,16.72,35.0,25165.0
2026-03-24,DS1030,Pune,Tier 1,control,268,254,10,4,17.15,35.0,60628.0
2026-03-24,DS1031,Mumbai,Tier 1,treated,163,156,7,0,15.0,50.5,36543.0
2026-03-24,DS1032,Chennai,Tier 1,control,205,197,7,1,18.74,35.0,35747.0
2026-03-24,DS1033,Jaipur,Tier 2,control,90,87,2,1,19.44,35.0,17322.0
2026-03-24,DS1034,Mumbai,Tier 1,treated,187,181,4,2,17.88,35.0,43747.0
2026-03-24,DS1035,Pune,Tier 1,control,232,217,11,4,15.15,44.8,49327.0
2026-03-24,DS1036,Lucknow,Tier 2,control,103,98,3,2,13.9,61.2,23124.0
2026-03-24,DS1037,Lucknow,Tier 2,control,153,149,4,0,17.28,35.0,32893.0
2026-03-24,DS1038,Delhi NCR,Tier 1,treated,202,195,7,0,13.64,59.2,49682.0
2026-03-24,DS1039,Lucknow,Tier 2,control,98,91,7,0,13.82,53.1,20355.0
2026-03-24,DS1040,Hyderabad,Tier 1,control,161,154,4,3,17.59,35.0,39670.0
2026-03-24,DS1041,Lucknow,Tier 2,control,114,109,5,0,17.31,35.0,17399.0
2026-03-24,DS1042,Jaipur,Tier 2,control,113,112,1,0,16.17,42.5,26960.0
2026-03-24,DS1043,Indore,Tier 2,control,93,88,5,0,12.65,84.0,15717.0
2026-03-24,DS1044,Bengaluru,Tier 1,treated,160,156,2,2,13.94,62.5,39158.0
2026-03-24,DS1045,Delhi NCR,Tier 1,treated,186,176,9,1,13.51,62.3,39874.0
2026-03-24,DS1046,Bengaluru,Tier 1,treated,168,162,3,3,16.44,35.0,37824.0
2026-03-24,DS1047,Bengaluru,Tier 1,treated,165,158,4,3,20.59,35.0,31443.0
2026-03-24,DS1048,Mumbai,Tier 1,treated,171,165,5,1,17.44,35.0,41314.0
2026-03-24,DS1049,Jaipur,Tier 2,control,120,112,6,2,16.41,36.2,26869.0
2026-03-24,DS1050,Chennai,Tier 1,control,138,128,9,1,14.66,50.4,28155.0
2026-03-24,DS1051,Chennai,Tier 1,control,209,195,11,3,17.38,35.0,36079.0
2026-03-24,DS1052,Jaipur,Tier 2,control,113,105,8,0,15.57,41.6,22661.0
2026-03-24,DS1053,Bhopal,Tier 2,control,93,90,3,0,13.33,67.8,16974.0
2026-03-24,DS1054,Pune,Tier 1,control,233,218,10,5,17.0,35.0,62791.0
2026-03-24,DS1055,Delhi NCR,Tier 1,treated,187,181,5,1,12.64,71.1,33337.0
2026-03-24,DS1056,Delhi NCR,Tier 1,treated,226,208,10,8,18.34,35.0,60255.0
2026-03-24,DS1057,Delhi NCR,Tier 1,treated,170,162,5,3,18.62,35.0,38847.0
2026-03-24,DS1058,Chennai,Tier 1,control,223,214,8,1,19.22,35.0,38787.0
2026-03-24,DS1059,Mumbai,Tier 1,treated,173,162,7,4,16.17,38.6,41825.0
2026-03-25,DS1000,Pune,Tier 1,control,203,194,7,2,17.6,35.0,46670.0
2026-03-25,DS1001,Bengaluru,Tier 1,treated,164,160,3,1,20.7,35.0,35517.0
2026-03-25,DS1002,Mumbai,Tier 1,treated,148,138,4,6,15.43,47.1,29993.0
2026-03-25,DS1003,Lucknow,Tier 2,control,108,100,7,1,15.83,38.5,24417.0
2026-03-25,DS1004,Pune,Tier 1,control,126,121,5,0,15.2,44.2,30254.0
2026-03-25,DS1005,Pune,Tier 1,control,144,142,2,0,18.42,35.0,34563.0
2026-03-25,DS1006,Pune,Tier 1,control,249,240,7,2,14.56,56.7,48902.0
2026-03-25,DS1007,Mumbai,Tier 1,treated,194,183,9,2,13.85,59.2,37126.0
2026-03-25,DS1008,Chennai,Tier 1,control,203,190,5,8,16.22,38.1,39409.0
2026-03-25,DS1009,Hyderabad,Tier 1,control,228,218,10,0,14.39,57.4,49076.0
2026-03-25,DS1010,Lucknow,Tier 2,control,86,85,1,0,19.36,35.0,17325.0
2026-03-25,DS1011,Pune,Tier 1,control,164,153,8,3,18.99,35.0,34528.0
2026-03-25,DS1012,Bengaluru,Tier 1,treated,202,186,12,4,17.29,35.0,41560.0
2026-03-25,DS1013,Pune,Tier 1,control,198,187,9,2,17.5,35.0,38311.0
2026-03-25,DS1014,Hyderabad,Tier 1,control,179,173,3,3,20.26,35.0,36949.0
2026-03-25,DS1015,Jaipur,Tier 2,control,114,108,3,3,15.92,35.0,24289.0
2026-03-25,DS1016,Mumbai,Tier 1,treated,205,191,8,6,14.63,59.5,46242.0
2026-03-25,DS1017,Chennai,Tier 1,control,160,150,6,4,14.43,55.0,41265.0
2026-03-25,DS1018,Bhopal,Tier 2,control,87,80,3,4,15.09,44.9,11743.0
2026-03-25,DS1019,Hyderabad,Tier 1,control,237,233,4,0,20.02,35.0,50770.0
2026-03-25,DS1020,Jaipur,Tier 2,control,141,132,5,4,17.56,35.0,32906.0
2026-03-25,DS1021,Bengaluru,Tier 1,treated,124,116,4,4,14.36,56.9,29466.0
2026-03-25,DS1022,Lucknow,Tier 2,control,153,150,3,0,16.3,35.0,25795.0
2026-03-25,DS1023,Mumbai,Tier 1,treated,205,191,10,4,15.2,45.3,53108.0
2026-03-25,DS1024,Mumbai,Tier 1,treated,228,219,5,4,15.17,46.4,42761.0
2026-03-25,DS1025,Jaipur,Tier 2,control,87,79,7,1,15.23,44.9,16180.0
2026-03-25,DS1026,Delhi NCR,Tier 1,treated,188,182,5,1,16.02,44.0,45586.0
2026-03-25,DS1027,Mumbai,Tier 1,treated,154,147,3,4,17.37,35.0,42990.0
2026-03-25,DS1028,Bhopal,Tier 2,control,145,137,6,2,15.67,51.2,25382.0
2026-03-25,DS1029,Jaipur,Tier 2,control,122,121,0,1,16.85,36.7,22175.0
2026-03-25,DS1030,Pune,Tier 1,control,249,240,6,3,15.47,42.1,62261.0
2026-03-25,DS1031,Mumbai,Tier 1,treated,154,146,8,0,17.21,35.0,41307.0
2026-03-25,DS1032,Chennai,Tier 1,control,209,204,5,0,16.84,35.0,45544.0
2026-03-25,DS1033,Jaipur,Tier 2,control,86,79,6,1,19.04,35.0,18589.0
2026-03-25,DS1034,Mumbai,Tier 1,treated,192,177,8,7,17.2,35.0,41254.0
2026-03-25,DS1035,Pune,Tier 1,control,233,227,6,0,18.37,35.0,55706.0
2026-03-25,DS1036,Lucknow,Tier 2,control,68,66,2,0,12.72,78.6,12410.0
2026-03-25,DS1037,Lucknow,Tier 2,control,132,124,5,3,16.36,35.0,23045.0
2026-03-25,DS1038,Delhi NCR,Tier 1,treated,221,216,4,1,12.95,76.9,55948.0
2026-03-25,DS1039,Lucknow,Tier 2,control,112,109,2,1,12.71,77.0,24426.0
2026-03-25,DS1040,Hyderabad,Tier 1,control,190,181,7,2,17.0,35.0,45132.0
2026-03-25,DS1041,Lucknow,Tier 2,control,103,102,1,0,18.31,35.0,24575.0
2026-03-25,DS1042,Jaipur,Tier 2,control,119,114,4,1,14.79,55.7,24820.0
2026-03-25,DS1043,Indore,Tier 2,control,99,92,6,1,13.81,65.8,19533.0
2026-03-25,DS1044,Bengaluru,Tier 1,treated,176,164,10,2,16.33,35.0,38469.0
2026-03-25,DS1045,Delhi NCR,Tier 1,treated,183,173,8,2,16.51,35.0,48628.0
2026-03-25,DS1046,Bengaluru,Tier 1,treated,148,140,7,1,17.47,35.0,27741.0
2026-03-25,DS1047,Bengaluru,Tier 1,treated,146,142,2,2,19.19,35.0,29937.0
2026-03-25,DS1048,Mumbai,Tier 1,treated,171,161,7,3,17.2,35.0,37639.0
2026-03-25,DS1049,Jaipur,Tier 2,control,142,136,4,2,13.64,63.7,27137.0
2026-03-25,DS1050,Chennai,Tier 1,control,135,130,3,2,14.55,60.5,33412.0
2026-03-25,DS1051,Chennai,Tier 1,control,224,215,6,3,16.97,35.0,55034.0
2026-03-25,DS1052,Jaipur,Tier 2,control,108,104,3,1,14.78,56.6,22004.0
2026-03-25,DS1053,Bhopal,Tier 2,control,93,90,3,0,15.17,47.2,13960.0
2026-03-25,DS1054,Pune,Tier 1,control,211,202,4,5,16.87,35.0,54267.0
2026-03-25,DS1055,Delhi NCR,Tier 1,treated,170,161,4,5,15.19,49.7,32613.0
2026-03-25,DS1056,Delhi NCR,Tier 1,treated,230,221,8,1,16.18,35.0,63608.0
2026-03-25,DS1057,Delhi NCR,Tier 1,treated,173,163,8,2,19.16,35.0,44183.0
2026-03-25,DS1058,Chennai,Tier 1,control,190,184,4,2,18.32,35.0,48201.0
2026-03-25,DS1059,Mumbai,Tier 1,treated,176,169,6,1,16.48,39.3,38869.0
2026-03-26,DS1000,Pune,Tier 1,control,219,209,5,5,17.93,35.0,38606.0
2026-03-26,DS1001,Bengaluru,Tier 1,treated,194,179,10,5,20.48,35.0,44542.0
2026-03-26,DS1002,Mumbai,Tier 1,treated,182,169,7,6,16.58,35.0,29850.0
2026-03-26,DS1003,Lucknow,Tier 2,control,100,97,3,0,16.79,35.0,18991.0
2026-03-26,DS1004,Pune,Tier 1,control,121,116,4,1,15.74,40.9,23745.0
2026-03-26,DS1005,Pune,Tier 1,control,140,136,4,0,16.67,35.0,32324.0
2026-03-26,DS1006,Pune,Tier 1,control,257,247,7,3,14.4,68.2,61162.0
2026-03-26,DS1007,Mumbai,Tier 1,treated,168,161,4,3,13.54,62.8,37717.0
2026-03-26,DS1008,Chennai,Tier 1,control,187,181,5,1,17.46,35.0,40668.0
2026-03-26,DS1009,Hyderabad,Tier 1,control,247,238,8,1,14.42,59.0,65789.0
2026-03-26,DS1010,Lucknow,Tier 2,control,68,67,0,1,17.94,35.0,12427.0
2026-03-26,DS1011,Pune,Tier 1,control,193,181,11,1,19.49,35.0,40533.0
2026-03-26,DS1012,Bengaluru,Tier 1,treated,184,178,5,1,17.53,35.0,44108.0
2026-03-26,DS1013,Pune,Tier 1,control,220,211,5,4,18.93,35.0,52447.0
2026-03-26,DS1014,Hyderabad,Tier 1,control,158,152,5,1,19.06,35.0,36554.0
2026-03-26,DS1015,Jaipur,Tier 2,control,132,128,3,1,15.45,45.8,32199.0
2026-03-26,DS1016,Mumbai,Tier 1,treated,206,203,1,2,15.92,42.9,42817.0
2026-03-26,DS1017,Chennai,Tier 1,control,150,141,7,2,13.48,73.8,32968.0
2026-03-26,DS1018,Bhopal,Tier 2,control,96,88,6,2,14.7,59.8,18036.0
2026-03-26,DS1019,Hyderabad,Tier 1,control,222,218,4,0,18.96,35.0,56480.0
2026-03-26,DS1020,Jaipur,Tier 2,control,126,120,3,3,18.79,35.0,24005.0
2026-03-26,DS1021,Bengaluru,Tier 1,treated,130,125,4,1,15.37,44.4,26541.0
2026-03-26,DS1022,Lucknow,Tier 2,control,144,136,7,1,15.08,47.7,27076.0
2026-03-26,DS1023,Mumbai,Tier 1,treated,229,219,9,1,14.05,67.0,50476.0
2026-03-26,DS1024,Mumbai,Tier 1,treated,266,254,9,3,18.45,35.0,56781.0
2026-03-26,DS1025,Jaipur,Tier 2,control,96,91,4,1,16.23,41.9,12922.0
2026-03-26,DS1026,Delhi NCR,Tier 1,treated,191,182,5,4,15.7,38.2,43790.0
2026-03-26,DS1027,Mumbai,Tier 1,treated,148,145,3,0,16.0,35.2,31631.0
2026-03-26,DS1028,Bhopal,Tier 2,control,175,167,6,2,15.38,45.0,42962.0
2026-03-26,DS1029,Jaipur,Tier 2,control,93,92,1,0,15.64,46.2,15098.0
2026-03-26,DS1030,Pune,Tier 1,control,271,260,8,3,18.06,35.0,62109.0
2026-03-26,DS1031,Mumbai,Tier 1,treated,169,164,3,2,16.05,43.0,25149.0
2026-03-26,DS1032,Chennai,Tier 1,control,214,206,8,0,18.36,35.0,57504.0
2026-03-26,DS1033,Jaipur,Tier 2,control,76,74,1,1,18.61,35.0,18766.0
2026-03-26,DS1034,Mumbai,Tier 1,treated,191,181,7,3,18.39,35.0,42275.0
2026-03-26,DS1035,Pune,Tier 1,control,222,215,6,1,16.69,35.0,48428.0
2026-03-26,DS1036,Lucknow,Tier 2,control,98,95,2,1,14.29,62.5,18999.0
2026-03-26,DS1037,Lucknow,Tier 2,control,146,139,5,2,18.21,35.0,25978.0
2026-03-26,DS1038,Delhi NCR,Tier 1,treated,192,181,8,3,12.87,74.5,39701.0
2026-03-26,DS1039,Lucknow,Tier 2,control,106,103,2,1,14.6,57.1,13285.0
2026-03-26,DS1040,Hyderabad,Tier 1,control,187,179,6,2,17.8,35.0,44435.0
2026-03-26,DS1041,Lucknow,Tier 2,control,114,107,4,3,16.11,35.0,21084.0
2026-03-26,DS1042,Jaipur,Tier 2,control,121,115,3,3,15.07,50.5,26389.0
2026-03-26,DS1043,Indore,Tier 2,control,103,97,4,2,13.41,71.7,16004.0
2026-03-26,DS1044,Bengaluru,Tier 1,treated,175,166,5,4,13.42,68.1,35905.0
2026-03-26,DS1045,Delhi NCR,Tier 1,treated,170,160,8,2,14.84,44.9,32996.0
2026-03-26,DS1046,Bengaluru,Tier 1,treated,168,162,5,1,14.78,46.4,34427.0
2026-03-26,DS1047,Bengaluru,Tier 1,treated,150,140,7,3,21.14,35.0,31815.0
2026-03-26,DS1048,Mumbai,Tier 1,treated,166,155,6,5,16.89,35.0,37851.0
2026-03-26,DS1049,Jaipur,Tier 2,control,139,133,6,0,15.58,44.0,31846.0
2026-03-26,DS1050,Chennai,Tier 1,control,143,134,7,2,12.64,74.5,35306.0
2026-03-26,DS1051,Chennai,Tier 1,control,196,189,5,2,15.34,48.7,47776.0
2026-03-26,DS1052,Jaipur,Tier 2,control,96,91,4,1,15.88,37.2,19228.0
2026-03-26,DS1053,Bhopal,Tier 2,control,93,91,2,0,15.37,44.5,15931.0
2026-03-26,DS1054,Pune,Tier 1,control,239,222,15,2,16.49,35.0,39691.0
2026-03-26,DS1055,Delhi NCR,Tier 1,treated,182,178,2,2,15.88,35.3,50874.0
2026-03-26,DS1056,Delhi NCR,Tier 1,treated,249,229,13,7,19.25,35.0,61394.0
2026-03-26,DS1057,Delhi NCR,Tier 1,treated,143,139,1,3,17.56,35.0,33354.0
2026-03-26,DS1058,Chennai,Tier 1,control,208,199,7,2,19.21,35.0,60342.0
2026-03-26,DS1059,Mumbai,Tier 1,treated,214,203,10,1,15.91,44.1,44881.0
2026-03-27,DS1000,Pune,Tier 1,control,256,242,8,6,17.92,35.0,50803.0
2026-03-27,DS1001,Bengaluru,Tier 1,treated,224,209,10,5,19.97,35.0,52327.0
2026-03-27,DS1002,Mumbai,Tier 1,treated,225,216,5,4,15.59,38.1,48401.0
2026-03-27,DS1003,Lucknow,Tier 2,control,112,109,1,2,14.91,44.7,20662.0
2026-03-27,DS1004,Pune,Tier 1,control,169,161,7,1,15.42,46.3,40355.0
2026-03-27,DS1005,Pune,Tier 1,control,159,152,7,0,16.39,35.0,40699.0
2026-03-27,DS1006,Pune,Tier 1,control,284,268,10,6,14.34,47.9,69787.0
2026-03-27,DS1007,Mumbai,Tier 1,treated,222,213,7,2,14.21,55.5,44789.0
2026-03-27,DS1008,Chennai,Tier 1,control,233,229,4,0,18.02,35.0,60004.0
2026-03-27,DS1009,Hyderabad,Tier 1,control,309,290,14,5,13.57,74.2,69733.0
2026-03-27,DS1010,Lucknow,Tier 2,control,84,79,2,3,18.72,35.0,15119.0
2026-03-27,DS1011,Pune,Tier 1,control,238,226,9,3,17.49,35.0,54683.0
2026-03-27,DS1012,Bengaluru,Tier 1,treated,233,223,6,4,15.97,39.2,51954.0
2026-03-27,DS1013,Pune,Tier 1,control,246,236,7,3,17.19,35.0,66908.0
2026-03-27,DS1014,Hyderabad,Tier 1,control,237,232,4,1,18.05,35.0,57103.0
2026-03-27,DS1015,Jaipur,Tier 2,control,150,147,3,0,15.43,46.8,21772.0
2026-03-27,DS1016,Mumbai,Tier 1,treated,211,203,5,3,14.43,61.9,49806.0
2026-03-27,DS1017,Chennai,Tier 1,control,194,183,7,4,14.74,48.6,34783.0
2026-03-27,DS1018,Bhopal,Tier 2,control,105,100,5,0,14.87,52.3,21649.0
2026-03-27,DS1019,Hyderabad,Tier 1,control,288,278,6,4,19.44,35.0,71831.0
2026-03-27,DS1020,Jaipur,Tier 2,control,166,156,10,0,-1.765,35.0,34064.0
2026-03-27,DS1021,Bengaluru,Tier 1,treated,156,149,4,3,14.59,54.7,32545.0
2026-03-27,DS1022,Lucknow,Tier 2,control,141,137,3,1,15.47,41.9,29350.0
2026-03-27,DS1023,Mumbai,Tier 1,treated,245,233,9,3,16.42,37.1,55973.0
2026-03-27,DS1024,Mumbai,Tier 1,treated,304,295,8,1,18.5,35.0,55359.0
2026-03-27,DS1025,Jaipur,Tier 2,control,118,115,3,0,16.97,35.0,17741.0
2026-03-27,DS1026,Delhi NCR,Tier 1,treated,227,214,11,2,14.93,53.4,59045.0
2026-03-27,DS1027,Mumbai,Tier 1,treated,190,179,9,2,17.74,35.0,47234.0
2026-03-27,DS1028,Bhopal,Tier 2,control,191,186,2,3,16.42,35.0,36958.0
2026-03-27,DS1029,Jaipur,Tier 2,control,119,118,1,0,15.8,37.9,24748.0
2026-03-27,DS1030,Pune,Tier 1,control,291,277,13,1,17.56,35.0,54980.0
2026-03-27,DS1031,Mumbai,Tier 1,treated,205,198,5,2,15.93,38.0,56438.0
2026-03-27,DS1032,Chennai,Tier 1,control,248,244,4,0,17.44,35.0,61294.0
2026-03-27,DS1033,Jaipur,Tier 2,control,80,75,5,0,19.79,35.0,16282.0
2026-03-27,DS1034,Mumbai,Tier 1,treated,220,214,4,2,17.9,35.0,51443.0
2026-03-27,DS1035,Pune,Tier 1,control,253,245,7,1,17.28,35.0,64843.0
2026-03-27,DS1036,Lucknow,Tier 2,control,104,99,2,3,14.39,57.8,23187.0
2026-03-27,DS1037,Lucknow,Tier 2,control,136,127,5,4,17.55,35.0,24115.0
2026-03-27,DS1038,Delhi NCR,Tier 1,treated,241,230,7,4,12.42,68.7,42356.0
2026-03-27,DS1039,Lucknow,Tier 2,control,114,110,4,0,14.93,53.1,16424.0
2026-03-27,DS1040,Hyderabad,Tier 1,control,225,218,6,1,16.98,35.0,45572.0
2026-03-27,DS1041,Lucknow,Tier 2,control,108,104,4,0,17.85,35.0,23173.0
2026-03-27,DS1042,Jaipur,Tier 2,control,124,119,5,0,15.84,42.7,21930.0
2026-03-27,DS1043,Indore,Tier 2,control,116,111,5,0,13.97,66.2,28324.0
2026-03-27,DS1044,Bengaluru,Tier 1,treated,197,183,11,3,14.33,53.1,47489.0
2026-03-27,DS1045,Delhi NCR,Tier 1,treated,191,181,7,3,14.2,60.8,45029.0
2026-03-27,DS1046,Bengaluru,Tier 1,treated,164,159,4,1,16.83,35.0,37873.0
2026-03-27,DS1047,Bengaluru,Tier 1,treated,195,177,14,4,21.06,35.0,47670.0
2026-03-27,DS1048,Mumbai,Tier 1,treated,235,226,5,4,15.92,41.5,60832.0
2026-03-27,DS1049,Jaipur,Tier 2,control,168,163,5,0,15.11,52.6,31621.0
2026-03-27,DS1050,Chennai,Tier 1,control,160,150,9,1,15.58,46.0,33192.0
2026-03-27,DS1051,Chennai,Tier 1,control,252,243,7,2,14.66,56.1,65064.0
2026-03-27,DS1052,Jaipur,Tier 2,control,114,109,4,1,15.56,40.9,19144.0
2026-03-27,DS1053,Bhopal,Tier 2,control,103,99,3,1,14.12,60.6,17107.0
2026-03-27,DS1054,Pune,Tier 1,control,283,275,5,3,15.58,41.4,57082.0
2026-03-27,DS1055,Delhi NCR,Tier 1,treated,214,202,10,2,14.38,56.9,44739.0
2026-03-27,DS1056,Delhi NCR,Tier 1,treated,290,282,7,1,18.3,35.0,80960.0
2026-03-27,DS1057,Delhi NCR,Tier 1,treated,191,181,7,3,17.11,35.0,28813.0
2026-03-27,DS1058,Chennai,Tier 1,control,249,238,9,2,17.76,35.0,55746.0
2026-03-27,DS1059,Mumbai,Tier 1,treated,245,235,7,3,14.99,50.1,53770.0
2026-03-28,DS1000,Pune,Tier 1,control,279,261,14,4,18.04,35.0,51585.0
2026-03-28,DS1001,Bengaluru,Tier 1,treated,209,201,8,0,19.49,35.0,46575.0
2026-03-28,DS1002,Mumbai,Tier 1,treated,222,208,11,3,16.21,35.0,50793.0
2026-03-28,DS1003,Lucknow,Tier 2,control,122,118,3,1,16.65,35.0,25240.0
2026-03-28,DS1004,Pune,Tier 1,control,178,168,8,2,16.05,38.7,36726.0
2026-03-28,DS1005,Pune,Tier 1,control,173,169,2,2,16.83,35.0,38618.0
2026-03-28,DS1006,Pune,Tier 1,control,254,241,9,4,14.07,63.6,48263.0
2026-03-28,DS1007,Mumbai,Tier 1,treated,213,202,8,3,15.86,42.9,43266.0
2026-03-28,DS1008,Chennai,Tier 1,control,221,203,12,6,18.3,35.0,57315.0
2026-03-28,DS1009,Hyderabad,Tier 1,control,286,275,8,3,15.58,40.8,61003.0
2026-03-28,DS1010,Lucknow,Tier 2,control,89,85,3,1,18.05,35.0,15747.0
2026-03-28,DS1011,Pune,Tier 1,control,221,209,7,5,17.78,35.0,45654.0
2026-03-28,DS1012,Bengaluru,Tier 1,treated,239,226,13,0,17.74,35.0,53530.0
2026-03-28,DS1013,Pune,Tier 1,control,259,253,5,1,17.25,35.0,62612.0
2026-03-28,DS1014,Hyderabad,Tier 1,control,229,215,10,4,19.67,35.0,52111.0
2026-03-28,DS1015,Jaipur,Tier 2,control,166,158,5,3,16.93,35.0,24809.0
2026-03-28,DS1016,Mumbai,Tier 1,treated,217,209,5,3,14.36,55.8,46699.0
2026-03-28,DS1017,Chennai,Tier 1,control,195,191,3,1,13.89,58.7,48236.0
2026-03-28,DS1018,Bhopal,Tier 2,control,118,113,4,1,17.25,35.0,21902.0
2026-03-28,DS1019,Hyderabad,Tier 1,control,258,243,9,6,19.06,35.0,54485.0
2026-03-28,DS1020,Jaipur,Tier 2,control,151,145,4,2,18.44,35.0,29961.0
2026-03-28,DS1021,Bengaluru,Tier 1,treated,147,137,6,4,13.5,64.4,31324.0
2026-03-28,DS1022,Lucknow,Tier 2,control,176,164,9,3,15.72,37.6,34518.0
2026-03-28,DS1023,Mumbai,Tier 1,treated,262,253,6,3,15.04,46.2,65783.0
2026-03-28,DS1024,Mumbai,Tier 1,treated,301,288,9,4,16.55,35.0,78330.0
2026-03-28,DS1025,Jaipur,Tier 2,control,112,110,2,0,15.79,38.3,18990.0
2026-03-28,DS1026,Delhi NCR,Tier 1,treated,223,218,4,1,16.22,39.7,66527.0
2026-03-28,DS1027,Mumbai,Tier 1,treated,215,203,11,1,17.39,35.0,54432.0
2026-03-28,DS1028,Bhopal,Tier 2,control,176,167,8,1,15.75,45.2,21553.0
2026-03-28,DS1029,Jaipur,Tier 2,control,133,128,5,0,16.75,35.0,30830.0
2026-03-28,DS1030,Pune,Tier 1,control,286,279,5,2,18.19,35.0,56493.0
2026-03-28,DS1031,Mumbai,Tier 1,treated,185,177,8,0,16.11,35.0,35204.0
2026-03-28,DS1032,Chennai,Tier 1,control,224,218,4,2,17.6,35.0,55528.0
2026-03-28,DS1033,Jaipur,Tier 2,control,84,80,3,1,18.77,35.0,15661.0
2026-03-28,DS1034,Mumbai,Tier 1,treated,225,218,5,2,18.33,35.0,40274.0
2026-03-28,DS1035,Pune,Tier 1,control,248,241,6,1,14.59,51.3,55003.0
2026-03-28,DS1036,Lucknow,Tier 2,control,116,111,5,0,14.08,61.2,24029.0
2026-03-28,DS1037,Lucknow,Tier 2,control,138,131,6,1,16.0,39.1,28236.0
2026-03-28,DS1038,Delhi NCR,Tier 1,treated,255,245,8,2,12.83,69.9,48575.0
2026-03-28,DS1039,Lucknow,Tier 2,control,111,107,2,2,14.22,63.0,19197.0
2026-03-28,DS1040,Hyderabad,Tier 1,control,223,211,6,6,16.92,35.0,53400.0
2026-03-28,DS1041,Lucknow,Tier 2,control,139,131,7,1,18.37,35.0,20988.0
2026-03-28,DS1042,Jaipur,Tier 2,control,130,124,4,2,15.86,40.1,28866.0
2026-03-28,DS1043,Indore,Tier 2,control,128,123,3,2,12.27,80.6,20062.0
2026-03-28,DS1044,Bengaluru,Tier 1,treated,216,205,9,2,14.22,66.3,47859.0
2026-03-28,DS1045,Delhi NCR,Tier 1,treated,240,229,8,3,15.25,47.9,63444.0
2026-03-28,DS1046,Bengaluru,Tier 1,treated,174,165,6,3,16.79,35.0,39306.0
2026-03-28,DS1047,Bengaluru,Tier 1,treated,182,176,5,1,20.88,35.0,44018.0
2026-03-28,DS1048,Mumbai,Tier 1,treated,217,208,8,1,17.19,35.0,40749.0
2026-03-28,DS1049,Jaipur,Tier 2,control,145,143,2,0,15.69,37.3,23746.0
2026-03-28,DS1050,Chennai,Tier 1,control,176,162,12,2,14.82,54.2,39099.0
2026-03-28,DS1051,Chennai,Tier 1,control,239,233,5,1,15.4,46.1,48247.0
2026-03-28,DS1052,Jaipur,Tier 2,control,111,106,3,2,16.82,35.0,22492.0
2026-03-28,DS1053,Bhopal,Tier 2,control,117,109,4,4,13.94,59.0,20882.0
2026-03-28,DS1054,Pune,Tier 1,control,243,233,6,4,16.93,35.0,44183.0
2026-03-28,DS1055,Delhi NCR,Tier 1,treated,207,198,8,1,15.14,52.3,44351.0
2026-03-28,DS1056,Delhi NCR,Tier 1,treated,312,301,9,2,19.72,35.0,60813.0
2026-03-28,DS1057,Delhi NCR,Tier 1,treated,208,194,13,1,17.19,35.0,49606.0
2026-03-28,DS1058,Chennai,Tier 1,control,251,238,7,6,19.26,35.0,51277.0
2026-03-28,DS1059,Mumbai,Tier 1,treated,230,221,7,2,14.26,60.0,59734.0
2026-03-29,DS1000,Pune,Tier 1,control,202,195,6,1,18.02,35.0,46692.0
2026-03-29,DS1001,Bengaluru,Tier 1,treated,193,188,4,1,19.7,35.0,39245.0
2026-03-29,DS1002,Mumbai,Tier 1,treated,188,178,5,5,15.9,42.2,44129.0
2026-03-29,DS1003,Lucknow,Tier 2,control,111,106,2,3,15.59,42.5,18548.0
2026-03-29,DS1004,Pune,Tier 1,control,173,163,6,4,13.26,71.0,41152.0
2026-03-29,DS1005,Pune,Tier 1,control,167,156,10,1,17.57,35.0,34640.0
2026-03-29,DS1006,Pune,Tier 1,control,211,199,9,3,13.94,64.2,53967.0
2026-03-29,DS1007,Mumbai,Tier 1,treated,177,168,7,2,13.75,65.4,39421.0
2026-03-29,DS1008,Chennai,Tier 1,control,188,170,16,2,19.34,35.0,34979.0
2026-03-29,DS1009,Hyderabad,Tier 1,control,231,223,8,0,14.54,55.5,57766.0
2026-03-29,DS1010,Lucknow,Tier 2,control,76,71,2,3,18.12,35.0,16903.0
2026-03-29,DS1011,Pune,Tier 1,control,153,145,8,0,17.16,35.0,35304.0
2026-03-29,DS1012,Bengaluru,Tier 1,treated,208,198,7,3,15.75,42.3,48504.0
2026-03-29,DS1013,Pune,Tier 1,control,209,198,7,4,17.51,35.0,45238.0
2026-03-29,DS1014,Hyderabad,Tier 1,control,164,156,7,1,20.26,35.0,31101.0
2026-03-29,DS1015,Jaipur,Tier 2,control,127,126,0,1,16.08,37.3,25801.0
2026-03-29,DS1016,Mumbai,Tier 1,treated,188,181,4,3,14.56,56.7,42476.0
2026-03-29,DS1017,Chennai,Tier 1,control,169,163,4,2,13.78,60.8,34096.0
2026-03-29,DS1018,Bhopal,Tier 2,control,113,109,3,1,15.89,41.8,19591.0
2026-03-29,DS1019,Hyderabad,Tier 1,control,237,229,8,0,18.89,35.0,55671.0
2026-03-29,DS1020,Jaipur,Tier 2,control,141,131,5,5,17.71,35.0,30959.0
2026-03-29,DS1021,Bengaluru,Tier 1,treated,127,122,4,1,14.16,60.1,30724.0
2026-03-29,DS1022,Lucknow,Tier 2,control,136,131,4,1,16.6,35.0,19825.0
2026-03-29,DS1023,Mumbai,Tier 1,treated,247,234,9,4,14.57,57.2,65054.0
2026-03-29,DS1024,Mumbai,Tier 1,treated,228,220,6,2,15.87,39.5,47243.0
2026-03-29,DS1025,Jaipur,Tier 2,control,101,98,3,0,16.58,35.0,22664.0
2026-03-29,DS1026,Delhi NCR,Tier 1,treated,200,191,4,5,16.93,35.0,28558.0
2026-03-29,DS1027,Mumbai,Tier 1,treated,145,139,2,4,16.86,35.0,35044.0
2026-03-29,DS1028,Bhopal,Tier 2,control,158,150,6,2,14.54,56.0,25572.0
2026-03-29,DS1029,Jaipur,Tier 2,control,92,92,0,0,17.82,35.0,17481.0
2026-03-29,DS1030,Pune,Tier 1,control,232,219,10,3,17.92,35.0,52969.0
2026-03-29,DS1031,Mumbai,Tier 1,treated,185,178,7,0,15.71,43.3,45402.0
2026-03-29,DS1032,Chennai,Tier 1,control,185,176,9,0,15.93,47.3,40312.0
2026-03-29,DS1033,Jaipur,Tier 2,control,68,63,2,3,18.67,35.0,14184.0
2026-03-29,DS1034,Mumbai,Tier 1,treated,196,189,5,2,17.39,35.0,51429.0
2026-03-29,DS1035,Pune,Tier 1,control,222,214,5,3,17.14,35.0,54440.0
2026-03-29,DS1036,Lucknow,Tier 2,control,105,99,4,2,14.47,52.3,19729.0
2026-03-29,DS1037,Lucknow,Tier 2,control,150,144,6,0,16.88,35.0,32773.0
2026-03-29,DS1038,Delhi NCR,Tier 1,treated,205,194,8,3,12.41,76.8,49355.0
2026-03-29,DS1039,Lucknow,Tier 2,control,88,84,4,0,13.81,66.6,17781.0
2026-03-29,DS1040,Hyderabad,Tier 1,control,195,186,7,2,19.48,35.0,42195.0
2026-03-29,DS1041,Lucknow,Tier 2,control,98,93,5,0,17.0,35.0,20014.0
2026-03-29,DS1042,Jaipur,Tier 2,control,142,136,5,1,15.57,45.7,29700.0
2026-03-29,DS1043,Indore,Tier 2,control,92,91,1,0,13.46,74.0,15087.0
2026-03-29,DS1044,Bengaluru,Tier 1,treated,172,166,4,2,15.68,35.0,42212.0
2026-03-29,DS1045,Delhi NCR,Tier 1,treated,178,173,4,1,14.8,52.8,38646.0
2026-03-29,DS1046,Bengaluru,Tier 1,treated,153,143,7,3,-1.5030000000000001,53.0,33492.0
2026-03-29,DS1047,Bengaluru,Tier 1,treated,128,123,2,3,19.78,35.0,26576.0
2026-03-29,DS1048,Mumbai,Tier 1,treated,174,164,8,2,18.32,35.0,38834.0
2026-03-29,DS1049,Jaipur,Tier 2,control,133,129,3,1,15.59,40.7,30957.0
2026-03-29,DS1050,Chennai,Tier 1,control,163,157,6,0,12.92,70.9,28992.0
2026-03-29,DS1051,Chennai,Tier 1,control,213,202,7,4,17.28,35.0,54428.0
2026-03-29,DS1052,Jaipur,Tier 2,control,92,88,2,2,15.89,43.6,18212.0
2026-03-29,DS1053,Bhopal,Tier 2,control,104,96,6,2,13.47,62.5,19246.0
2026-03-29,DS1054,Pune,Tier 1,control,225,214,7,4,15.32,48.9,43933.0
2026-03-29,DS1055,Delhi NCR,Tier 1,treated,199,188,8,3,14.81,53.2,51422.0
2026-03-29,DS1056,Delhi NCR,Tier 1,treated,255,246,6,3,16.22,40.0,58159.0
2026-03-29,DS1057,Delhi NCR,Tier 1,treated,159,154,5,0,18.22,35.0,35799.0
2026-03-29,DS1058,Chennai,Tier 1,control,188,180,5,3,16.44,35.0,46998.0
2026-03-29,DS1059,Mumbai,Tier 1,treated,177,167,7,3,14.67,56.3,37309.0
2026-03-30,DS1000,Pune,Tier 1,control,206,197,6,3,17.07,35.0,39712.0
2026-03-30,DS1001,Bengaluru,Tier 1,treated,212,198,8,6,20.17,35.0,46200.0
2026-03-30,DS1002,Mumbai,Tier 1,treated,200,189,10,1,15.21,46.1,47352.0
2026-03-30,DS1003,Lucknow,Tier 2,control,116,111,3,2,16.92,35.0,22879.0
2026-03-30,DS1004,Pune,Tier 1,control,162,153,8,1,15.73,41.4,42883.0
2026-03-30,DS1005,Pune,Tier 1,control,164,153,8,3,16.45,35.0,36433.0
2026-03-30,DS1006,Pune,Tier 1,control,204,193,9,2,14.95,55.6,64926.0
2026-03-30,DS1007,Mumbai,Tier 1,treated,189,181,7,1,14.33,58.6,44936.0
2026-03-30,DS1008,Chennai,Tier 1,control,188,178,7,3,18.76,35.0,50812.0
2026-03-30,DS1009,Hyderabad,Tier 1,control,251,245,6,0,13.96,58.9,61067.0
2026-03-30,DS1010,Lucknow,Tier 2,control,59,57,0,2,16.87,35.0,10655.0
2026-03-30,DS1011,Pune,Tier 1,control,170,158,6,6,17.74,35.0,34764.0
2026-03-30,DS1012,Bengaluru,Tier 1,treated,218,205,10,3,17.16,35.0,57822.0
2026-03-30,DS1013,Pune,Tier 1,control,222,210,11,1,16.63,35.0,52467.0
2026-03-30,DS1014,Hyderabad,Tier 1,control,175,165,9,1,19.15,35.0,46505.0
2026-03-30,DS1015,Jaipur,Tier 2,control,128,122,3,3,15.58,44.3,21040.0
2026-03-30,DS1016,Mumbai,Tier 1,treated,205,195,7,3,14.39,59.3,42146.0
2026-03-30,DS1017,Chennai,Tier 1,control,163,159,3,1,12.73,79.2,37181.0
2026-03-30,DS1018,Bhopal,Tier 2,control,82,78,4,0,18.4,35.0,16077.0
2026-03-30,DS1019,Hyderabad,Tier 1,control,256,241,12,3,18.97,35.0,62851.0
2026-03-30,DS1020,Jaipur,Tier 2,control,112,110,2,0,17.26,35.0,22495.0
2026-03-30,DS1021,Bengaluru,Tier 1,treated,121,118,2,1,15.01,57.1,26659.0
2026-03-30,DS1022,Lucknow,Tier 2,control,164,158,4,2,15.57,48.8,35806.0
2026-03-30,DS1023,Mumbai,Tier 1,treated,220,214,5,1,15.8,39.8,47890.0
2026-03-30,DS1024,Mumbai,Tier 1,treated,240,235,4,1,18.1,35.0,58870.0
2026-03-30,DS1025,Jaipur,Tier 2,control,112,105,4,3,17.05,37.0,27368.0
2026-03-30,DS1026,Delhi NCR,Tier 1,treated,180,176,3,1,17.4,35.0,44026.0
2026-03-30,DS1027,Mumbai,Tier 1,treated,148,138,7,3,15.52,44.4,34240.0
2026-03-30,DS1028,Bhopal,Tier 2,control,165,160,5,0,15.89,45.9,34153.0
2026-03-30,DS1029,Jaipur,Tier 2,control,115,110,5,0,17.89,35.0,23441.0
2026-03-30,DS1030,Pune,Tier 1,control,260,246,12,2,15.11,42.4,66516.0
2026-03-30,DS1031,Mumbai,Tier 1,treated,171,160,8,3,15.15,48.7,38007.0
2026-03-30,DS1032,Chennai,Tier 1,control,222,216,3,3,18.31,35.0,54905.0
2026-03-30,DS1033,Jaipur,Tier 2,control,86,79,5,2,18.13,35.0,15929.0
2026-03-30,DS1034,Mumbai,Tier 1,treated,184,177,5,2,17.75,35.0,50075.0
2026-03-30,DS1035,Pune,Tier 1,control,219,206,11,2,16.34,35.0,56550.0
2026-03-30,DS1036,Lucknow,Tier 2,control,83,79,3,1,12.69,77.5,16263.0
2026-03-30,DS1037,Lucknow,Tier 2,control,120,115,4,1,16.3,35.7,26041.0
2026-03-30,DS1038,Delhi NCR,Tier 1,treated,203,199,4,0,13.24,70.3,42280.0
2026-03-30,DS1039,Lucknow,Tier 2,control,97,87,9,1,13.32,70.9,17066.0
2026-03-30,DS1040,Hyderabad,Tier 1,control,179,167,9,3,17.61,35.0,35549.0
2026-03-30,DS1041,Lucknow,Tier 2,control,101,95,4,2,17.4,35.0,16461.0
2026-03-30,DS1042,Jaipur,Tier 2,control,136,132,3,1,15.96,42.8,19133.0
2026-03-30,DS1043,Indore,Tier 2,control,97,93,2,2,15.25,47.3,23382.0
2026-03-30,DS1044,Bengaluru,Tier 1,treated,175,171,3,1,16.4,37.9,41371.0
2026-03-30,DS1045,Delhi NCR,Tier 1,treated,179,169,7,3,14.79,54.1,52400.0
2026-03-30,DS1046,Bengaluru,Tier 1,treated,153,144,7,2,17.02,35.0,40226.0
2026-03-30,DS1047,Bengaluru,Tier 1,treated,155,151,2,2,21.1,35.0,39225.0
2026-03-30,DS1048,Mumbai,Tier 1,treated,207,200,5,2,16.29,35.0,52517.0
2026-03-30,DS1049,Jaipur,Tier 2,control,136,133,3,0,13.98,67.3,31707.0
2026-03-30,DS1050,Chennai,Tier 1,control,126,121,4,1,13.28,68.8,29410.0
2026-03-30,DS1051,Chennai,Tier 1,control,198,189,8,1,15.73,47.5,44428.0
2026-03-30,DS1052,Jaipur,Tier 2,control,108,101,4,3,16.81,35.0,17445.0
2026-03-30,DS1053,Bhopal,Tier 2,control,90,88,2,0,14.28,58.2,17798.0
2026-03-30,DS1054,Pune,Tier 1,control,204,191,11,2,15.33,53.5,51385.0
2026-03-30,DS1055,Delhi NCR,Tier 1,treated,200,192,7,1,15.41,45.6,45550.0
2026-03-30,DS1056,Delhi NCR,Tier 1,treated,255,240,11,4,17.9,35.0,67007.0
2026-03-30,DS1057,Delhi NCR,Tier 1,treated,182,172,9,1,16.58,37.1,40440.0
2026-03-30,DS1058,Chennai,Tier 1,control,242,234,7,1,17.63,35.0,59390.0
2026-03-30,DS1059,Mumbai,Tier 1,treated,199,189,6,4,15.98,35.0,49090.0
2026-03-31,DS1000,Pune,Tier 1,control,232,221,10,1,17.71,35.0,61060.0
2026-03-31,DS1001,Bengaluru,Tier 1,treated,207,194,10,3,19.78,35.0,46164.0
2026-03-31,DS1002,Mumbai,Tier 1,treated,204,193,10,1,15.8,38.4,44341.0
2026-03-31,DS1003,Lucknow,Tier 2,control,105,103,2,0,16.44,36.5,18611.0
2026-03-31,DS1004,Pune,Tier 1,control,162,156,3,3,15.03,44.8,39246.0
2026-03-31,DS1005,Pune,Tier 1,control,156,149,6,1,17.82,35.0,32505.0
2026-03-31,DS1006,Pune,Tier 1,control,229,213,15,1,12.25,71.0,50609.0
2026-03-31,DS1007,Mumbai,Tier 1,treated,197,183,12,2,15.3,45.3,33965.0
2026-03-31,DS1008,Chennai,Tier 1,control,184,173,10,1,18.24,35.0,39030.0
2026-03-31,DS1009,Hyderabad,Tier 1,control,222,214,5,3,14.91,52.3,54455.0
2026-03-31,DS1010,Lucknow,Tier 2,control,77,72,4,1,18.99,35.0,16881.0
2026-03-31,DS1011,Pune,Tier 1,control,218,209,6,3,19.83,35.0,44215.0
2026-03-31,DS1012,Bengaluru,Tier 1,treated,218,209,6,3,17.14,35.0,51996.0
2026-03-31,DS1013,Pune,Tier 1,control,195,184,11,0,16.72,35.0,44198.0
2026-03-31,DS1014,Hyderabad,Tier 1,control,174,169,4,1,19.5,35.0,41478.0
2026-03-31,DS1015,Jaipur,Tier 2,control,113,109,2,2,16.62,35.0,21467.0
2026-03-31,DS1016,Mumbai,Tier 1,treated,206,199,5,2,15.62,38.1,39515.0
2026-03-31,DS1017,Chennai,Tier 1,control,143,137,4,2,12.9,76.6,35708.0
2026-03-31,DS1018,Bhopal,Tier 2,control,86,84,1,1,15.77,39.3,15455.0
2026-03-31,DS1019,Hyderabad,Tier 1,control,220,206,11,3,18.11,35.0,40701.0
2026-03-31,DS1020,Jaipur,Tier 2,control,125,118,4,3,18.55,35.0,22752.0
2026-03-31,DS1021,Bengaluru,Tier 1,treated,130,125,3,2,14.77,51.7,26395.0
2026-03-31,DS1022,Lucknow,Tier 2,control,140,128,8,4,13.38,68.7,29854.0
2026-03-31,DS1023,Mumbai,Tier 1,treated,219,206,11,2,17.32,35.0,49838.0
2026-03-31,DS1024,Mumbai,Tier 1,treated,255,247,4,4,17.53,35.0,60383.0
2026-03-31,DS1025,Jaipur,Tier 2,control,120,111,5,4,15.5,38.2,24391.0
2026-03-31,DS1026,Delhi NCR,Tier 1,treated,193,188,3,2,17.57,35.0,50558.0
2026-03-31,DS1027,Mumbai,Tier 1,treated,146,141,3,2,17.92,35.0,35677.0
2026-03-31,DS1028,Bhopal,Tier 2,control,175,169,5,1,15.71,45.9,36871.0
2026-03-31,DS1029,Jaipur,Tier 2,control,105,98,4,3,15.57,54.9,17870.0
2026-03-31,DS1030,Pune,Tier 1,control,230,221,8,1,17.74,35.0,46771.0
2026-03-31,DS1031,Mumbai,Tier 1,treated,166,160,5,1,14.16,55.9,37842.0
2026-03-31,DS1032,Chennai,Tier 1,control,202,191,8,3,16.86,35.0,41414.0
2026-03-31,DS1033,Jaipur,Tier 2,control,71,67,3,1,19.32,35.0,11530.0
2026-03-31,DS1034,Mumbai,Tier 1,treated,191,186,4,1,17.26,35.0,47719.0
2026-03-31,DS1035,Pune,Tier 1,control,246,238,8,0,16.58,35.0,47593.0
2026-03-31,DS1036,Lucknow,Tier 2,control,73,72,1,0,14.48,55.1,13186.0
2026-03-31,DS1037,Lucknow,Tier 2,control,139,134,3,2,16.36,38.6,30196.0
2026-03-31,DS1038,Delhi NCR,Tier 1,treated,181,173,6,2,12.85,72.2,45742.0
2026-03-31,DS1039,Lucknow,Tier 2,control,105,98,5,2,15.07,54.0,14964.0
2026-03-31,DS1040,Hyderabad,Tier 1,control,160,154,5,1,17.01,35.0,34798.0
2026-03-31,DS1041,Lucknow,Tier 2,control,116,110,2,4,18.12,35.0,25248.0
2026-03-31,DS1042,Jaipur,Tier 2,control,131,128,3,0,16.52,39.4,26429.0
2026-03-31,DS1043,Indore,Tier 2,control,114,110,4,0,14.96,49.7,25074.0
2026-03-31,DS1044,Bengaluru,Tier 1,treated,156,150,6,0,15.86,42.2,34422.0
2026-03-31,DS1045,Delhi NCR,Tier 1,treated,192,165,21,6,17.12,35.0,37341.0
2026-03-31,DS1046,Bengaluru,Tier 1,treated,168,159,6,3,18.36,35.0,37206.0
2026-03-31,DS1047,Bengaluru,Tier 1,treated,146,142,4,0,21.07,35.0,29225.0
2026-03-31,DS1048,Mumbai,Tier 1,treated,192,182,7,3,17.96,35.0,35216.0
2026-03-31,DS1049,Jaipur,Tier 2,control,145,141,3,1,15.5,37.7,26673.0
2026-03-31,DS1050,Chennai,Tier 1,control,132,125,6,1,13.42,65.6,27617.0
2026-03-31,DS1051,Chennai,Tier 1,control,211,202,7,2,15.27,41.8,38813.0
2026-03-31,DS1052,Jaipur,Tier 2,control,84,79,4,1,15.54,41.0,13831.0
2026-03-31,DS1053,Bhopal,Tier 2,control,91,88,3,0,14.04,50.0,16559.0
2026-03-31,DS1054,Pune,Tier 1,control,189,178,9,2,14.86,48.6,42212.0
2026-03-31,DS1055,Delhi NCR,Tier 1,treated,170,164,6,0,14.55,53.1,38818.0
2026-03-31,DS1056,Delhi NCR,Tier 1,treated,259,254,3,2,17.4,35.0,66441.0
2026-03-31,DS1057,Delhi NCR,Tier 1,treated,162,158,4,0,17.59,35.0,35643.0
2026-03-31,DS1058,Chennai,Tier 1,control,206,195,9,2,19.44,35.0,44509.0
2026-03-31,DS1059,Mumbai,Tier 1,treated,199,189,6,4,14.85,51.2,49244.0
2026-04-01,DS1000,Pune,Tier 1,control,228,217,9,2,16.63,35.0,39421.0
2026-04-01,DS1001,Bengaluru,Tier 1,treated,192,183,6,3,17.79,35.0,47630.0
2026-04-01,DS1002,Mumbai,Tier 1,treated,184,177,5,2,14.53,55.7,38255.0
2026-04-01,DS1003,Lucknow,Tier 2,control,121,109,9,3,16.12,35.0,21061.0
2026-04-01,DS1004,Pune,Tier 1,control,165,156,8,1,14.4,60.1,33139.0
2026-04-01,DS1005,Pune,Tier 1,control,140,135,4,1,16.94,35.0,34187.0
2026-04-01,DS1006,Pune,Tier 1,control,211,204,6,1,15.5,45.9,46796.0
2026-04-01,DS1007,Mumbai,Tier 1,treated,178,169,8,1,13.75,64.6,46282.0
2026-04-01,DS1008,Chennai,Tier 1,control,208,199,5,4,18.22,35.0,51624.0
2026-04-01,DS1009,Hyderabad,Tier 1,control,250,242,6,2,16.28,35.0,46195.0
2026-04-01,DS1010,Lucknow,Tier 2,control,78,77,1,0,18.4,35.0,16551.0
2026-04-01,DS1011,Pune,Tier 1,control,174,165,8,1,19.33,35.0,39941.0
2026-04-01,DS1012,Bengaluru,Tier 1,treated,234,221,8,5,15.38,43.7,48056.0
2026-04-01,DS1013,Pune,Tier 1,control,173,165,6,2,16.34,35.0,38045.0
2026-04-01,DS1014,Hyderabad,Tier 1,control,206,193,10,3,18.25,35.0,55130.0
2026-04-01,DS1015,Jaipur,Tier 2,control,127,116,7,4,16.27,39.5,18815.0
2026-04-01,DS1016,Mumbai,Tier 1,treated,182,178,3,1,13.5,68.6,36376.0
2026-04-01,DS1017,Chennai,Tier 1,control,167,161,5,1,13.51,70.6,39541.0
2026-04-01,DS1018,Bhopal,Tier 2,control,88,83,4,1,16.24,35.0,17951.0
2026-04-01,DS1019,Hyderabad,Tier 1,control,239,232,5,2,20.03,35.0,51034.0
2026-04-01,DS1020,Jaipur,Tier 2,control,120,116,3,1,18.02,35.0,22307.0
2026-04-01,DS1021,Bengaluru,Tier 1,treated,121,112,7,2,12.62,70.6,24649.0
2026-04-01,DS1022,Lucknow,Tier 2,control,150,140,7,3,14.82,58.0,26474.0
2026-04-01,DS1023,Mumbai,Tier 1,treated,201,190,6,5,14.92,48.4,49977.0
2026-04-01,DS1024,Mumbai,Tier 1,treated,245,231,10,4,15.71,46.1,56714.0
2026-04-01,DS1025,Jaipur,Tier 2,control,101,93,6,2,16.12,37.3,20750.0
2026-04-01,DS1026,Delhi NCR,Tier 1,treated,189,183,5,1,14.68,58.5,43372.0
2026-04-01,DS1027,Mumbai,Tier 1,treated,164,154,9,1,15.81,40.7,35093.0
2026-04-01,DS1028,Bhopal,Tier 2,control,179,169,7,3,17.54,35.0,26256.0
2026-04-01,DS1029,Jaipur,Tier 2,control,111,109,2,0,17.84,35.0,24801.0
2026-04-01,DS1030,Pune,Tier 1,control,240,235,4,1,15.82,38.4,50254.0
2026-04-01,DS1031,Mumbai,Tier 1,treated,179,170,7,2,15.19,45.5,43049.0
2026-04-01,DS1032,Chennai,Tier 1,control,220,207,10,3,18.02,35.0,54983.0
2026-04-01,DS1033,Jaipur,Tier 2,control,101,97,2,2,19.98,35.0,25188.0
2026-04-01,DS1034,Mumbai,Tier 1,treated,195,185,8,2,14.63,57.4,45448.0
2026-04-01,DS1035,Pune,Tier 1,control,235,226,2,7,16.16,35.6,42688.0
2026-04-01,DS1036,Lucknow,Tier 2,control,82,80,1,1,14.68,48.3,17411.0
2026-04-01,DS1037,Lucknow,Tier 2,control,150,143,7,0,15.78,39.9,29206.0
2026-04-01,DS1038,Delhi NCR,Tier 1,treated,205,199,5,1,13.28,75.0,52382.0
2026-04-01,DS1039,Lucknow,Tier 2,control,108,106,1,1,14.86,51.8,17173.0
2026-04-01,DS1040,Hyderabad,Tier 1,control,197,187,9,1,17.66,35.0,47008.0
2026-04-01,DS1041,Lucknow,Tier 2,control,112,107,4,1,16.67,35.0,25930.0
2026-04-01,DS1042,Jaipur,Tier 2,control,113,108,5,0,15.74,44.0,22268.0
2026-04-01,DS1043,Indore,Tier 2,control,84,81,2,1,12.35,73.3,15562.0
2026-04-01,DS1044,Bengaluru,Tier 1,treated,161,158,2,1,13.32,68.3,35014.0
2026-04-01,DS1045,Delhi NCR,Tier 1,treated,199,189,8,2,13.99,61.2,43701.0
2026-04-01,DS1046,Bengaluru,Tier 1,treated,152,144,6,2,15.42,52.3,28448.0
2026-04-01,DS1047,Bengaluru,Tier 1,treated,161,156,4,1,18.16,35.0,38758.0
2026-04-01,DS1048,Mumbai,Tier 1,treated,162,151,7,4,15.44,46.8,36409.0
2026-04-01,DS1049,Jaipur,Tier 2,control,146,142,2,2,13.61,66.1,27952.0
2026-04-01,DS1050,Chennai,Tier 1,control,137,131,4,2,13.98,65.0,25064.0
2026-04-01,DS1051,Chennai,Tier 1,control,203,198,3,2,15.93,35.0,45920.0
2026-04-01,DS1052,Jaipur,Tier 2,control,103,102,1,0,14.91,42.9,24223.0
2026-04-01,DS1053,Bhopal,Tier 2,control,113,107,6,0,14.13,55.1,23476.0
2026-04-01,DS1054,Pune,Tier 1,control,234,230,3,1,15.49,46.9,58490.0
2026-04-01,DS1055,Delhi NCR,Tier 1,treated,190,181,5,4,12.48,80.2,31666.0
2026-04-01,DS1056,Delhi NCR,Tier 1,treated,236,226,7,3,16.88,35.0,54881.0
2026-04-01,DS1057,Delhi NCR,Tier 1,treated,175,166,9,0,15.93,44.0,37451.0
2026-04-01,DS1058,Chennai,Tier 1,control,239,231,6,2,17.88,35.0,56386.0
2026-04-01,DS1059,Mumbai,Tier 1,treated,192,184,6,2,13.93,65.4,45885.0
2026-04-02,DS1000,Pune,Tier 1,control,207,204,2,1,16.11,40.1,44570.0
2026-04-02,DS1001,Bengaluru,Tier 1,treated,203,188,14,1,17.64,35.0,49483.0
2026-04-02,DS1002,Mumbai,Tier 1,treated,175,168,6,1,14.23,56.7,50187.0
2026-04-02,DS1003,Lucknow,Tier 2,control,117,103,9,5,17.09,35.0,20979.0
2026-04-02,DS1004,Pune,Tier 1,control,152,144,6,2,14.83,48.6,37038.0
2026-04-02,DS1005,Pune,Tier 1,control,155,154,0,1,14.41,60.3,36458.0
2026-04-02,DS1006,Pune,Tier 1,control,220,215,5,0,14.8,54.8,44428.0
2026-04-02,DS1007,Mumbai,Tier 1,treated,177,169,8,0,14.6,60.7,37085.0
2026-04-02,DS1008,Chennai,Tier 1,control,210,193,13,4,17.8,35.0,51573.0
2026-04-02,DS1009,Hyderabad,Tier 1,control,207,199,6,2,14.13,59.9,43497.0
2026-04-02,DS1010,Lucknow,Tier 2,control,77,72,2,3,17.35,35.0,17098.0
2026-04-02,DS1011,Pune,Tier 1,control,161,154,5,2,18.97,35.0,30634.0
2026-04-02,DS1012,Bengaluru,Tier 1,treated,222,206,13,3,14.78,50.0,46126.0
2026-04-02,DS1013,Pune,Tier 1,control,199,188,10,1,16.73,35.0,44971.0
2026-04-02,DS1014,Hyderabad,Tier 1,control,195,189,6,0,20.53,35.0,45156.0
2026-04-02,DS1015,Jaipur,Tier 2,control,128,122,6,0,15.12,44.4,24904.0
2026-04-02,DS1016,Mumbai,Tier 1,treated,227,216,5,6,15.23,47.7,48201.0
2026-04-02,DS1017,Chennai,Tier 1,control,163,158,3,2,13.86,65.7,32426.0
2026-04-02,DS1018,Bhopal,Tier 2,control,121,119,2,0,16.46,35.2,27184.0
2026-04-02,DS1019,Hyderabad,Tier 1,control,227,218,5,4,17.49,35.0,54137.0
2026-04-02,DS1020,Jaipur,Tier 2,control,125,121,3,1,17.92,35.0,21068.0
2026-04-02,DS1021,Bengaluru,Tier 1,treated,123,121,2,0,14.22,54.0,23578.0
2026-04-02,DS1022,Lucknow,Tier 2,control,130,122,6,2,16.04,37.3,23457.0
2026-04-02,DS1023,Mumbai,Tier 1,treated,240,230,9,1,13.91,63.8,55192.0
2026-04-02,DS1024,Mumbai,Tier 1,treated,264,254,8,2,15.85,37.9,49720.0
2026-04-02,DS1025,Jaipur,Tier 2,control,117,115,2,0,15.4,42.1,23224.0
2026-04-02,DS1026,Delhi NCR,Tier 1,treated,163,153,9,1,15.69,43.9,39722.0
2026-04-02,DS1027,Mumbai,Tier 1,treated,169,162,6,1,15.47,42.3,42590.0
2026-04-02,DS1028,Bhopal,Tier 2,control,156,151,2,3,16.17,35.0,25695.0
2026-04-02,DS1029,Jaipur,Tier 2,control,115,112,2,1,16.47,39.4,21957.0
2026-04-02,DS1030,Pune,Tier 1,control,263,249,10,4,15.91,37.2,70678.0
2026-04-02,DS1031,Mumbai,Tier 1,treated,172,163,7,2,14.23,59.3,39832.0
2026-04-02,DS1032,Chennai,Tier 1,control,238,230,3,5,16.7,35.0,60260.0
2026-04-02,DS1033,Jaipur,Tier 2,control,72,66,4,2,18.76,35.0,13379.0
2026-04-02,DS1034,Mumbai,Tier 1,treated,189,177,8,4,16.73,37.1,40122.0
2026-04-02,DS1035,Pune,Tier 1,control,236,224,7,5,16.09,37.2,43793.0
2026-04-02,DS1036,Lucknow,Tier 2,control,71,70,1,0,13.99,61.0,15875.0
2026-04-02,DS1037,Lucknow,Tier 2,control,139,131,7,1,-1.615,38.2,31282.0
2026-04-02,DS1038,Delhi NCR,Tier 1,treated,198,190,5,3,8.79,98.5,49792.0
2026-04-02,DS1039,Lucknow,Tier 2,control,88,87,1,0,14.31,54.7,14246.0
2026-04-02,DS1040,Hyderabad,Tier 1,control,182,167,14,1,17.26,35.0,45037.0
2026-04-02,DS1041,Lucknow,Tier 2,control,111,97,13,1,17.13,35.0,22099.0
2026-04-02,DS1042,Jaipur,Tier 2,control,119,112,6,1,17.02,35.0,20935.0
2026-04-02,DS1043,Indore,Tier 2,control,111,105,4,2,12.77,78.2,19617.0
2026-04-02,DS1044,Bengaluru,Tier 1,treated,164,154,9,1,13.95,64.4,41034.0
2026-04-02,DS1045,Delhi NCR,Tier 1,treated,190,179,11,0,12.49,73.3,47521.0
2026-04-02,DS1046,Bengaluru,Tier 1,treated,177,166,9,2,16.39,35.0,37731.0
2026-04-02,DS1047,Bengaluru,Tier 1,treated,140,137,2,1,17.71,35.0,32715.0
2026-04-02,DS1048,Mumbai,Tier 1,treated,198,187,9,2,15.04,54.7,42908.0
2026-04-02,DS1049,Jaipur,Tier 2,control,132,126,5,1,14.89,55.9,22351.0
2026-04-02,DS1050,Chennai,Tier 1,control,145,137,8,0,14.31,55.7,32000.0
2026-04-02,DS1051,Chennai,Tier 1,control,174,163,8,3,15.99,40.5,46565.0
2026-04-02,DS1052,Jaipur,Tier 2,control,92,89,2,1,18.33,35.0,19253.0
2026-04-02,DS1053,Bhopal,Tier 2,control,81,79,2,0,14.06,62.0,16507.0
2026-04-02,DS1054,Pune,Tier 1,control,221,210,9,2,16.91,35.0,44506.0
2026-04-02,DS1055,Delhi NCR,Tier 1,treated,181,173,5,3,14.29,61.3,40370.0
2026-04-02,DS1056,Delhi NCR,Tier 1,treated,213,202,9,2,17.74,35.0,46839.0
2026-04-02,DS1057,Delhi NCR,Tier 1,treated,183,174,6,3,17.44,35.0,39825.0
2026-04-02,DS1058,Chennai,Tier 1,control,227,217,7,3,17.06,35.0,43451.0
2026-04-02,DS1059,Mumbai,Tier 1,treated,171,166,4,1,12.22,78.7,40879.0
2026-04-03,DS1000,Pune,Tier 1,control,270,254,12,4,17.52,35.0,59091.0
2026-04-03,DS1001,Bengaluru,Tier 1,treated,208,202,6,0,17.95,35.0,33666.0
2026-04-03,DS1002,Mumbai,Tier 1,treated,237,220,12,5,14.91,46.0,60468.0
2026-04-03,DS1003,Lucknow,Tier 2,control,132,123,8,1,14.94,51.9,30749.0
2026-04-03,DS1004,Pune,Tier 1,control,174,165,8,1,13.11,65.6,37880.0
2026-04-03,DS1005,Pune,Tier 1,control,177,167,8,2,17.34,35.0,43248.0
2026-04-03,DS1006,Pune,Tier 1,control,271,258,13,0,14.47,59.6,75372.0
2026-04-03,DS1007,Mumbai,Tier 1,treated,230,216,10,4,13.0,67.3,62883.0
2026-04-03,DS1008,Chennai,Tier 1,control,251,241,9,1,18.14,35.0,65244.0
2026-04-03,DS1009,Hyderabad,Tier 1,control,295,286,8,1,14.75,49.9,67063.0
2026-04-03,DS1010,Lucknow,Tier 2,control,93,90,3,0,18.73,35.0,15184.0
2026-04-03,DS1011,Pune,Tier 1,control,194,186,7,1,16.94,35.0,42658.0
2026-04-03,DS1012,Bengaluru,Tier 1,treated,229,217,6,6,15.76,39.5,56683.0
2026-04-03,DS1013,Pune,Tier 1,control,242,233,6,3,17.77,35.0,56158.0
2026-04-03,DS1014,Hyderabad,Tier 1,control,206,197,6,3,18.39,35.0,48372.0
2026-04-03,DS1015,Jaipur,Tier 2,control,172,165,6,1,15.36,52.2,27811.0
2026-04-03,DS1016,Mumbai,Tier 1,treated,249,238,9,2,14.9,55.9,64681.0
2026-04-03,DS1017,Chennai,Tier 1,control,159,152,5,2,14.94,51.7,33970.0
2026-04-03,DS1018,Bhopal,Tier 2,control,99,93,3,3,14.72,52.3,18862.0
2026-04-03,DS1019,Hyderabad,Tier 1,control,291,274,14,3,16.96,35.0,55268.0
2026-04-03,DS1020,Jaipur,Tier 2,control,129,125,2,2,18.32,35.0,21791.0
2026-04-03,DS1021,Bengaluru,Tier 1,treated,152,146,5,1,12.39,74.8,34014.0
2026-04-03,DS1022,Lucknow,Tier 2,control,165,155,8,2,16.3,35.0,36511.0
2026-04-03,DS1023,Mumbai,Tier 1,treated,280,263,11,6,13.46,62.1,56606.0
2026-04-03,DS1024,Mumbai,Tier 1,treated,254,241,11,2,15.31,43.8,54493.0
2026-04-03,DS1025,Jaipur,Tier 2,control,115,109,3,3,15.61,43.8,18950.0
2026-04-03,DS1026,Delhi NCR,Tier 1,treated,224,219,3,2,13.13,77.5,59706.0
2026-04-03,DS1027,Mumbai,Tier 1,treated,176,171,3,2,14.59,49.7,37399.0
2026-04-03,DS1028,Bhopal,Tier 2,control,192,185,5,2,17.58,35.0,40214.0
2026-04-03,DS1029,Jaipur,Tier 2,control,139,131,4,4,17.18,35.0,28969.0
2026-04-03,DS1030,Pune,Tier 1,control,297,283,11,3,18.19,35.0,62246.0
2026-04-03,DS1031,Mumbai,Tier 1,treated,195,183,9,3,13.81,63.5,41936.0
2026-04-03,DS1032,Chennai,Tier 1,control,212,202,7,3,16.7,35.0,44040.0
2026-04-03,DS1033,Jaipur,Tier 2,control,88,85,3,0,18.91,35.0,18842.0
2026-04-03,DS1034,Mumbai,Tier 1,treated,239,225,10,4,16.22,35.0,60895.0
2026-04-03,DS1035,Pune,Tier 1,control,265,257,5,3,16.07,36.0,58984.0
2026-04-03,DS1036,Lucknow,Tier 2,control,102,99,3,0,13.42,65.9,20893.0
2026-04-03,DS1037,Lucknow,Tier 2,control,178,174,3,1,16.11,35.0,30349.0
2026-04-03,DS1038,Delhi NCR,Tier 1,treated,236,223,8,5,10.83,89.3,46383.0
2026-04-03,DS1039,Lucknow,Tier 2,control,102,96,3,3,13.46,63.4,16679.0
2026-04-03,DS1040,Hyderabad,Tier 1,control,227,211,10,6,16.73,35.0,51901.0
2026-04-03,DS1041,Lucknow,Tier 2,control,132,123,6,3,17.53,35.0,16709.0
2026-04-03,DS1042,Jaipur,Tier 2,control,118,115,2,1,16.24,37.3,23409.0
2026-04-03,DS1043,Indore,Tier 2,control,148,143,5,0,12.47,69.9,31550.0
2026-04-03,DS1044,Bengaluru,Tier 1,treated,192,179,9,4,12.32,75.8,31765.0
2026-04-03,DS1045,Delhi NCR,Tier 1,treated,205,193,5,7,13.57,71.7,49897.0
2026-04-03,DS1046,Bengaluru,Tier 1,treated,185,170,13,2,15.27,43.2,39925.0
2026-04-03,DS1047,Bengaluru,Tier 1,treated,175,165,8,2,17.55,35.0,40651.0
2026-04-03,DS1048,Mumbai,Tier 1,treated,218,210,5,3,13.51,56.4,46229.0
2026-04-03,DS1049,Jaipur,Tier 2,control,145,137,6,2,14.27,54.9,33768.0
2026-04-03,DS1050,Chennai,Tier 1,control,191,177,10,4,13.15,67.0,45058.0
2026-04-03,DS1051,Chennai,Tier 1,control,234,226,6,2,15.05,47.1,46919.0
2026-04-03,DS1052,Jaipur,Tier 2,control,125,118,4,3,15.57,41.9,26835.0
2026-04-03,DS1053,Bhopal,Tier 2,control,124,113,8,3,14.29,58.1,22089.0
2026-04-03,DS1054,Pune,Tier 1,control,254,244,8,2,15.41,47.4,56006.0
2026-04-03,DS1055,Delhi NCR,Tier 1,treated,221,213,7,1,13.47,62.9,44144.0
2026-04-03,DS1056,Delhi NCR,Tier 1,treated,272,259,11,2,14.63,53.3,62417.0
2026-04-03,DS1057,Delhi NCR,Tier 1,treated,208,197,9,2,16.6,35.0,36587.0
2026-04-03,DS1058,Chennai,Tier 1,control,257,249,7,1,16.73,35.0,63736.0
2026-04-03,DS1059,Mumbai,Tier 1,treated,215,209,3,3,12.39,78.6,53510.0
2026-04-04,DS1000,Pune,Tier 1,control,237,225,7,5,16.21,35.0,47917.0
2026-04-04,DS1001,Bengaluru,Tier 1,treated,229,219,8,2,18.19,35.0,53413.0
2026-04-04,DS1002,Mumbai,Tier 1,treated,261,256,4,1,12.76,67.7,66387.0
2026-04-04,DS1003,Lucknow,Tier 2,control,123,119,3,1,16.59,35.0,22621.0
2026-04-04,DS1004,Pune,Tier 1,control,180,174,4,2,14.89,56.0,37328.0
2026-04-04,DS1005,Pune,Tier 1,control,185,179,4,2,16.22,37.8,40145.0
2026-04-04,DS1006,Pune,Tier 1,control,256,249,4,3,14.38,58.9,55987.0
2026-04-04,DS1007,Mumbai,Tier 1,treated,211,198,11,2,12.86,69.5,39327.0
2026-04-04,DS1008,Chennai,Tier 1,control,203,198,4,1,17.3,35.0,42168.0
2026-04-04,DS1009,Hyderabad,Tier 1,control,271,268,2,1,14.86,51.1,71209.0
2026-04-04,DS1010,Lucknow,Tier 2,control,81,78,3,0,18.2,35.0,13728.0
2026-04-04,DS1011,Pune,Tier 1,control,229,223,6,0,18.14,35.0,53513.0
2026-04-04,DS1012,Bengaluru,Tier 1,treated,269,256,10,3,13.52,64.3,54685.0
2026-04-04,DS1013,Pune,Tier 1,control,247,241,4,2,17.48,35.0,65963.0
2026-04-04,DS1014,Hyderabad,Tier 1,control,227,216,9,2,20.23,35.0,62417.0
2026-04-04,DS1015,Jaipur,Tier 2,control,170,157,11,2,14.92,50.8,30149.0
2026-04-04,DS1016,Mumbai,Tier 1,treated,229,222,6,1,15.44,47.3,55484.0
2026-04-04,DS1017,Chennai,Tier 1,control,201,194,5,2,15.15,54.4,49994.0
2026-04-04,DS1018,Bhopal,Tier 2,control,112,106,5,1,15.84,36.5,23239.0
2026-04-04,DS1019,Hyderabad,Tier 1,control,261,250,8,3,-1.877,35.0,56138.0
2026-04-04,DS1020,Jaipur,Tier 2,control,139,134,2,3,18.58,35.0,21043.0
2026-04-04,DS1021,Bengaluru,Tier 1,treated,167,159,4,4,11.34,87.9,30277.0
2026-04-04,DS1022,Lucknow,Tier 2,control,173,163,8,2,14.89,50.5,29942.0
2026-04-04,DS1023,Mumbai,Tier 1,treated,264,255,7,2,12.39,70.4,58999.0
2026-04-04,DS1024,Mumbai,Tier 1,treated,294,283,8,3,16.27,39.1,60349.0
2026-04-04,DS1025,Jaipur,Tier 2,control,117,114,2,1,13.68,67.5,22809.0
2026-04-04,DS1026,Delhi NCR,Tier 1,treated,230,222,8,0,14.8,58.5,59966.0
2026-04-04,DS1027,Mumbai,Tier 1,treated,196,187,9,0,16.29,35.0,49431.0
2026-04-04,DS1028,Bhopal,Tier 2,control,177,160,15,2,15.84,36.9,38427.0
2026-04-04,DS1029,Jaipur,Tier 2,control,142,138,3,1,16.6,36.4,21443.0
2026-04-04,DS1030,Pune,Tier 1,control,297,289,5,3,17.03,35.0,69431.0
2026-04-04,DS1031,Mumbai,Tier 1,treated,191,181,9,1,13.96,60.5,43439.0
2026-04-04,DS1032,Chennai,Tier 1,control,278,265,6,7,16.57,39.9,60534.0
2026-04-04,DS1033,Jaipur,Tier 2,control,103,99,2,2,19.48,35.0,21795.0
2026-04-04,DS1034,Mumbai,Tier 1,treated,219,209,6,4,15.44,45.7,50842.0
2026-04-04,DS1035,Pune,Tier 1,control,278,269,6,3,16.87,36.5,74994.0
2026-04-04,DS1036,Lucknow,Tier 2,control,123,115,7,1,13.95,63.9,25128.0
2026-04-04,DS1037,Lucknow,Tier 2,control,172,165,5,2,17.26,35.0,34081.0
2026-04-04,DS1038,Delhi NCR,Tier 1,treated,249,244,4,1,10.76,93.5,49153.0
2026-04-04,DS1039,Lucknow,Tier 2,control,114,108,6,0,14.45,62.5,17384.0
2026-04-04,DS1040,Hyderabad,Tier 1,control,220,208,8,4,18.55,35.0,42502.0
2026-04-04,DS1041,Lucknow,Tier 2,control,112,100,10,2,18.03,35.0,20354.0
2026-04-04,DS1042,Jaipur,Tier 2,control,125,117,5,3,14.47,58.8,24554.0
2026-04-04,DS1043,Indore,Tier 2,control,117,110,7,0,12.97,74.7,23889.0
2026-04-04,DS1044,Bengaluru,Tier 1,treated,200,194,4,2,14.84,51.0,42738.0
2026-04-04,DS1045,Delhi NCR,Tier 1,treated,232,220,12,0,12.66,77.5,48413.0
2026-04-04,DS1046,Bengaluru,Tier 1,treated,192,178,6,8,15.43,43.6,47583.0
2026-04-04,DS1047,Bengaluru,Tier 1,treated,175,169,3,3,16.97,35.0,41723.0
2026-04-04,DS1048,Mumbai,Tier 1,treated,236,231,2,3,14.39,56.0,58885.0
2026-04-04,DS1049,Jaipur,Tier 2,control,182,176,3,3,16.55,35.0,42348.0
2026-04-04,DS1050,Chennai,Tier 1,control,170,162,7,1,14.42,60.5,44501.0
2026-04-04,DS1051,Chennai,Tier 1,control,236,222,13,1,15.76,46.8,55376.0
2026-04-04,DS1052,Jaipur,Tier 2,control,145,137,7,1,16.09,35.8,30471.0
2026-04-04,DS1053,Bhopal,Tier 2,control,98,93,3,2,14.99,49.4,19194.0
2026-04-04,DS1054,Pune,Tier 1,control,267,261,4,2,16.58,36.0,54709.0
2026-04-04,DS1055,Delhi NCR,Tier 1,treated,199,194,5,0,12.58,68.7,46730.0
2026-04-04,DS1056,Delhi NCR,Tier 1,treated,305,293,5,7,16.35,35.0,74727.0
2026-04-04,DS1057,Delhi NCR,Tier 1,treated,192,180,9,3,16.26,38.6,39781.0
2026-04-04,DS1058,Chennai,Tier 1,control,258,248,6,4,19.67,35.0,59490.0
2026-04-04,DS1059,Mumbai,Tier 1,treated,210,198,10,2,14.11,55.3,42796.0
2026-04-05,DS1000,Pune,Tier 1,control,214,206,6,2,17.11,35.0,56401.0
2026-04-05,DS1001,Bengaluru,Tier 1,treated,185,174,9,2,17.93,35.0,40689.0
2026-04-05,DS1002,Mumbai,Tier 1,treated,183,176,3,4,13.83,60.6,36249.0
2026-04-05,DS1003,Lucknow,Tier 2,control,118,112,4,2,15.46,44.3,19642.0
2026-04-05,DS1004,Pune,Tier 1,control,153,148,3,2,15.28,47.9,38270.0
2026-04-05,DS1005,Pune,Tier 1,control,144,136,7,1,17.78,35.0,29755.0
2026-04-05,DS1006,Pune,Tier 1,control,217,209,6,2,14.7,51.8,55626.0
2026-04-05,DS1007,Mumbai,Tier 1,treated,171,164,4,3,13.11,72.0,42817.0
2026-04-05,DS1008,Chennai,Tier 1,control,193,186,5,2,19.03,35.0,54314.0
2026-04-05,DS1009,Hyderabad,Tier 1,control,234,222,10,2,14.34,58.9,51048.0
2026-04-05,DS1010,Lucknow,Tier 2,control,68,67,0,1,19.13,35.0,16182.0
2026-04-05,DS1011,Pune,Tier 1,control,175,169,4,2,19.97,35.0,42772.0
2026-04-05,DS1012,Bengaluru,Tier 1,treated,198,189,7,2,14.82,59.3,44288.0
2026-04-05,DS1013,Pune,Tier 1,control,249,236,9,4,17.74,35.0,53095.0
2026-04-05,DS1014,Hyderabad,Tier 1,control,183,170,11,2,19.08,35.0,41114.0
2026-04-05,DS1015,Jaipur,Tier 2,control,127,120,5,2,14.8,54.5,28575.0
2026-04-05,DS1016,Mumbai,Tier 1,treated,206,195,8,3,14.64,57.5,38336.0
2026-04-05,DS1017,Chennai,Tier 1,control,141,137,2,2,14.48,58.1,28612.0
2026-04-05,DS1018,Bhopal,Tier 2,control,98,96,1,1,16.54,38.5,21956.0
2026-04-05,DS1019,Hyderabad,Tier 1,control,203,191,10,2,19.04,35.0,36635.0
2026-04-05,DS1020,Jaipur,Tier 2,control,106,98,6,2,-1.7910000000000001,35.0,18359.0
2026-04-05,DS1021,Bengaluru,Tier 1,treated,139,128,7,4,13.91,63.0,29160.0
2026-04-05,DS1022,Lucknow,Tier 2,control,143,134,7,2,14.35,60.4,20943.0
2026-04-05,DS1023,Mumbai,Tier 1,treated,216,203,13,0,14.19,69.6,57473.0
2026-04-05,DS1024,Mumbai,Tier 1,treated,270,257,11,2,14.39,58.8,51893.0
2026-04-05,DS1025,Jaipur,Tier 2,control,114,109,4,1,16.85,36.9,23959.0
2026-04-05,DS1026,Delhi NCR,Tier 1,treated,171,164,5,2,14.08,61.5,31514.0
2026-04-05,DS1027,Mumbai,Tier 1,treated,152,145,6,1,15.63,39.8,34424.0
2026-04-05,DS1028,Bhopal,Tier 2,control,173,164,5,4,14.16,55.4,30462.0
2026-04-05,DS1029,Jaipur,Tier 2,control,119,111,6,2,16.37,35.0,21495.0
2026-04-05,DS1030,Pune,Tier 1,control,272,265,5,2,15.83,38.5,57649.0
2026-04-05,DS1031,Mumbai,Tier 1,treated,176,168,7,1,13.95,63.1,42653.0
2026-04-05,DS1032,Chennai,Tier 1,control,182,176,5,1,17.7,35.0,38551.0
2026-04-05,DS1033,Jaipur,Tier 2,control,69,65,3,1,21.96,35.0,12633.0
2026-04-05,DS1034,Mumbai,Tier 1,treated,191,186,2,3,16.56,35.0,44170.0
2026-04-05,DS1035,Pune,Tier 1,control,225,217,5,3,17.45,35.0,61282.0
2026-04-05,DS1036,Lucknow,Tier 2,control,93,90,0,3,13.31,64.9,19844.0
2026-04-05,DS1037,Lucknow,Tier 2,control,123,119,3,1,16.8,35.0,27644.0
2026-04-05,DS1038,Delhi NCR,Tier 1,treated,192,185,6,1,11.2,89.1,37305.0
2026-04-05,DS1039,Lucknow,Tier 2,control,97,93,1,3,14.24,59.3,21740.0
2026-04-05,DS1040,Hyderabad,Tier 1,control,190,179,8,3,18.93,35.0,42249.0
2026-04-05,DS1041,Lucknow,Tier 2,control,107,100,4,3,17.93,35.0,21760.0
2026-04-05,DS1042,Jaipur,Tier 2,control,106,101,5,0,16.06,35.0,22168.0
2026-04-05,DS1043,Indore,Tier 2,control,107,105,2,0,14.28,54.8,22789.0
2026-04-05,DS1044,Bengaluru,Tier 1,treated,196,187,9,0,13.03,75.8,61435.0
2026-04-05,DS1045,Delhi NCR,Tier 1,treated,196,183,10,3,12.27,82.3,35305.0
2026-04-05,DS1046,Bengaluru,Tier 1,treated,166,158,8,0,14.69,53.3,35776.0
2026-04-05,DS1047,Bengaluru,Tier 1,treated,132,124,8,0,19.22,35.0,29820.0
2026-04-05,DS1048,Mumbai,Tier 1,treated,209,204,5,0,14.85,46.6,48290.0
2026-04-05,DS1049,Jaipur,Tier 2,control,142,136,5,1,14.88,52.8,23241.0
2026-04-05,DS1050,Chennai,Tier 1,control,135,125,6,4,14.89,59.5,36209.0
2026-04-05,DS1051,Chennai,Tier 1,control,197,187,5,5,17.01,35.0,54331.0
2026-04-05,DS1052,Jaipur,Tier 2,control,117,112,5,0,16.2,40.5,20703.0
2026-04-05,DS1053,Bhopal,Tier 2,control,94,87,5,2,14.98,45.6,19166.0
2026-04-05,DS1054,Pune,Tier 1,control,227,212,12,3,15.85,38.5,52150.0
2026-04-05,DS1055,Delhi NCR,Tier 1,treated,164,156,4,4,12.74,75.4,38072.0
2026-04-05,DS1056,Delhi NCR,Tier 1,treated,231,221,6,4,16.79,35.0,51834.0
2026-04-05,DS1057,Delhi NCR,Tier 1,treated,194,189,5,0,17.09,35.0,37799.0
2026-04-05,DS1058,Chennai,Tier 1,control,222,214,6,2,16.83,35.0,48463.0
2026-04-05,DS1059,Mumbai,Tier 1,treated,201,191,7,3,13.13,68.8,53287.0
2026-04-06,DS1000,Pune,Tier 1,control,258,246,6,6,16.92,36.4,54697.0
2026-04-06,DS1001,Bengaluru,Tier 1,treated,194,182,7,5,18.56,35.0,49614.0
2026-04-06,DS1002,Mumbai,Tier 1,treated,183,173,8,2,12.33,72.3,31394.0
2026-04-06,DS1003,Lucknow,Tier 2,control,112,104,7,1,16.02,41.6,19465.0
2026-04-06,DS1004,Pune,Tier 1,control,154,148,3,3,15.4,45.4,38207.0
2026-04-06,DS1005,Pune,Tier 1,control,140,134,5,1,18.59,35.0,36391.0
2026-04-06,DS1006,Pune,Tier 1,control,259,247,8,4,12.59,76.6,53226.0
2026-04-06,DS1007,Mumbai,Tier 1,treated,201,190,9,2,11.97,79.1,47662.0
2026-04-06,DS1008,Chennai,Tier 1,control,205,198,5,2,18.16,35.0,45946.0
2026-04-06,DS1009,Hyderabad,Tier 1,control,237,224,11,2,13.68,63.5,46204.0
2026-04-06,DS1010,Lucknow,Tier 2,control,71,69,2,0,17.76,35.0,13609.0
2026-04-06,DS1011,Pune,Tier 1,control,175,166,6,3,18.75,35.0,40750.0
2026-04-06,DS1012,Bengaluru,Tier 1,treated,208,195,9,4,13.05,62.3,48664.0
2026-04-06,DS1013,Pune,Tier 1,control,197,189,7,1,15.78,38.2,41024.0
2026-04-06,DS1014,Hyderabad,Tier 1,control,188,181,4,3,17.73,35.0,33122.0
2026-04-06,DS1015,Jaipur,Tier 2,control,120,116,4,0,16.59,35.0,23919.0
2026-04-06,DS1016,Mumbai,Tier 1,treated,199,193,5,1,14.43,54.3,47924.0
2026-04-06,DS1017,Chennai,Tier 1,control,173,160,9,4,14.13,54.5,36092.0
2026-04-06,DS1018,Bhopal,Tier 2,control,104,100,3,1,17.91,35.0,20482.0
2026-04-06,DS1019,Hyderabad,Tier 1,control,218,207,8,3,19.05,35.0,47333.0
2026-04-06,DS1020,Jaipur,Tier 2,control,122,112,7,3,18.08,35.0,21915.0
2026-04-06,DS1021,Bengaluru,Tier 1,treated,129,123,2,4,12.84,75.4,32159.0
2026-04-06,DS1022,Lucknow,Tier 2,control,128,122,6,0,16.48,35.0,24685.0
2026-04-06,DS1023,Mumbai,Tier 1,treated,231,223,7,1,11.83,72.1,44916.0
2026-04-06,DS1024,Mumbai,Tier 1,treated,252,236,11,5,13.49,63.6,54557.0
2026-04-06,DS1025,Jaipur,Tier 2,control,102,98,4,0,14.96,52.2,22275.0
2026-04-06,DS1026,Delhi NCR,Tier 1,treated,170,158,9,3,14.59,57.8,37385.0
2026-04-06,DS1027,Mumbai,Tier 1,treated,158,150,5,3,15.62,45.0,28426.0
2026-04-06,DS1028,Bhopal,Tier 2,control,143,139,3,1,16.45,38.5,30404.0
2026-04-06,DS1029,Jaipur,Tier 2,control,99,95,2,2,16.21,37.4,23421.0
2026-04-06,DS1030,Pune,Tier 1,control,258,250,8,0,16.94,38.2,59694.0
2026-04-06,DS1031,Mumbai,Tier 1,treated,183,178,2,3,14.46,55.1,47801.0
2026-04-06,DS1032,Chennai,Tier 1,control,217,204,12,1,17.95,35.0,48092.0
2026-04-06,DS1033,Jaipur,Tier 2,control,70,68,1,1,20.93,35.0,12189.0
2026-04-06,DS1034,Mumbai,Tier 1,treated,186,177,7,2,13.92,62.7,39364.0
2026-04-06,DS1035,Pune,Tier 1,control,223,212,8,3,16.36,38.3,42196.0
2026-04-06,DS1036,Lucknow,Tier 2,control,88,85,3,0,14.33,56.7,19378.0
2026-04-06,DS1037,Lucknow,Tier 2,control,129,122,7,0,17.02,35.0,27053.0
2026-04-06,DS1038,Delhi NCR,Tier 1,treated,238,229,8,1,10.74,84.7,55061.0
2026-04-06,DS1039,Lucknow,Tier 2,control,86,81,3,2,11.34,82.3,13549.0
2026-04-06,DS1040,Hyderabad,Tier 1,control,151,142,5,4,16.76,35.0,33189.0
2026-04-06,DS1041,Lucknow,Tier 2,control,110,103,5,2,16.95,35.0,18315.0
2026-04-06,DS1042,Jaipur,Tier 2,control,105,99,4,2,15.0,56.3,21510.0
2026-04-06,DS1043,Indore,Tier 2,control,105,100,4,1,12.79,77.8,21722.0
2026-04-06,DS1044,Bengaluru,Tier 1,treated,183,177,5,1,14.5,57.6,38793.0
2026-04-06,DS1045,Delhi NCR,Tier 1,treated,186,175,10,1,13.76,68.4,38946.0
2026-04-06,DS1046,Bengaluru,Tier 1,treated,200,186,13,1,16.87,35.0,40340.0
2026-04-06,DS1047,Bengaluru,Tier 1,treated,154,145,6,3,17.76,35.0,34925.0
2026-04-06,DS1048,Mumbai,Tier 1,treated,209,196,10,3,14.61,59.2,53933.0
2026-04-06,DS1049,Jaipur,Tier 2,control,136,127,8,1,15.17,48.1,26306.0
2026-04-06,DS1050,Chennai,Tier 1,control,144,131,12,1,16.48,35.0,33765.0
2026-04-06,DS1051,Chennai,Tier 1,control,165,158,6,1,16.26,39.6,36839.0
2026-04-06,DS1052,Jaipur,Tier 2,control,92,88,1,3,15.09,46.0,14973.0
2026-04-06,DS1053,Bhopal,Tier 2,control,91,83,5,3,14.72,52.9,22008.0
2026-04-06,DS1054,Pune,Tier 1,control,255,241,9,5,16.79,35.0,64649.0
2026-04-06,DS1055,Delhi NCR,Tier 1,treated,169,159,7,3,14.12,64.7,38684.0
2026-04-06,DS1056,Delhi NCR,Tier 1,treated,244,232,8,4,15.51,46.7,48470.0
2026-04-06,DS1057,Delhi NCR,Tier 1,treated,169,163,5,1,17.26,35.0,39056.0
2026-04-06,DS1058,Chennai,Tier 1,control,194,186,7,1,17.91,35.0,47511.0
2026-04-06,DS1059,Mumbai,Tier 1,treated,172,164,4,4,13.12,70.5,41206.0
2026-04-07,DS1000,Pune,Tier 1,control,223,216,5,2,18.52,35.0,50868.0
2026-04-07,DS1001,Bengaluru,Tier 1,treated,193,185,7,1,19.19,35.0,45500.0
2026-04-07,DS1002,Mumbai,Tier 1,treated,203,194,4,5,12.92,72.0,48352.0
2026-04-07,DS1003,Lucknow,Tier 2,control,96,92,3,1,13.66,59.0,21576.0
2026-04-07,DS1004,Pune,Tier 1,control,143,140,3,0,15.1,45.8,33336.0
2026-04-07,DS1005,Pune,Tier 1,control,130,128,2,0,16.29,35.0,30845.0
2026-04-07,DS1006,Pune,Tier 1,control,208,203,4,1,12.19,81.2,58094.0
2026-04-07,DS1007,Mumbai,Tier 1,treated,224,216,7,1,11.34,86.7,53463.0
2026-04-07,DS1008,Chennai,Tier 1,control,224,212,8,4,18.18,35.0,50526.0
2026-04-07,DS1009,Hyderabad,Tier 1,control,226,221,3,2,15.4,44.5,57127.0
2026-04-07,DS1010,Lucknow,Tier 2,control,70,69,1,0,19.01,35.0,15577.0
2026-04-07,DS1011,Pune,Tier 1,control,165,158,6,1,18.97,35.0,26608.0
2026-04-07,DS1012,Bengaluru,Tier 1,treated,201,195,2,4,15.75,42.0,28852.0
2026-04-07,DS1013,Pune,Tier 1,control,216,206,3,7,17.55,35.0,32558.0
2026-04-07,DS1014,Hyderabad,Tier 1,control,178,171,5,2,17.47,35.0,45542.0
2026-04-07,DS1015,Jaipur,Tier 2,control,118,117,1,0,15.2,47.5,24736.0
2026-04-07,DS1016,Mumbai,Tier 1,treated,203,193,6,4,14.25,60.8,44653.0
2026-04-07,DS1017,Chennai,Tier 1,control,164,156,6,2,14.44,52.9,38963.0
2026-04-07,DS1018,Bhopal,Tier 2,control,89,88,1,0,16.45,38.1,19145.0
2026-04-07,DS1019,Hyderabad,Tier 1,control,227,219,6,2,-1.974,35.0,52166.0
2026-04-07,DS1020,Jaipur,Tier 2,control,117,113,2,2,17.81,35.0,24038.0
2026-04-07,DS1021,Bengaluru,Tier 1,treated,137,132,4,1,12.78,74.9,23988.0
2026-04-07,DS1022,Lucknow,Tier 2,control,145,142,3,0,14.77,51.3,28303.0
2026-04-07,DS1023,Mumbai,Tier 1,treated,212,206,4,2,14.03,64.1,55473.0
2026-04-07,DS1024,Mumbai,Tier 1,treated,255,238,10,7,14.91,54.1,53897.0
2026-04-07,DS1025,Jaipur,Tier 2,control,135,129,2,4,16.19,35.0,29169.0
2026-04-07,DS1026,Delhi NCR,Tier 1,treated,159,153,3,3,15.99,38.2,43958.0
2026-04-07,DS1027,Mumbai,Tier 1,treated,162,161,1,0,13.53,64.3,33014.0
2026-04-07,DS1028,Bhopal,Tier 2,control,158,150,6,2,16.17,35.0,35075.0
2026-04-07,DS1029,Jaipur,Tier 2,control,109,104,5,0,17.31,35.0,14776.0
2026-04-07,DS1030,Pune,Tier 1,control,263,254,6,3,15.94,36.7,77865.0
2026-04-07,DS1031,Mumbai,Tier 1,treated,187,181,2,4,13.36,68.1,44927.0
2026-04-07,DS1032,Chennai,Tier 1,control,213,199,11,3,18.34,35.0,55876.0
2026-04-07,DS1033,Jaipur,Tier 2,control,56,52,3,1,19.78,35.0,12253.0
2026-04-07,DS1034,Mumbai,Tier 1,treated,178,176,2,0,13.93,62.0,33553.0
2026-04-07,DS1035,Pune,Tier 1,control,234,227,2,5,16.92,35.0,58284.0
2026-04-07,DS1036,Lucknow,Tier 2,control,89,87,2,0,13.49,67.0,16424.0
2026-04-07,DS1037,Lucknow,Tier 2,control,133,127,6,0,16.93,35.0,32150.0
2026-04-07,DS1038,Delhi NCR,Tier 1,treated,224,215,4,5,12.07,77.0,51102.0
2026-04-07,DS1039,Lucknow,Tier 2,control,70,66,4,0,13.4,64.0,16173.0
2026-04-07,DS1040,Hyderabad,Tier 1,control,190,183,5,2,18.38,35.0,45475.0
2026-04-07,DS1041,Lucknow,Tier 2,control,101,95,5,1,17.29,35.0,19572.0
2026-04-07,DS1042,Jaipur,Tier 2,control,90,81,6,3,16.84,35.0,13218.0
2026-04-07,DS1043,Indore,Tier 2,control,84,80,4,0,13.8,58.3,12040.0
2026-04-07,DS1044,Bengaluru,Tier 1,treated,170,166,3,1,12.51,67.4,40685.0
2026-04-07,DS1045,Delhi NCR,Tier 1,treated,195,186,6,3,12.41,81.2,50975.0
2026-04-07,DS1046,Bengaluru,Tier 1,treated,178,170,5,3,17.0,35.0,39728.0
2026-04-07,DS1047,Bengaluru,Tier 1,treated,155,149,3,3,17.82,35.0,30356.0
2026-04-07,DS1048,Mumbai,Tier 1,treated,207,200,4,3,15.11,50.8,51357.0
2026-04-07,DS1049,Jaipur,Tier 2,control,141,139,2,0,16.1,35.0,26411.0
2026-04-07,DS1050,Chennai,Tier 1,control,151,144,6,1,13.72,58.0,36546.0
2026-04-07,DS1051,Chennai,Tier 1,control,194,186,7,1,15.52,41.9,46190.0
2026-04-07,DS1052,Jaipur,Tier 2,control,113,109,4,0,16.12,37.5,16924.0
2026-04-07,DS1053,Bhopal,Tier 2,control,99,95,3,1,14.54,49.8,21264.0
2026-04-07,DS1054,Pune,Tier 1,control,244,234,8,2,15.37,53.7,62629.0
2026-04-07,DS1055,Delhi NCR,Tier 1,treated,177,173,3,1,12.53,73.7,40616.0
2026-04-07,DS1056,Delhi NCR,Tier 1,treated,264,252,7,5,16.85,35.0,60547.0
2026-04-07,DS1057,Delhi NCR,Tier 1,treated,173,168,5,0,15.14,49.1,39950.0
2026-04-07,DS1058,Chennai,Tier 1,control,220,205,14,1,17.79,35.0,48599.0
2026-04-07,DS1059,Mumbai,Tier 1,treated,181,174,6,1,14.65,54.9,41152.0
2026-04-08,DS1000,Pune,Tier 1,control,220,209,9,2,18.09,35.0,53721.0
2026-04-08,DS1001,Bengaluru,Tier 1,treated,196,183,11,2,17.67,35.0,34945.0
2026-04-08,DS1002,Mumbai,Tier 1,treated,200,187,9,4,13.63,71.0,45418.0
2026-04-08,DS1003,Lucknow,Tier 2,control,101,96,4,1,14.8,51.8,17644.0
2026-04-08,DS1004,Pune,Tier 1,control,149,142,6,1,16.45,35.0,34186.0
2026-04-08,DS1005,Pune,Tier 1,control,160,152,4,4,17.49,35.0,45209.0
2026-04-08,DS1006,Pune,Tier 1,control,215,195,17,3,12.2,82.2,46824.0
2026-04-08,DS1007,Mumbai,Tier 1,treated,201,184,15,2,13.99,57.0,37562.0
2026-04-08,DS1008,Chennai,Tier 1,control,195,188,4,3,17.98,35.0,46806.0
2026-04-08,DS1009,Hyderabad,Tier 1,control,248,233,9,6,14.23,58.9,61439.0
2026-04-08,DS1010,Lucknow,Tier 2,control,84,78,6,0,17.15,35.0,16179.0
2026-04-08,DS1011,Pune,Tier 1,control,165,155,9,1,20.67,35.0,38215.0
2026-04-08,DS1012,Bengaluru,Tier 1,treated,205,196,6,3,14.02,58.0,34655.0
2026-04-08,DS1013,Pune,Tier 1,control,211,198,11,2,17.44,35.0,51646.0
2026-04-08,DS1014,Hyderabad,Tier 1,control,181,173,7,1,18.0,35.0,36552.0
2026-04-08,DS1015,Jaipur,Tier 2,control,154,149,5,0,15.43,42.7,35547.0
2026-04-08,DS1016,Mumbai,Tier 1,treated,203,197,4,2,14.17,57.4,43434.0
2026-04-08,DS1017,Chennai,Tier 1,control,152,145,5,2,14.19,63.3,34077.0
2026-04-08,DS1018,Bhopal,Tier 2,control,85,83,2,0,16.74,40.1,22123.0
2026-04-08,DS1019,Hyderabad,Tier 1,control,264,252,9,3,18.11,35.0,56741.0
2026-04-08,DS1020,Jaipur,Tier 2,control,103,99,2,2,17.67,35.0,26527.0
2026-04-08,DS1021,Bengaluru,Tier 1,treated,135,131,3,1,11.64,82.0,32270.0
2026-04-08,DS1022,Lucknow,Tier 2,control,120,111,7,2,13.84,64.2,22333.0
2026-04-08,DS1023,Mumbai,Tier 1,treated,225,210,10,5,13.36,65.6,54348.0
2026-04-08,DS1024,Mumbai,Tier 1,treated,258,252,4,2,15.83,45.0,63631.0
2026-04-08,DS1025,Jaipur,Tier 2,control,98,94,3,1,14.26,54.6,20194.0
2026-04-08,DS1026,Delhi NCR,Tier 1,treated,193,188,3,2,15.69,40.5,53354.0
2026-04-08,DS1027,Mumbai,Tier 1,treated,166,156,7,3,12.99,73.1,31730.0
2026-04-08,DS1028,Bhopal,Tier 2,control,167,159,5,3,15.14,48.1,42811.0
2026-04-08,DS1029,Jaipur,Tier 2,control,121,114,4,3,14.47,54.0,24355.0
2026-04-08,DS1030,Pune,Tier 1,control,259,244,11,4,16.62,35.0,62574.0
2026-04-08,DS1031,Mumbai,Tier 1,treated,179,172,5,2,14.73,53.1,44218.0
2026-04-08,DS1032,Chennai,Tier 1,control,197,187,10,0,17.01,35.0,42067.0
2026-04-08,DS1033,Jaipur,Tier 2,control,72,68,3,1,19.09,35.0,16988.0
2026-04-08,DS1034,Mumbai,Tier 1,treated,189,181,3,5,17.19,35.0,36395.0
2026-04-08,DS1035,Pune,Tier 1,control,231,224,4,3,15.39,49.3,54222.0
2026-04-08,DS1036,Lucknow,Tier 2,control,75,69,5,1,14.57,59.7,13274.0
2026-04-08,DS1037,Lucknow,Tier 2,control,136,131,2,3,18.2,35.0,26678.0
2026-04-08,DS1038,Delhi NCR,Tier 1,treated,229,220,7,2,10.97,82.9,49779.0
2026-04-08,DS1039,Lucknow,Tier 2,control,89,81,7,1,15.13,54.1,18711.0
2026-04-08,DS1040,Hyderabad,Tier 1,control,173,168,4,1,16.44,35.0,40659.0
2026-04-08,DS1041,Lucknow,Tier 2,control,117,113,3,1,19.71,35.0,29747.0
2026-04-08,DS1042,Jaipur,Tier 2,control,130,126,3,1,14.58,57.6,28210.0
2026-04-08,DS1043,Indore,Tier 2,control,117,113,3,1,13.85,65.9,20361.0
2026-04-08,DS1044,Bengaluru,Tier 1,treated,195,191,3,1,13.18,75.8,51062.0
2026-04-08,DS1045,Delhi NCR,Tier 1,treated,218,203,12,3,13.91,63.6,61575.0
2026-04-08,DS1046,Bengaluru,Tier 1,treated,158,152,5,1,14.62,48.3,40344.0
2026-04-08,DS1047,Bengaluru,Tier 1,treated,148,143,3,2,18.94,35.0,35470.0
2026-04-08,DS1048,Mumbai,Tier 1,treated,190,178,8,4,14.46,55.0,37572.0
2026-04-08,DS1049,Jaipur,Tier 2,control,124,117,7,0,14.65,58.3,19274.0
2026-04-08,DS1050,Chennai,Tier 1,control,138,130,8,0,15.38,43.9,32097.0
2026-04-08,DS1051,Chennai,Tier 1,control,193,184,8,1,18.86,35.0,38197.0
2026-04-08,DS1052,Jaipur,Tier 2,control,110,105,2,3,16.47,35.0,28090.0
2026-04-08,DS1053,Bhopal,Tier 2,control,101,100,1,0,15.29,38.2,19217.0
2026-04-08,DS1054,Pune,Tier 1,control,253,246,5,2,16.54,35.0,50955.0
2026-04-08,DS1055,Delhi NCR,Tier 1,treated,160,150,5,5,13.05,62.1,38177.0
2026-04-08,DS1056,Delhi NCR,Tier 1,treated,284,273,11,0,16.62,35.0,65861.0
2026-04-08,DS1057,Delhi NCR,Tier 1,treated,180,172,7,1,16.49,35.0,34867.0
2026-04-08,DS1058,Chennai,Tier 1,control,226,210,13,3,18.52,35.0,54429.0
2026-04-08,DS1059,Mumbai,Tier 1,treated,181,171,5,5,11.49,83.5,34658.0
2026-04-09,DS1000,Pune,Tier 1,control,213,204,7,2,17.49,35.0,51301.0
2026-04-09,DS1001,Bengaluru,Tier 1,treated,209,200,6,3,17.15,35.0,43593.0
2026-04-09,DS1002,Mumbai,Tier 1,treated,174,167,3,4,13.85,63.9,34186.0
2026-04-09,DS1003,Lucknow,Tier 2,control,102,94,7,1,14.17,58.6,16815.0
2026-04-09,DS1004,Pune,Tier 1,control,167,159,6,2,16.02,42.5,39945.0
2026-04-09,DS1005,Pune,Tier 1,control,135,127,7,1,14.92,48.2,24356.0
2026-04-09,DS1006,Pune,Tier 1,control,234,219,10,5,12.66,72.4,50102.0
2026-04-09,DS1007,Mumbai,Tier 1,treated,189,182,3,4,12.56,83.1,39212.0
2026-04-09,DS1008,Chennai,Tier 1,control,182,176,4,2,19.02,35.0,30962.0
2026-04-09,DS1009,Hyderabad,Tier 1,control,223,213,7,3,15.96,35.0,36155.0
2026-04-09,DS1010,Lucknow,Tier 2,control,79,73,3,3,17.42,35.0,15658.0
2026-04-09,DS1011,Pune,Tier 1,control,175,165,8,2,19.65,35.0,39986.0
2026-04-09,DS1012,Bengaluru,Tier 1,treated,201,197,4,0,14.69,52.5,50167.0
2026-04-09,DS1013,Pune,Tier 1,control,222,210,10,2,16.49,35.0,55883.0
2026-04-09,DS1014,Hyderabad,Tier 1,control,191,183,7,1,19.05,35.0,38262.0
2026-04-09,DS1015,Jaipur,Tier 2,control,134,129,5,0,15.16,44.8,32340.0
2026-04-09,DS1016,Mumbai,Tier 1,treated,184,176,7,1,12.57,78.6,39828.0
2026-04-09,DS1017,Chennai,Tier 1,control,143,133,5,5,13.95,61.0,32362.0
2026-04-09,DS1018,Bhopal,Tier 2,control,108,107,1,0,15.71,39.2,22724.0
2026-04-09,DS1019,Hyderabad,Tier 1,control,212,204,5,3,19.66,35.0,57309.0
2026-04-09,DS1020,Jaipur,Tier 2,control,137,127,5,5,17.99,35.0,19804.0
2026-04-09,DS1021,Bengaluru,Tier 1,treated,112,108,1,3,13.6,67.5,22556.0
2026-04-09,DS1022,Lucknow,Tier 2,control,159,152,4,3,16.5,35.0,30374.0
2026-04-09,DS1023,Mumbai,Tier 1,treated,245,230,8,7,13.13,72.6,65580.0
2026-04-09,DS1024,Mumbai,Tier 1,treated,230,224,4,2,13.88,56.4,47471.0
2026-04-09,DS1025,Jaipur,Tier 2,control,99,94,3,2,15.09,51.1,21549.0
2026-04-09,DS1026,Delhi NCR,Tier 1,treated,162,155,5,2,14.67,57.5,29660.0
2026-04-09,DS1027,Mumbai,Tier 1,treated,164,156,6,2,15.85,40.4,34886.0
2026-04-09,DS1028,Bhopal,Tier 2,control,174,164,9,1,16.87,35.0,36377.0
2026-04-09,DS1029,Jaipur,Tier 2,control,116,110,4,2,15.22,50.1,18992.0
2026-04-09,DS1030,Pune,Tier 1,control,259,250,4,5,16.62,35.0,46841.0
2026-04-09,DS1031,Mumbai,Tier 1,treated,183,180,2,1,14.75,56.7,45539.0
2026-04-09,DS1032,Chennai,Tier 1,control,202,199,2,1,16.53,35.0,43095.0
2026-04-09,DS1033,Jaipur,Tier 2,control,76,66,7,3,20.84,35.0,14371.0
2026-04-09,DS1034,Mumbai,Tier 1,treated,204,191,11,2,14.91,52.7,46842.0
2026-04-09,DS1035,Pune,Tier 1,control,222,211,7,4,14.91,53.5,61153.0
2026-04-09,DS1036,Lucknow,Tier 2,control,109,104,5,0,13.52,68.3,19459.0
2026-04-09,DS1037,Lucknow,Tier 2,control,126,119,4,3,14.69,52.9,24660.0
2026-04-09,DS1038,Delhi NCR,Tier 1,treated,212,209,3,0,11.93,84.5,55458.0
2026-04-09,DS1039,Lucknow,Tier 2,control,98,94,4,0,14.24,65.4,21055.0
2026-04-09,DS1040,Hyderabad,Tier 1,control,184,175,7,2,17.09,35.0,32487.0
2026-04-09,DS1041,Lucknow,Tier 2,control,113,103,8,2,19.72,35.0,24212.0
2026-04-09,DS1042,Jaipur,Tier 2,control,127,122,1,4,17.7,35.0,27310.0
2026-04-09,DS1043,Indore,Tier 2,control,99,95,3,1,13.52,61.9,17530.0
2026-04-09,DS1044,Bengaluru,Tier 1,treated,161,155,4,2,12.69,76.1,45076.0
2026-04-09,DS1045,Delhi NCR,Tier 1,treated,205,195,6,4,11.56,80.7,60603.0
2026-04-09,DS1046,Bengaluru,Tier 1,treated,150,139,8,3,15.72,35.0,42562.0
2026-04-09,DS1047,Bengaluru,Tier 1,treated,150,144,5,1,18.22,35.0,29328.0
2026-04-09,DS1048,Mumbai,Tier 1,treated,175,165,6,4,15.21,43.1,45774.0
2026-04-09,DS1049,Jaipur,Tier 2,control,136,134,1,1,14.21,53.2,31984.0
2026-04-09,DS1050,Chennai,Tier 1,control,163,153,6,4,14.71,57.5,37482.0
2026-04-09,DS1051,Chennai,Tier 1,control,189,185,3,1,18.27,35.0,44132.0
2026-04-09,DS1052,Jaipur,Tier 2,control,106,101,5,0,14.4,59.0,16802.0
2026-04-09,DS1053,Bhopal,Tier 2,control,77,76,1,0,13.95,58.6,11965.0
2026-04-09,DS1054,Pune,Tier 1,control,218,208,6,4,17.04,35.0,39753.0
2026-04-09,DS1055,Delhi NCR,Tier 1,treated,212,201,6,5,12.24,85.5,48057.0
2026-04-09,DS1056,Delhi NCR,Tier 1,treated,264,262,1,1,15.94,38.2,55891.0
2026-04-09,DS1057,Delhi NCR,Tier 1,treated,182,173,9,0,15.93,35.0,38659.0
2026-04-09,DS1058,Chennai,Tier 1,control,221,212,4,5,18.1,35.0,53423.0
2026-04-09,DS1059,Mumbai,Tier 1,treated,191,185,4,2,14.19,64.2,45661.0
2026-04-10,DS1000,Pune,Tier 1,control,271,256,11,4,18.47,35.0,62456.0
2026-04-10,DS1001,Bengaluru,Tier 1,treated,236,226,9,1,18.32,35.0,56480.0
2026-04-10,DS1002,Mumbai,Tier 1,treated,217,207,8,2,14.29,57.5,57279.0
2026-04-10,DS1003,Lucknow,Tier 2,control,132,125,6,1,14.83,52.5,24893.0
2026-04-10,DS1004,Pune,Tier 1,control,180,166,12,2,13.78,56.4,49794.0
2026-04-10,DS1005,Pune,Tier 1,control,192,180,9,3,17.42,35.0,36792.0
2026-04-10,DS1006,Pune,Tier 1,control,269,254,12,3,14.32,52.9,60703.0
2026-04-10,DS1007,Mumbai,Tier 1,treated,232,218,10,4,13.58,73.0,48618.0
2026-04-10,DS1008,Chennai,Tier 1,control,271,263,7,1,18.06,35.0,55135.0
2026-04-10,DS1009,Hyderabad,Tier 1,control,271,257,11,3,14.81,47.4,71176.0
2026-04-10,DS1010,Lucknow,Tier 2,control,104,101,1,2,17.56,35.0,20886.0
2026-04-10,DS1011,Pune,Tier 1,control,212,201,8,3,18.93,35.0,43204.0
2026-04-10,DS1012,Bengaluru,Tier 1,treated,249,233,12,4,13.85,61.4,62341.0
2026-04-10,DS1013,Pune,Tier 1,control,237,230,6,1,17.18,35.0,48462.0
2026-04-10,DS1014,Hyderabad,Tier 1,control,215,207,4,4,18.68,35.0,47021.0
2026-04-10,DS1015,Jaipur,Tier 2,control,191,176,9,6,16.67,37.5,36869.0
2026-04-10,DS1016,Mumbai,Tier 1,treated,268,261,6,1,11.99,78.4,77078.0
2026-04-10,DS1017,Chennai,Tier 1,control,206,199,6,1,13.79,55.5,43750.0
2026-04-10,DS1018,Bhopal,Tier 2,control,111,104,7,0,16.99,35.0,23525.0
2026-04-10,DS1019,Hyderabad,Tier 1,control,255,242,9,4,20.18,35.0,61415.0
2026-04-10,DS1020,Jaipur,Tier 2,control,157,154,3,0,17.48,35.0,29378.0
2026-04-10,DS1021,Bengaluru,Tier 1,treated,158,152,3,3,13.73,67.0,33082.0
2026-04-10,DS1022,Lucknow,Tier 2,control,163,157,4,2,14.16,61.0,37855.0
2026-04-10,DS1023,Mumbai,Tier 1,treated,269,257,10,2,13.44,66.8,62051.0
2026-04-10,DS1024,Mumbai,Tier 1,treated,288,273,12,3,16.58,35.0,61569.0
2026-04-10,DS1025,Jaipur,Tier 2,control,131,124,6,1,17.0,35.0,27775.0
2026-04-10,DS1026,Delhi NCR,Tier 1,treated,223,215,4,4,14.47,55.3,52306.0
2026-04-10,DS1027,Mumbai,Tier 1,treated,174,171,1,2,14.86,51.6,40696.0
2026-04-10,DS1028,Bhopal,Tier 2,control,182,171,9,2,14.46,58.8,39896.0
2026-04-10,DS1029,Jaipur,Tier 2,control,114,106,6,2,-1.6370000000000002,36.5,18419.0
2026-04-10,DS1030,Pune,Tier 1,control,312,292,16,4,15.14,51.4,74106.0
2026-04-10,DS1031,Mumbai,Tier 1,treated,181,175,5,1,15.69,49.8,39965.0
2026-04-10,DS1032,Chennai,Tier 1,control,270,258,11,1,17.63,35.0,53375.0
2026-04-10,DS1033,Jaipur,Tier 2,control,94,90,2,2,17.98,35.0,16348.0
2026-04-10,DS1034,Mumbai,Tier 1,treated,209,198,9,2,13.9,68.3,46490.0
2026-04-10,DS1035,Pune,Tier 1,control,288,274,9,5,14.69,55.2,68405.0
2026-04-10,DS1036,Lucknow,Tier 2,control,105,101,3,1,13.84,62.6,20204.0
2026-04-10,DS1037,Lucknow,Tier 2,control,154,148,5,1,17.55,35.0,28489.0
2026-04-10,DS1038,Delhi NCR,Tier 1,treated,239,230,6,3,12.59,71.5,45465.0
2026-04-10,DS1039,Lucknow,Tier 2,control,118,108,8,2,14.08,54.2,26642.0
2026-04-10,DS1040,Hyderabad,Tier 1,control,246,233,8,5,18.15,35.0,60036.0
2026-04-10,DS1041,Lucknow,Tier 2,control,135,128,4,3,16.46,35.0,28222.0
2026-04-10,DS1042,Jaipur,Tier 2,control,117,113,1,3,17.08,35.0,21414.0
2026-04-10,DS1043,Indore,Tier 2,control,121,116,3,2,12.07,86.8,20779.0
2026-04-10,DS1044,Bengaluru,Tier 1,treated,192,186,3,3,13.13,67.0,47326.0
2026-04-10,DS1045,Delhi NCR,Tier 1,treated,214,205,7,2,13.6,67.5,49688.0
2026-04-10,DS1046,Bengaluru,Tier 1,treated,215,205,10,0,16.03,38.5,43846.0
2026-04-10,DS1047,Bengaluru,Tier 1,treated,180,172,6,2,17.48,35.0,46797.0
2026-04-10,DS1048,Mumbai,Tier 1,treated,222,212,6,4,14.28,59.7,42477.0
2026-04-10,DS1049,Jaipur,Tier 2,control,145,140,4,1,15.01,46.4,28488.0
2026-04-10,DS1050,Chennai,Tier 1,control,183,174,8,1,14.97,54.3,27756.0
2026-04-10,DS1051,Chennai,Tier 1,control,235,223,9,3,16.51,35.0,50212.0
2026-04-10,DS1052,Jaipur,Tier 2,control,116,110,5,1,14.8,52.7,23334.0
2026-04-10,DS1053,Bhopal,Tier 2,control,114,112,2,0,16.26,37.1,25462.0
2026-04-10,DS1054,Pune,Tier 1,control,249,239,9,1,16.58,37.3,54193.0
2026-04-10,DS1055,Delhi NCR,Tier 1,treated,198,188,4,6,13.02,68.3,38971.0
2026-04-10,DS1056,Delhi NCR,Tier 1,treated,273,260,9,4,15.73,43.0,48271.0
2026-04-10,DS1057,Delhi NCR,Tier 1,treated,233,219,13,1,15.62,44.0,49955.0
2026-04-10,DS1058,Chennai,Tier 1,control,269,261,5,3,17.89,35.0,70584.0
2026-04-10,DS1059,Mumbai,Tier 1,treated,227,214,11,2,13.36,72.5,43574.0
2026-04-11,DS1000,Pune,Tier 1,control,236,227,7,2,18.36,35.0,42278.0
2026-04-11,DS1001,Bengaluru,Tier 1,treated,265,257,8,0,19.56,35.0,56089.0
2026-04-11,DS1002,Mumbai,Tier 1,treated,225,215,6,4,11.41,84.0,50540.0
2026-04-11,DS1003,Lucknow,Tier 2,control,116,111,4,1,13.95,58.5,28825.0
2026-04-11,DS1004,Pune,Tier 1,control,176,165,9,2,16.61,35.0,41246.0
2026-04-11,DS1005,Pune,Tier 1,control,174,161,9,4,17.93,35.0,42170.0
2026-04-11,DS1006,Pune,Tier 1,control,266,257,7,2,15.24,42.4,62246.0
2026-04-11,DS1007,Mumbai,Tier 1,treated,230,220,6,4,12.81,72.7,53460.0
2026-04-11,DS1008,Chennai,Tier 1,control,249,237,7,5,18.99,35.0,54196.0
2026-04-11,DS1009,Hyderabad,Tier 1,control,270,254,12,4,12.84,68.0,60488.0
2026-04-11,DS1010,Lucknow,Tier 2,control,78,71,6,1,18.04,35.0,15993.0
2026-04-11,DS1011,Pune,Tier 1,control,233,225,6,2,18.02,35.0,50366.0
2026-04-11,DS1012,Bengaluru,Tier 1,treated,279,264,9,6,13.73,63.6,47948.0
2026-04-11,DS1013,Pune,Tier 1,control,248,241,4,3,18.54,35.0,63937.0
2026-04-11,DS1014,Hyderabad,Tier 1,control,231,219,8,4,19.68,35.0,52228.0
2026-04-11,DS1015,Jaipur,Tier 2,control,156,152,4,0,14.92,49.0,35179.0
2026-04-11,DS1016,Mumbai,Tier 1,treated,233,221,8,4,15.14,50.1,57602.0
2026-04-11,DS1017,Chennai,Tier 1,control,201,195,3,3,15.09,46.0,40541.0
2026-04-11,DS1018,Bhopal,Tier 2,control,116,114,2,0,15.74,42.3,21972.0
2026-04-11,DS1019,Hyderabad,Tier 1,control,281,273,8,0,20.08,35.0,52209.0
2026-04-11,DS1020,Jaipur,Tier 2,control,154,149,5,0,19.51,35.0,26494.0
2026-04-11,DS1021,Bengaluru,Tier 1,treated,141,130,5,6,10.87,91.0,32792.0
2026-04-11,DS1022,Lucknow,Tier 2,control,187,173,10,4,16.3,35.0,35660.0
2026-04-11,DS1023,Mumbai,Tier 1,treated,256,240,13,3,15.01,49.0,65107.0
2026-04-11,DS1024,Mumbai,Tier 1,treated,346,333,11,2,14.72,55.9,85011.0
2026-04-11,DS1025,Jaipur,Tier 2,control,127,123,4,0,16.68,35.0,24558.0
2026-04-11,DS1026,Delhi NCR,Tier 1,treated,227,219,3,5,15.27,52.2,51547.0
2026-04-11,DS1027,Mumbai,Tier 1,treated,191,182,4,5,13.7,66.6,43310.0
2026-04-11,DS1028,Bhopal,Tier 2,control,217,209,8,0,14.95,49.5,51607.0
2026-04-11,DS1029,Jaipur,Tier 2,control,148,144,3,1,15.71,43.4,30472.0
2026-04-11,DS1030,Pune,Tier 1,control,282,272,8,2,16.63,35.0,73853.0
2026-04-11,DS1031,Mumbai,Tier 1,treated,210,199,5,6,15.72,46.6,49872.0
2026-04-11,DS1032,Chennai,Tier 1,control,237,223,8,6,16.31,35.0,44270.0
2026-04-11,DS1033,Jaipur,Tier 2,control,112,108,2,2,19.64,35.0,24107.0
2026-04-11,DS1034,Mumbai,Tier 1,treated,225,217,7,1,14.04,62.2,49962.0
2026-04-11,DS1035,Pune,Tier 1,control,267,255,11,1,16.89,35.0,51508.0
2026-04-11,DS1036,Lucknow,Tier 2,control,110,102,7,1,14.2,56.1,22506.0
2026-04-11,DS1037,Lucknow,Tier 2,control,156,148,6,2,16.49,35.0,25872.0
2026-04-11,DS1038,Delhi NCR,Tier 1,treated,248,236,7,5,12.37,76.8,54079.0
2026-04-11,DS1039,Lucknow,Tier 2,control,124,119,5,0,13.62,66.6,25299.0
2026-04-11,DS1040,Hyderabad,Tier 1,control,232,220,8,4,17.2,35.0,56942.0
2026-04-11,DS1041,Lucknow,Tier 2,control,137,131,4,2,17.22,35.0,30224.0
2026-04-11,DS1042,Jaipur,Tier 2,control,134,132,1,1,16.21,39.8,24473.0
2026-04-11,DS1043,Indore,Tier 2,control,112,110,2,0,11.65,80.9,23175.0
2026-04-11,DS1044,Bengaluru,Tier 1,treated,199,188,8,3,13.94,55.9,44804.0
2026-04-11,DS1045,Delhi NCR,Tier 1,treated,232,223,7,2,11.91,79.9,54578.0
2026-04-11,DS1046,Bengaluru,Tier 1,treated,198,189,6,3,17.0,35.0,49705.0
2026-04-11,DS1047,Bengaluru,Tier 1,treated,205,194,4,7,16.73,35.0,43362.0
2026-04-11,DS1048,Mumbai,Tier 1,treated,201,192,8,1,14.25,56.9,38452.0
2026-04-11,DS1049,Jaipur,Tier 2,control,152,148,2,2,14.2,60.9,28373.0
2026-04-11,DS1050,Chennai,Tier 1,control,150,142,4,4,14.95,49.0,37508.0
2026-04-11,DS1051,Chennai,Tier 1,control,235,224,6,5,15.81,41.3,52056.0
2026-04-11,DS1052,Jaipur,Tier 2,control,114,110,2,2,15.78,40.8,19900.0
2026-04-11,DS1053,Bhopal,Tier 2,control,118,114,3,1,16.86,35.0,20810.0
2026-04-11,DS1054,Pune,Tier 1,control,281,272,7,2,17.1,35.0,70377.0
2026-04-11,DS1055,Delhi NCR,Tier 1,treated,220,213,4,3,14.09,57.1,42602.0
2026-04-11,DS1056,Delhi NCR,Tier 1,treated,294,281,10,3,15.15,50.5,66544.0
2026-04-11,DS1057,Delhi NCR,Tier 1,treated,199,190,5,4,16.45,38.6,44600.0
2026-04-11,DS1058,Chennai,Tier 1,control,238,229,8,1,19.3,35.0,56659.0
2026-04-11,DS1059,Mumbai,Tier 1,treated,252,239,10,3,14.54,59.4,47753.0
2026-04-12,DS1000,Pune,Tier 1,control,224,215,7,2,17.36,35.0,39245.0
2026-04-12,DS1001,Bengaluru,Tier 1,treated,173,164,8,1,17.97,35.0,42723.0
2026-04-12,DS1002,Mumbai,Tier 1,treated,194,184,7,3,13.85,55.7,43259.0
2026-04-12,DS1003,Lucknow,Tier 2,control,120,118,2,0,15.31,48.9,26798.0
2026-04-12,DS1004,Pune,Tier 1,control,168,159,4,5,15.42,47.9,33373.0
2026-04-12,DS1005,Pune,Tier 1,control,140,135,5,0,15.0,49.8,25262.0
2026-04-12,DS1006,Pune,Tier 1,control,228,216,10,2,13.36,69.5,56376.0
2026-04-12,DS1007,Mumbai,Tier 1,treated,173,163,7,3,11.92,75.9,42676.0
2026-04-12,DS1008,Chennai,Tier 1,control,220,204,10,6,17.87,35.0,53283.0
2026-04-12,DS1009,Hyderabad,Tier 1,control,230,224,6,0,14.11,53.4,57669.0
2026-04-12,DS1010,Lucknow,Tier 2,control,70,66,3,1,17.97,35.0,14405.0
2026-04-12,DS1011,Pune,Tier 1,control,145,138,5,2,18.85,35.0,31328.0
2026-04-12,DS1012,Bengaluru,Tier 1,treated,185,181,4,0,15.06,41.9,43744.0
2026-04-12,DS1013,Pune,Tier 1,control,191,178,8,5,17.15,35.0,43810.0
2026-04-12,DS1014,Hyderabad,Tier 1,control,199,193,5,1,20.11,35.0,45426.0
2026-04-12,DS1015,Jaipur,Tier 2,control,150,147,2,1,16.51,35.0,28076.0
2026-04-12,DS1016,Mumbai,Tier 1,treated,199,191,8,0,12.86,76.5,35943.0
2026-04-12,DS1017,Chennai,Tier 1,control,140,136,4,0,14.2,56.3,34229.0
2026-04-12,DS1018,Bhopal,Tier 2,control,98,94,3,1,17.05,35.0,22313.0
2026-04-12,DS1019,Hyderabad,Tier 1,control,222,215,5,2,20.55,35.0,52146.0
2026-04-12,DS1020,Jaipur,Tier 2,control,124,117,5,2,16.31,35.0,23196.0
2026-04-12,DS1021,Bengaluru,Tier 1,treated,151,147,3,1,13.2,65.1,34794.0
2026-04-12,DS1022,Lucknow,Tier 2,control,133,127,5,1,13.97,62.4,23499.0
2026-04-12,DS1023,Mumbai,Tier 1,treated,212,202,10,0,12.59,78.0,46614.0
2026-04-12,DS1024,Mumbai,Tier 1,treated,253,245,7,1,15.18,43.3,65107.0
2026-04-12,DS1025,Jaipur,Tier 2,control,120,114,4,2,13.79,63.6,23589.0
2026-04-12,DS1026,Delhi NCR,Tier 1,treated,187,174,10,3,15.42,47.0,46356.0
2026-04-12,DS1027,Mumbai,Tier 1,treated,162,154,4,4,15.43,48.4,37591.0
2026-04-12,DS1028,Bhopal,Tier 2,control,187,178,9,0,14.86,49.2,38006.0
2026-04-12,DS1029,Jaipur,Tier 2,control,111,110,1,0,18.47,35.0,25178.0
2026-04-12,DS1030,Pune,Tier 1,control,244,233,6,5,16.37,35.0,63593.0
2026-04-12,DS1031,Mumbai,Tier 1,treated,165,155,7,3,14.0,61.0,36878.0
2026-04-12,DS1032,Chennai,Tier 1,control,190,180,6,4,16.08,41.1,40512.0
2026-04-12,DS1033,Jaipur,Tier 2,control,85,83,2,0,19.23,35.0,16595.0
2026-04-12,DS1034,Mumbai,Tier 1,treated,198,186,9,3,14.28,62.4,42876.0
2026-04-12,DS1035,Pune,Tier 1,control,225,216,7,2,18.06,35.0,48886.0
2026-04-12,DS1036,Lucknow,Tier 2,control,90,86,4,0,13.49,64.4,18790.0
2026-04-12,DS1037,Lucknow,Tier 2,control,137,129,6,2,16.21,38.9,30744.0
2026-04-12,DS1038,Delhi NCR,Tier 1,treated,205,196,5,4,9.78,92.5,49209.0
2026-04-12,DS1039,Lucknow,Tier 2,control,83,80,3,0,15.47,41.8,17053.0
2026-04-12,DS1040,Hyderabad,Tier 1,control,167,158,7,2,17.99,35.0,39834.0
2026-04-12,DS1041,Lucknow,Tier 2,control,110,103,5,2,16.87,35.0,18617.0
2026-04-12,DS1042,Jaipur,Tier 2,control,110,104,4,2,17.07,35.0,19924.0
2026-04-12,DS1043,Indore,Tier 2,control,104,94,8,2,13.38,75.1,19586.0
2026-04-12,DS1044,Bengaluru,Tier 1,treated,182,176,5,1,14.87,51.0,41903.0
2026-04-12,DS1045,Delhi NCR,Tier 1,treated,181,171,7,3,13.64,58.4,41350.0
2026-04-12,DS1046,Bengaluru,Tier 1,treated,161,148,11,2,15.84,40.0,30236.0
2026-04-12,DS1047,Bengaluru,Tier 1,treated,161,154,6,1,17.66,35.0,38499.0
2026-04-12,DS1048,Mumbai,Tier 1,treated,173,167,5,1,14.95,51.7,39992.0
2026-04-12,DS1049,Jaipur,Tier 2,control,139,135,2,2,14.68,51.6,29921.0
2026-04-12,DS1050,Chennai,Tier 1,control,122,116,3,3,15.26,41.3,30663.0
2026-04-12,DS1051,Chennai,Tier 1,control,209,202,5,2,16.17,44.0,60056.0
2026-04-12,DS1052,Jaipur,Tier 2,control,110,98,11,1,15.61,45.4,21321.0
2026-04-12,DS1053,Bhopal,Tier 2,control,110,107,2,1,15.27,43.4,22708.0
2026-04-12,DS1054,Pune,Tier 1,control,222,212,5,5,16.38,35.0,42548.0
2026-04-12,DS1055,Delhi NCR,Tier 1,treated,189,183,6,0,13.21,70.6,45797.0
2026-04-12,DS1056,Delhi NCR,Tier 1,treated,244,237,6,1,17.96,35.0,48939.0
2026-04-12,DS1057,Delhi NCR,Tier 1,treated,169,155,10,4,17.65,35.0,40386.0
2026-04-12,DS1058,Chennai,Tier 1,control,216,211,3,2,19.67,35.0,45303.0
2026-04-12,DS1059,Mumbai,Tier 1,treated,219,214,3,2,12.91,71.2,48701.0
2026-04-13,DS1000,Pune,Tier 1,control,227,211,12,4,15.86,39.9,50288.0
2026-04-13,DS1001,Bengaluru,Tier 1,treated,205,193,8,4,18.86,35.0,50476.0
2026-04-13,DS1002,Mumbai,Tier 1,treated,194,183,7,4,14.44,57.8,46035.0
2026-04-13,DS1003,Lucknow,Tier 2,control,114,112,2,0,16.07,35.0,22504.0
2026-04-13,DS1004,Pune,Tier 1,control,161,153,6,2,13.33,62.4,35173.0
2026-04-13,DS1005,Pune,Tier 1,control,153,146,5,2,17.1,35.0,36331.0
2026-04-13,DS1006,Pune,Tier 1,control,220,210,5,5,13.83,70.6,43408.0
2026-04-13,DS1007,Mumbai,Tier 1,treated,197,188,7,2,11.95,81.9,46335.0
2026-04-13,DS1008,Chennai,Tier 1,control,194,187,5,2,17.48,35.0,36537.0
2026-04-13,DS1009,Hyderabad,Tier 1,control,250,242,6,2,15.16,49.2,52134.0
2026-04-13,DS1010,Lucknow,Tier 2,control,83,79,3,1,17.62,35.0,20092.0
2026-04-13,DS1011,Pune,Tier 1,control,188,178,9,1,18.45,35.0,22830.0
2026-04-13,DS1012,Bengaluru,Tier 1,treated,210,199,9,2,16.16,35.0,39185.0
2026-04-13,DS1013,Pune,Tier 1,control,214,206,7,1,16.38,35.0,41796.0
2026-04-13,DS1014,Hyderabad,Tier 1,control,197,189,7,1,19.8,35.0,48355.0
2026-04-13,DS1015,Jaipur,Tier 2,control,135,127,5,3,16.85,37.2,25472.0
2026-04-13,DS1016,Mumbai,Tier 1,treated,222,214,5,3,13.76,63.4,50138.0
2026-04-13,DS1017,Chennai,Tier 1,control,176,168,5,3,13.68,60.6,47249.0
2026-04-13,DS1018,Bhopal,Tier 2,control,99,95,2,2,17.18,35.0,18435.0
2026-04-13,DS1019,Hyderabad,Tier 1,control,228,218,8,2,18.33,35.0,39185.0
2026-04-13,DS1020,Jaipur,Tier 2,control,134,126,6,2,17.73,35.0,26899.0
2026-04-13,DS1021,Bengaluru,Tier 1,treated,122,113,6,3,11.77,84.8,23905.0
2026-04-13,DS1022,Lucknow,Tier 2,control,164,157,4,3,15.98,41.7,30555.0
2026-04-13,DS1023,Mumbai,Tier 1,treated,220,210,5,5,14.2,61.1,55467.0
2026-04-13,DS1024,Mumbai,Tier 1,treated,236,229,6,1,16.65,35.0,52059.0
2026-04-13,DS1025,Jaipur,Tier 2,control,105,101,3,1,15.88,38.7,17234.0
2026-04-13,DS1026,Delhi NCR,Tier 1,treated,178,170,3,5,15.54,41.6,38750.0
2026-04-13,DS1027,Mumbai,Tier 1,treated,174,163,9,2,14.17,60.9,33609.0
2026-04-13,DS1028,Bhopal,Tier 2,control,164,157,7,0,17.03,35.0,29090.0
2026-04-13,DS1029,Jaipur,Tier 2,control,135,129,6,0,16.95,35.0,25980.0
2026-04-13,DS1030,Pune,Tier 1,control,243,228,11,4,16.74,35.0,60626.0
2026-04-13,DS1031,Mumbai,Tier 1,treated,195,186,8,1,16.56,35.0,44357.0
2026-04-13,DS1032,Chennai,Tier 1,control,206,195,8,3,18.09,35.0,43610.0
2026-04-13,DS1033,Jaipur,Tier 2,control,72,69,2,1,17.62,35.0,17487.0
2026-04-13,DS1034,Mumbai,Tier 1,treated,202,196,4,2,15.05,48.0,39742.0
2026-04-13,DS1035,Pune,Tier 1,control,246,238,7,1,16.86,35.0,49719.0
2026-04-13,DS1036,Lucknow,Tier 2,control,86,83,3,0,12.05,78.6,17361.0
2026-04-13,DS1037,Lucknow,Tier 2,control,157,152,4,1,16.53,35.0,30613.0
2026-04-13,DS1038,Delhi NCR,Tier 1,treated,228,218,5,5,11.12,82.0,55516.0
2026-04-13,DS1039,Lucknow,Tier 2,control,110,103,6,1,14.25,64.5,21175.0
2026-04-13,DS1040,Hyderabad,Tier 1,control,172,168,3,1,17.66,35.0,32439.0
2026-04-13,DS1041,Lucknow,Tier 2,control,99,96,3,0,17.78,35.0,21202.0
2026-04-13,DS1042,Jaipur,Tier 2,control,122,115,4,3,16.49,35.0,28853.0
2026-04-13,DS1043,Indore,Tier 2,control,120,109,8,3,13.29,64.7,20914.0
2026-04-13,DS1044,Bengaluru,Tier 1,treated,189,180,6,3,13.88,61.7,38045.0
2026-04-13,DS1045,Delhi NCR,Tier 1,treated,190,177,13,0,13.97,62.8,39230.0
2026-04-13,DS1046,Bengaluru,Tier 1,treated,172,165,5,2,17.12,35.0,41209.0
2026-04-13,DS1047,Bengaluru,Tier 1,treated,153,148,5,0,17.45,35.0,33767.0
2026-04-13,DS1048,Mumbai,Tier 1,treated,191,182,8,1,16.0,39.9,49940.0
2026-04-13,DS1049,Jaipur,Tier 2,control,132,126,3,3,16.75,35.0,28846.0
2026-04-13,DS1050,Chennai,Tier 1,control,142,137,5,0,15.73,42.3,39311.0
2026-04-13,DS1051,Chennai,Tier 1,control,186,179,6,1,15.88,40.4,39719.0
2026-04-13,DS1052,Jaipur,Tier 2,control,121,115,5,1,14.67,54.6,15446.0
2026-04-13,DS1053,Bhopal,Tier 2,control,101,97,2,2,13.15,72.1,24252.0
2026-04-13,DS1054,Pune,Tier 1,control,222,210,8,4,15.54,46.7,47611.0
2026-04-13,DS1055,Delhi NCR,Tier 1,treated,203,196,5,2,14.85,58.3,54737.0
2026-04-13,DS1056,Delhi NCR,Tier 1,treated,239,219,17,3,16.7,35.0,51917.0
2026-04-13,DS1057,Delhi NCR,Tier 1,treated,169,158,9,2,15.63,43.1,35632.0
2026-04-13,DS1058,Chennai,Tier 1,control,209,194,14,1,19.01,35.0,28999.0
2026-04-13,DS1059,Mumbai,Tier 1,treated,209,203,4,2,12.72,72.4,45473.0
2026-04-14,DS1000,Pune,Tier 1,control,213,203,9,1,17.79,35.0,40057.0
2026-04-14,DS1001,Bengaluru,Tier 1,treated,167,161,4,2,17.95,35.0,42848.0
2026-04-14,DS1002,Mumbai,Tier 1,treated,181,172,6,3,14.69,52.5,35756.0
2026-04-14,DS1003,Lucknow,Tier 2,control,109,100,8,1,16.1,44.6,17617.0
2026-04-14,DS1004,Pune,Tier 1,control,159,149,10,0,14.09,61.9,39547.0
2026-04-14,DS1005,Pune,Tier 1,control,133,129,4,0,16.8,35.0,30803.0
2026-04-14,DS1006,Pune,Tier 1,control,219,205,9,5,12.41,78.6,42877.0
2026-04-14,DS1007,Mumbai,Tier 1,treated,198,188,6,4,11.71,79.0,34411.0
2026-04-14,DS1008,Chennai,Tier 1,control,214,207,6,1,19.46,35.0,46868.0
2026-04-14,DS1009,Hyderabad,Tier 1,control,256,243,7,6,14.25,60.8,66597.0
2026-04-14,DS1010,Lucknow,Tier 2,control,84,80,2,2,17.71,35.0,14251.0
2026-04-14,DS1011,Pune,Tier 1,control,164,160,4,0,18.46,35.0,40474.0
2026-04-14,DS1012,Bengaluru,Tier 1,treated,217,212,4,1,15.19,52.9,47390.0
2026-04-14,DS1013,Pune,Tier 1,control,238,226,7,5,15.65,45.1,50986.0
2026-04-14,DS1014,Hyderabad,Tier 1,control,194,184,5,5,19.57,35.0,36494.0
2026-04-14,DS1015,Jaipur,Tier 2,control,126,119,5,2,15.56,49.2,25339.0
2026-04-14,DS1016,Mumbai,Tier 1,treated,191,185,4,2,13.47,68.0,45485.0
2026-04-14,DS1017,Chennai,Tier 1,control,169,161,6,2,14.07,51.1,32894.0
2026-04-14,DS1018,Bhopal,Tier 2,control,106,104,0,2,17.29,35.0,23466.0
2026-04-14,DS1019,Hyderabad,Tier 1,control,240,228,9,3,18.28,35.0,42344.0
2026-04-14,DS1020,Jaipur,Tier 2,control,131,125,4,2,19.81,35.0,21166.0
2026-04-14,DS1021,Bengaluru,Tier 1,treated,146,137,7,2,12.12,85.2,36813.0
2026-04-14,DS1022,Lucknow,Tier 2,control,148,139,9,0,14.6,53.5,30157.0
2026-04-14,DS1023,Mumbai,Tier 1,treated,222,204,13,5,13.44,66.5,44506.0
2026-04-14,DS1024,Mumbai,Tier 1,treated,236,226,4,6,14.67,53.8,53002.0
2026-04-14,DS1025,Jaipur,Tier 2,control,109,102,5,2,17.19,35.0,17946.0
2026-04-14,DS1026,Delhi NCR,Tier 1,treated,190,184,3,3,15.57,50.5,40266.0
2026-04-14,DS1027,Mumbai,Tier 1,treated,140,134,5,1,14.29,57.3,37900.0
2026-04-14,DS1028,Bhopal,Tier 2,control,174,165,7,2,14.82,55.0,29787.0
2026-04-14,DS1029,Jaipur,Tier 2,control,139,134,3,2,16.54,35.0,25615.0
2026-04-14,DS1030,Pune,Tier 1,control,285,272,11,2,16.89,35.0,72960.0
2026-04-14,DS1031,Mumbai,Tier 1,treated,181,176,3,2,13.79,66.2,44512.0
2026-04-14,DS1032,Chennai,Tier 1,control,198,183,13,2,17.32,35.0,41955.0
2026-04-14,DS1033,Jaipur,Tier 2,control,68,65,1,2,20.32,35.0,15095.0
2026-04-14,DS1034,Mumbai,Tier 1,treated,184,173,10,1,14.15,50.0,46471.0
2026-04-14,DS1035,Pune,Tier 1,control,243,231,10,2,16.89,35.0,61771.0
2026-04-14,DS1036,Lucknow,Tier 2,control,96,87,7,2,12.93,81.0,23441.0
2026-04-14,DS1037,Lucknow,Tier 2,control,118,112,5,1,17.43,35.0,28724.0
2026-04-14,DS1038,Delhi NCR,Tier 1,treated,231,221,10,0,12.95,75.6,45816.0
2026-04-14,DS1039,Lucknow,Tier 2,control,101,101,0,0,13.0,71.2,21519.0
2026-04-14,DS1040,Hyderabad,Tier 1,control,184,177,5,2,16.66,35.0,41780.0
2026-04-14,DS1041,Lucknow,Tier 2,control,118,116,1,1,16.74,35.0,19705.0
2026-04-14,DS1042,Jaipur,Tier 2,control,120,111,6,3,15.67,42.6,23252.0
2026-04-14,DS1043,Indore,Tier 2,control,121,118,3,0,12.09,76.8,24883.0
2026-04-14,DS1044,Bengaluru,Tier 1,treated,186,175,8,3,13.65,65.5,35523.0
2026-04-14,DS1045,Delhi NCR,Tier 1,treated,182,170,9,3,12.73,73.7,41059.0
2026-04-14,DS1046,Bengaluru,Tier 1,treated,160,154,5,1,14.64,55.4,32372.0
2026-04-14,DS1047,Bengaluru,Tier 1,treated,160,156,1,3,18.39,35.0,37098.0
2026-04-14,DS1048,Mumbai,Tier 1,treated,208,194,8,6,14.98,54.1,40779.0
2026-04-14,DS1049,Jaipur,Tier 2,control,129,125,1,3,17.19,35.0,30141.0
2026-04-14,DS1050,Chennai,Tier 1,control,127,120,7,0,12.87,75.4,28628.0
2026-04-14,DS1051,Chennai,Tier 1,control,215,208,4,3,16.55,35.0,54442.0
2026-04-14,DS1052,Jaipur,Tier 2,control,117,110,6,1,14.48,57.3,22302.0
2026-04-14,DS1053,Bhopal,Tier 2,control,113,108,5,0,16.85,35.0,24306.0
2026-04-14,DS1054,Pune,Tier 1,control,260,247,8,5,16.57,35.0,59712.0
2026-04-14,DS1055,Delhi NCR,Tier 1,treated,186,170,13,3,13.2,73.8,44827.0
2026-04-14,DS1056,Delhi NCR,Tier 1,treated,232,221,5,6,15.71,41.4,59640.0
2026-04-14,DS1057,Delhi NCR,Tier 1,treated,177,166,8,3,17.2,35.0,50528.0
2026-04-14,DS1058,Chennai,Tier 1,control,227,217,7,3,16.23,36.0,45464.0
2026-04-14,DS1059,Mumbai,Tier 1,treated,197,184,10,3,13.18,67.2,44119.0
2026-04-15,DS1000,Pune,Tier 1,control,216,207,9,0,15.58,37.9,48288.0
2026-04-15,DS1001,Bengaluru,Tier 1,treated,196,187,7,2,17.14,35.0,37614.0
2026-04-15,DS1002,Mumbai,Tier 1,treated,206,195,9,2,13.59,67.6,48348.0
2026-04-15,DS1003,Lucknow,Tier 2,control,112,104,6,2,15.29,49.1,23863.0
2026-04-15,DS1004,Pune,Tier 1,control,157,152,3,2,14.59,49.3,34075.0
2026-04-15,DS1005,Pune,Tier 1,control,148,140,8,0,17.14,35.0,36005.0
2026-04-15,DS1006,Pune,Tier 1,control,258,246,7,5,14.03,63.1,57533.0
2026-04-15,DS1007,Mumbai,Tier 1,treated,184,180,3,1,12.9,67.6,37187.0
2026-04-15,DS1008,Chennai,Tier 1,control,202,198,3,1,20.49,35.0,48940.0
2026-04-15,DS1009,Hyderabad,Tier 1,control,263,251,9,3,14.64,55.5,62894.0
2026-04-15,DS1010,Lucknow,Tier 2,control,81,72,6,3,18.55,35.0,13721.0
2026-04-15,DS1011,Pune,Tier 1,control,162,151,7,4,19.04,35.0,32470.0
2026-04-15,DS1012,Bengaluru,Tier 1,treated,206,194,8,4,15.66,47.5,47739.0
2026-04-15,DS1013,Pune,Tier 1,control,203,198,4,1,17.62,35.0,47686.0
2026-04-15,DS1014,Hyderabad,Tier 1,control,169,161,6,2,19.85,35.0,40217.0
2026-04-15,DS1015,Jaipur,Tier 2,control,124,120,3,1,17.98,35.0,23896.0
2026-04-15,DS1016,Mumbai,Tier 1,treated,204,200,1,3,14.97,57.9,46432.0
2026-04-15,DS1017,Chennai,Tier 1,control,164,159,3,2,14.9,52.1,33951.0
2026-04-15,DS1018,Bhopal,Tier 2,control,85,83,2,0,16.2,35.0,15614.0
2026-04-15,DS1019,Hyderabad,Tier 1,control,224,211,9,4,19.81,35.0,56100.0
2026-04-15,DS1020,Jaipur,Tier 2,control,126,121,4,1,18.45,35.0,21968.0
2026-04-15,DS1021,Bengaluru,Tier 1,treated,139,134,4,1,13.58,67.8,25927.0
2026-04-15,DS1022,Lucknow,Tier 2,control,151,144,6,1,14.7,58.6,32497.0
2026-04-15,DS1023,Mumbai,Tier 1,treated,218,209,7,2,14.64,54.2,44846.0
2026-04-15,DS1024,Mumbai,Tier 1,treated,271,260,6,5,14.52,56.0,63612.0
2026-04-15,DS1025,Jaipur,Tier 2,control,94,92,2,0,16.32,35.0,22463.0
2026-04-15,DS1026,Delhi NCR,Tier 1,treated,182,176,4,2,15.41,46.9,43971.0
2026-04-15,DS1027,Mumbai,Tier 1,treated,180,174,6,0,14.76,59.1,42178.0
2026-04-15,DS1028,Bhopal,Tier 2,control,181,170,10,1,14.31,56.0,31574.0
2026-04-15,DS1029,Jaipur,Tier 2,control,116,111,2,3,16.22,35.0,24853.0
2026-04-15,DS1030,Pune,Tier 1,control,262,255,6,1,15.44,42.2,50748.0
2026-04-15,DS1031,Mumbai,Tier 1,treated,180,171,8,1,14.88,45.8,32339.0
2026-04-15,DS1032,Chennai,Tier 1,control,189,184,3,2,18.28,35.0,43281.0
2026-04-15,DS1033,Jaipur,Tier 2,control,84,78,3,3,20.26,35.0,15307.0
2026-04-15,DS1034,Mumbai,Tier 1,treated,159,154,4,1,14.78,52.3,40310.0
2026-04-15,DS1035,Pune,Tier 1,control,224,216,5,3,17.25,35.0,56491.0
2026-04-15,DS1036,Lucknow,Tier 2,control,85,83,1,1,14.8,51.6,12356.0
2026-04-15,DS1037,Lucknow,Tier 2,control,134,125,7,2,15.87,37.4,20505.0
2026-04-15,DS1038,Delhi NCR,Tier 1,treated,220,213,5,2,11.27,92.2,47415.0
2026-04-15,DS1039,Lucknow,Tier 2,control,93,89,3,1,12.21,80.4,19063.0
2026-04-15,DS1040,Hyderabad,Tier 1,control,188,186,2,0,18.79,35.0,44881.0
2026-04-15,DS1041,Lucknow,Tier 2,control,97,92,4,1,17.07,35.0,20584.0
2026-04-15,DS1042,Jaipur,Tier 2,control,125,123,1,1,16.68,35.1,26125.0
2026-04-15,DS1043,Indore,Tier 2,control,92,85,7,0,13.77,63.2,19315.0
2026-04-15,DS1044,Bengaluru,Tier 1,treated,162,149,9,4,13.28,70.9,30647.0
2026-04-15,DS1045,Delhi NCR,Tier 1,treated,179,170,6,3,12.81,71.0,41367.0
2026-04-15,DS1046,Bengaluru,Tier 1,treated,169,162,5,2,14.56,51.0,50475.0
2026-04-15,DS1047,Bengaluru,Tier 1,treated,174,165,7,2,15.34,45.5,42527.0
2026-04-15,DS1048,Mumbai,Tier 1,treated,169,162,7,0,14.56,50.3,37067.0
2026-04-15,DS1049,Jaipur,Tier 2,control,128,120,5,3,12.91,67.2,26994.0
2026-04-15,DS1050,Chennai,Tier 1,control,159,152,4,3,12.66,80.9,37641.0
2026-04-15,DS1051,Chennai,Tier 1,control,208,197,7,4,14.37,65.8,48431.0
2026-04-15,DS1052,Jaipur,Tier 2,control,90,87,2,1,16.19,37.7,19849.0
2026-04-15,DS1053,Bhopal,Tier 2,control,95,92,3,0,13.94,55.2,18982.0
2026-04-15,DS1054,Pune,Tier 1,control,226,212,8,6,17.78,35.0,49224.0
2026-04-15,DS1055,Delhi NCR,Tier 1,treated,179,172,4,3,14.03,65.0,43062.0
2026-04-15,DS1056,Delhi NCR,Tier 1,treated,261,246,10,5,16.25,35.0,48625.0
2026-04-15,DS1057,Delhi NCR,Tier 1,treated,176,168,5,3,14.95,53.5,41431.0
2026-04-15,DS1058,Chennai,Tier 1,control,213,198,10,5,18.52,35.0,46291.0
2026-04-15,DS1059,Mumbai,Tier 1,treated,212,204,6,2,13.55,57.9,51969.0
2026-04-16,DS1000,Pune,Tier 1,control,246,236,8,2,17.15,35.0,61751.0
2026-04-16,DS1001,Bengaluru,Tier 1,treated,192,183,6,3,16.77,35.0,36783.0
2026-04-16,DS1002,Mumbai,Tier 1,treated,193,183,5,5,13.57,72.6,40621.0
2026-04-16,DS1003,Lucknow,Tier 2,control,101,94,6,1,15.18,43.5,19234.0
2026-04-16,DS1004,Pune,Tier 1,control,181,173,5,3,14.32,65.6,33616.0
2026-04-16,DS1005,Pune,Tier 1,control,161,154,5,2,18.21,35.0,38087.0
2026-04-16,DS1006,Pune,Tier 1,control,230,215,11,4,15.91,48.1,58287.0
2026-04-16,DS1007,Mumbai,Tier 1,treated,199,185,10,4,12.49,74.9,45084.0
2026-04-16,DS1008,Chennai,Tier 1,control,204,197,6,1,17.84,35.0,43339.0
2026-04-16,DS1009,Hyderabad,Tier 1,control,227,220,5,2,15.06,46.6,51670.0
2026-04-16,DS1010,Lucknow,Tier 2,control,64,60,3,1,17.97,35.0,11335.0
2026-04-16,DS1011,Pune,Tier 1,control,159,143,15,1,19.85,35.0,30537.0
2026-04-16,DS1012,Bengaluru,Tier 1,treated,202,193,7,2,15.92,43.3,44888.0
2026-04-16,DS1013,Pune,Tier 1,control,215,212,1,2,15.55,42.4,51953.0
2026-04-16,DS1014,Hyderabad,Tier 1,control,188,181,5,2,19.79,35.0,35814.0
2026-04-16,DS1015,Jaipur,Tier 2,control,125,122,2,1,14.81,47.6,18742.0
2026-04-16,DS1016,Mumbai,Tier 1,treated,220,215,5,0,13.55,62.7,53015.0
2026-04-16,DS1017,Chennai,Tier 1,control,153,146,6,1,14.86,43.9,39138.0
2026-04-16,DS1018,Bhopal,Tier 2,control,106,96,5,5,16.53,36.3,21820.0
2026-04-16,DS1019,Hyderabad,Tier 1,control,254,237,11,6,18.52,35.0,53094.0
2026-04-16,DS1020,Jaipur,Tier 2,control,126,121,4,1,18.1,35.0,26536.0
2026-04-16,DS1021,Bengaluru,Tier 1,treated,156,148,5,3,13.39,68.1,29595.0
2026-04-16,DS1022,Lucknow,Tier 2,control,143,137,5,1,14.63,48.6,35469.0
2026-04-16,DS1023,Mumbai,Tier 1,treated,230,221,6,3,14.46,59.2,51236.0
2026-04-16,DS1024,Mumbai,Tier 1,treated,243,231,9,3,14.79,53.5,60224.0
2026-04-16,DS1025,Jaipur,Tier 2,control,116,109,6,1,16.81,35.0,24081.0
2026-04-16,DS1026,Delhi NCR,Tier 1,treated,176,165,7,4,14.35,59.1,41532.0
2026-04-16,DS1027,Mumbai,Tier 1,treated,158,150,6,2,16.03,35.0,43663.0
2026-04-16,DS1028,Bhopal,Tier 2,control,153,145,5,3,16.02,35.0,30589.0
2026-04-16,DS1029,Jaipur,Tier 2,control,124,117,3,4,18.03,35.0,24273.0
2026-04-16,DS1030,Pune,Tier 1,control,249,232,8,9,15.78,39.1,46327.0
2026-04-16,DS1031,Mumbai,Tier 1,treated,181,168,6,7,15.31,44.1,35732.0
2026-04-16,DS1032,Chennai,Tier 1,control,196,189,5,2,18.06,35.0,46489.0
2026-04-16,DS1033,Jaipur,Tier 2,control,72,68,2,2,20.15,35.0,14668.0
2026-04-16,DS1034,Mumbai,Tier 1,treated,179,174,5,0,14.97,51.1,32948.0
2026-04-16,DS1035,Pune,Tier 1,control,260,254,4,2,16.28,35.0,59158.0
2026-04-16,DS1036,Lucknow,Tier 2,control,87,84,1,2,13.68,68.5,18173.0
2026-04-16,DS1037,Lucknow,Tier 2,control,146,138,5,3,17.96,35.0,24486.0
2026-04-16,DS1038,Delhi NCR,Tier 1,treated,228,214,12,2,13.51,61.6,44334.0
2026-04-16,DS1039,Lucknow,Tier 2,control,121,115,4,2,14.44,60.6,25798.0
2026-04-16,DS1040,Hyderabad,Tier 1,control,174,159,11,4,16.19,41.5,40613.0
2026-04-16,DS1041,Lucknow,Tier 2,control,110,109,0,1,17.97,35.0,18686.0
2026-04-16,DS1042,Jaipur,Tier 2,control,112,106,3,3,16.45,37.7,21834.0
2026-04-16,DS1043,Indore,Tier 2,control,112,106,5,1,13.01,76.5,22251.0
2026-04-16,DS1044,Bengaluru,Tier 1,treated,182,172,6,4,13.35,64.4,36665.0
2026-04-16,DS1045,Delhi NCR,Tier 1,treated,181,172,5,4,14.1,62.9,40781.0
2026-04-16,DS1046,Bengaluru,Tier 1,treated,180,171,9,0,13.95,61.6,44427.0
2026-04-16,DS1047,Bengaluru,Tier 1,treated,153,145,6,2,17.13,35.0,38607.0
2026-04-16,DS1048,Mumbai,Tier 1,treated,181,171,8,2,14.28,61.4,40991.0
2026-04-16,DS1049,Jaipur,Tier 2,control,124,119,3,2,15.01,50.5,30273.0
2026-04-16,DS1050,Chennai,Tier 1,control,139,124,9,6,15.2,49.0,30611.0
2026-04-16,DS1051,Chennai,Tier 1,control,213,205,6,2,15.28,47.3,42551.0
2026-04-16,DS1052,Jaipur,Tier 2,control,116,114,2,0,17.07,35.0,25060.0
2026-04-16,DS1053,Bhopal,Tier 2,control,98,91,4,3,12.75,78.9,21326.0
2026-04-16,DS1054,Pune,Tier 1,control,223,217,4,2,16.7,35.0,46715.0
2026-04-16,DS1055,Delhi NCR,Tier 1,treated,192,184,5,3,12.16,72.6,49342.0
2026-04-16,DS1056,Delhi NCR,Tier 1,treated,262,244,12,6,16.87,35.0,53689.0
2026-04-16,DS1057,Delhi NCR,Tier 1,treated,164,156,7,1,18.16,35.0,34453.0
2026-04-16,DS1058,Chennai,Tier 1,control,209,201,7,1,18.77,35.0,39101.0
2026-04-16,DS1059,Mumbai,Tier 1,treated,179,172,4,3,13.96,59.6,44854.0
2026-04-17,DS1000,Pune,Tier 1,control,251,243,6,2,17.62,35.0,47746.0
2026-04-17,DS1001,Bengaluru,Tier 1,treated,248,237,7,4,19.63,35.0,51997.0
2026-04-17,DS1002,Mumbai,Tier 1,treated,228,217,8,3,13.29,73.0,55353.0
2026-04-17,DS1003,Lucknow,Tier 2,control,140,136,3,1,14.72,59.8,29661.0
2026-04-17,DS1004,Pune,Tier 1,control,169,164,3,2,14.26,57.1,44388.0
2026-04-17,DS1005,Pune,Tier 1,control,166,162,4,0,14.59,51.9,35595.0
2026-04-17,DS1006,Pune,Tier 1,control,273,261,8,4,11.9,79.2,57066.0
2026-04-17,DS1007,Mumbai,Tier 1,treated,257,248,7,2,12.72,69.0,68798.0
2026-04-17,DS1008,Chennai,Tier 1,control,261,250,9,2,19.27,35.0,57710.0
2026-04-17,DS1009,Hyderabad,Tier 1,control,254,250,3,1,14.22,62.2,58652.0
2026-04-17,DS1010,Lucknow,Tier 2,control,99,94,5,0,18.45,35.0,21669.0
2026-04-17,DS1011,Pune,Tier 1,control,196,190,4,2,18.81,35.0,39695.0
2026-04-17,DS1012,Bengaluru,Tier 1,treated,231,222,6,3,14.5,50.8,45486.0
2026-04-17,DS1013,Pune,Tier 1,control,252,245,7,0,17.41,35.0,52066.0
2026-04-17,DS1014,Hyderabad,Tier 1,control,234,220,9,5,18.3,35.0,52038.0
2026-04-17,DS1015,Jaipur,Tier 2,control,182,173,9,0,15.19,48.8,28413.0
2026-04-17,DS1016,Mumbai,Tier 1,treated,245,235,8,2,12.27,78.1,59722.0
2026-04-17,DS1017,Chennai,Tier 1,control,214,200,12,2,13.45,62.6,39516.0
2026-04-17,DS1018,Bhopal,Tier 2,control,112,104,5,3,17.53,35.0,19435.0
2026-04-17,DS1019,Hyderabad,Tier 1,control,253,244,8,1,18.7,35.0,53450.0
2026-04-17,DS1020,Jaipur,Tier 2,control,167,160,7,0,18.89,35.0,34178.0
2026-04-17,DS1021,Bengaluru,Tier 1,treated,133,124,5,4,14.18,58.8,29407.0
2026-04-17,DS1022,Lucknow,Tier 2,control,187,178,6,3,14.74,52.2,36196.0
2026-04-17,DS1023,Mumbai,Tier 1,treated,249,240,5,4,14.57,64.6,57052.0
2026-04-17,DS1024,Mumbai,Tier 1,treated,281,271,8,2,14.48,57.4,63164.0
2026-04-17,DS1025,Jaipur,Tier 2,control,128,120,6,2,16.41,35.0,30436.0
2026-04-17,DS1026,Delhi NCR,Tier 1,treated,220,215,4,1,15.26,50.5,52389.0
2026-04-17,DS1027,Mumbai,Tier 1,treated,181,171,8,2,13.91,58.1,37798.0
2026-04-17,DS1028,Bhopal,Tier 2,control,210,196,13,1,15.76,47.2,34729.0
2026-04-17,DS1029,Jaipur,Tier 2,control,138,132,4,2,16.54,35.0,32120.0
2026-04-17,DS1030,Pune,Tier 1,control,312,298,12,2,17.42,35.0,75721.0
2026-04-17,DS1031,Mumbai,Tier 1,treated,194,183,9,2,13.2,68.3,37903.0
2026-04-17,DS1032,Chennai,Tier 1,control,268,260,7,1,17.6,35.0,50086.0
2026-04-17,DS1033,Jaipur,Tier 2,control,125,122,3,0,19.84,35.0,25183.0
2026-04-17,DS1034,Mumbai,Tier 1,treated,232,219,12,1,14.96,47.0,54148.0
2026-04-17,DS1035,Pune,Tier 1,control,270,257,9,4,15.26,45.2,61583.0
2026-04-17,DS1036,Lucknow,Tier 2,control,110,102,6,2,14.73,51.7,21178.0
2026-04-17,DS1037,Lucknow,Tier 2,control,176,162,12,2,17.91,35.0,27590.0
2026-04-17,DS1038,Delhi NCR,Tier 1,treated,234,221,7,6,11.33,82.9,55318.0
2026-04-17,DS1039,Lucknow,Tier 2,control,113,107,3,3,14.27,64.2,20679.0
2026-04-17,DS1040,Hyderabad,Tier 1,control,249,234,12,3,18.23,35.0,56831.0
2026-04-17,DS1041,Lucknow,Tier 2,control,118,112,5,1,18.92,35.0,25740.0
2026-04-17,DS1042,Jaipur,Tier 2,control,144,141,2,1,14.5,58.1,25079.0
2026-04-17,DS1043,Indore,Tier 2,control,141,132,8,1,14.04,64.5,29953.0
2026-04-17,DS1044,Bengaluru,Tier 1,treated,186,183,2,1,14.8,49.6,40913.0
2026-04-17,DS1045,Delhi NCR,Tier 1,treated,247,230,13,4,13.86,60.6,58176.0
2026-04-17,DS1046,Bengaluru,Tier 1,treated,203,195,5,3,14.36,57.8,36716.0
2026-04-17,DS1047,Bengaluru,Tier 1,treated,189,181,5,3,18.75,35.0,38815.0
2026-04-17,DS1048,Mumbai,Tier 1,treated,232,222,10,0,14.12,57.6,58763.0
2026-04-17,DS1049,Jaipur,Tier 2,control,145,136,5,4,15.09,50.1,27636.0
2026-04-17,DS1050,Chennai,Tier 1,control,179,172,5,2,14.56,46.0,35821.0
2026-04-17,DS1051,Chennai,Tier 1,control,245,228,13,4,13.57,66.5,47709.0
2026-04-17,DS1052,Jaipur,Tier 2,control,96,92,3,1,15.27,44.2,19837.0
2026-04-17,DS1053,Bhopal,Tier 2,control,116,112,3,1,13.71,64.6,21246.0
2026-04-17,DS1054,Pune,Tier 1,control,288,284,2,2,18.14,35.0,79221.0
2026-04-17,DS1055,Delhi NCR,Tier 1,treated,224,213,8,3,12.4,81.1,48172.0
2026-04-17,DS1056,Delhi NCR,Tier 1,treated,312,299,11,2,15.9,35.0,68742.0
2026-04-17,DS1057,Delhi NCR,Tier 1,treated,211,203,6,2,16.15,36.1,53059.0
2026-04-17,DS1058,Chennai,Tier 1,control,269,265,4,0,16.54,35.0,65828.0
2026-04-17,DS1059,Mumbai,Tier 1,treated,231,223,7,1,12.69,75.9,46286.0
2026-04-18,DS1000,Pune,Tier 1,control,240,226,10,4,16.9,35.0,58283.0
2026-04-18,DS1001,Bengaluru,Tier 1,treated,233,222,8,3,18.81,35.0,48677.0
2026-04-18,DS1002,Mumbai,Tier 1,treated,207,200,4,3,16.62,35.0,42333.0
2026-04-18,DS1003,Lucknow,Tier 2,control,130,120,8,2,16.8,35.0,27517.0
2026-04-18,DS1004,Pune,Tier 1,control,187,174,11,2,15.67,41.3,43950.0
2026-04-18,DS1005,Pune,Tier 1,control,184,174,7,3,15.52,39.1,46423.0
2026-04-18,DS1006,Pune,Tier 1,control,264,252,9,3,14.08,62.8,65406.0
2026-04-18,DS1007,Mumbai,Tier 1,treated,257,249,6,2,12.29,74.9,66448.0
2026-04-18,DS1008,Chennai,Tier 1,control,246,235,6,5,18.41,35.0,47492.0
2026-04-18,DS1009,Hyderabad,Tier 1,control,269,261,5,3,13.74,57.3,54032.0
2026-04-18,DS1010,Lucknow,Tier 2,control,106,100,5,1,19.24,35.0,22655.0
2026-04-18,DS1011,Pune,Tier 1,control,200,195,5,0,17.75,35.0,41588.0
2026-04-18,DS1012,Bengaluru,Tier 1,treated,267,256,9,2,16.36,38.7,68215.0
2026-04-18,DS1013,Pune,Tier 1,control,244,235,9,0,17.13,35.0,54754.0
2026-04-18,DS1014,Hyderabad,Tier 1,control,212,203,6,3,18.27,35.0,50864.0
2026-04-18,DS1015,Jaipur,Tier 2,control,155,150,5,0,15.71,46.5,28813.0
2026-04-18,DS1016,Mumbai,Tier 1,treated,256,245,9,2,12.81,72.8,56080.0
2026-04-18,DS1017,Chennai,Tier 1,control,181,174,5,2,15.25,41.6,45502.0
2026-04-18,DS1018,Bhopal,Tier 2,control,113,108,4,1,16.43,35.0,17702.0
2026-04-18,DS1019,Hyderabad,Tier 1,control,264,252,9,3,16.92,35.0,71095.0
2026-04-18,DS1020,Jaipur,Tier 2,control,165,157,7,1,18.9,35.0,35737.0
2026-04-18,DS1021,Bengaluru,Tier 1,treated,175,171,3,1,12.58,73.3,46970.0
2026-04-18,DS1022,Lucknow,Tier 2,control,172,162,7,3,13.82,62.0,40410.0
2026-04-18,DS1023,Mumbai,Tier 1,treated,270,260,10,0,14.43,60.0,67698.0
2026-04-18,DS1024,Mumbai,Tier 1,treated,296,279,10,7,16.92,35.0,58470.0
2026-04-18,DS1025,Jaipur,Tier 2,control,135,127,8,0,15.67,39.7,23989.0
2026-04-18,DS1026,Delhi NCR,Tier 1,treated,250,242,6,2,14.34,56.5,61525.0
2026-04-18,DS1027,Mumbai,Tier 1,treated,181,171,5,5,15.47,41.2,43890.0
2026-04-18,DS1028,Bhopal,Tier 2,control,195,189,3,3,16.26,37.4,39369.0
2026-04-18,DS1029,Jaipur,Tier 2,control,162,153,5,4,13.88,57.3,32436.0
2026-04-18,DS1030,Pune,Tier 1,control,298,287,7,4,16.17,35.0,77916.0
2026-04-18,DS1031,Mumbai,Tier 1,treated,210,201,6,3,13.81,69.3,46215.0
2026-04-18,DS1032,Chennai,Tier 1,control,243,230,8,5,16.98,35.0,55249.0
2026-04-18,DS1033,Jaipur,Tier 2,control,93,87,4,2,19.21,35.0,15355.0
2026-04-18,DS1034,Mumbai,Tier 1,treated,222,215,5,2,15.7,42.2,61678.0
2026-04-18,DS1035,Pune,Tier 1,control,279,268,7,4,15.51,45.1,68534.0
2026-04-18,DS1036,Lucknow,Tier 2,control,105,97,7,1,13.03,77.1,19260.0
2026-04-18,DS1037,Lucknow,Tier 2,control,160,151,6,3,17.61,35.0,38827.0
2026-04-18,DS1038,Delhi NCR,Tier 1,treated,243,236,6,1,10.98,86.7,57644.0
2026-04-18,DS1039,Lucknow,Tier 2,control,97,90,5,2,13.36,70.4,12217.0
2026-04-18,DS1040,Hyderabad,Tier 1,control,187,176,9,2,18.31,35.0,45431.0
2026-04-18,DS1041,Lucknow,Tier 2,control,109,104,3,2,16.48,35.0,21644.0
2026-04-18,DS1042,Jaipur,Tier 2,control,125,116,8,1,16.29,35.0,22760.0
2026-04-18,DS1043,Indore,Tier 2,control,126,120,6,0,14.66,54.1,26925.0
2026-04-18,DS1044,Bengaluru,Tier 1,treated,187,177,6,4,16.11,35.0,44802.0
2026-04-18,DS1045,Delhi NCR,Tier 1,treated,240,229,8,3,12.65,65.8,52680.0
2026-04-18,DS1046,Bengaluru,Tier 1,treated,201,189,10,2,15.8,42.5,51174.0
2026-04-18,DS1047,Bengaluru,Tier 1,treated,188,181,5,2,17.92,35.0,42779.0
2026-04-18,DS1048,Mumbai,Tier 1,treated,237,223,13,1,14.71,57.4,53201.0
2026-04-18,DS1049,Jaipur,Tier 2,control,172,166,6,0,14.89,51.1,39457.0
2026-04-18,DS1050,Chennai,Tier 1,control,184,172,10,2,14.75,52.9,32602.0
2026-04-18,DS1051,Chennai,Tier 1,control,262,250,9,3,15.66,42.9,59755.0
2026-04-18,DS1052,Jaipur,Tier 2,control,128,123,3,2,17.37,35.0,25658.0
2026-04-18,DS1053,Bhopal,Tier 2,control,126,115,11,0,16.32,45.5,25939.0
2026-04-18,DS1054,Pune,Tier 1,control,274,258,11,5,17.19,35.0,52425.0
2026-04-18,DS1055,Delhi NCR,Tier 1,treated,234,222,9,3,13.24,66.4,57392.0
2026-04-18,DS1056,Delhi NCR,Tier 1,treated,335,312,13,10,17.05,35.0,79508.0
2026-04-18,DS1057,Delhi NCR,Tier 1,treated,183,178,3,2,14.84,50.6,55134.0
2026-04-18,DS1058,Chennai,Tier 1,control,260,245,13,2,18.35,35.0,66799.0
2026-04-18,DS1059,Mumbai,Tier 1,treated,218,208,7,3,12.39,81.2,52050.0
2026-04-19,DS1000,Pune,Tier 1,control,182,171,8,3,16.86,35.0,40086.0
2026-04-19,DS1001,Bengaluru,Tier 1,treated,199,192,5,2,17.38,35.0,47392.0
2026-04-19,DS1002,Mumbai,Tier 1,treated,179,174,5,0,14.87,57.8,38249.0
2026-04-19,DS1003,Lucknow,Tier 2,control,116,111,5,0,15.9,43.1,18807.0
2026-04-19,DS1004,Pune,Tier 1,control,167,159,8,0,15.94,35.0,39921.0
2026-04-19,DS1005,Pune,Tier 1,control,145,137,8,0,15.3,44.7,33481.0
2026-04-19,DS1006,Pune,Tier 1,control,235,223,6,6,14.61,52.0,51411.0
2026-04-19,DS1007,Mumbai,Tier 1,treated,205,188,10,7,12.42,78.7,38085.0
2026-04-19,DS1008,Chennai,Tier 1,control,202,189,8,5,17.54,35.0,53918.0
2026-04-19,DS1009,Hyderabad,Tier 1,control,225,222,3,0,13.59,55.8,54282.0
2026-04-19,DS1010,Lucknow,Tier 2,control,80,78,1,1,18.23,35.0,17231.0
2026-04-19,DS1011,Pune,Tier 1,control,162,154,7,1,17.87,35.0,41902.0
2026-04-19,DS1012,Bengaluru,Tier 1,treated,214,205,7,2,15.27,46.8,49808.0
2026-04-19,DS1013,Pune,Tier 1,control,224,210,10,4,15.94,43.5,53711.0
2026-04-19,DS1014,Hyderabad,Tier 1,control,184,176,6,2,20.39,35.0,43355.0
2026-04-19,DS1015,Jaipur,Tier 2,control,144,137,4,3,15.25,46.4,35717.0
2026-04-19,DS1016,Mumbai,Tier 1,treated,204,196,5,3,12.61,72.5,50301.0
2026-04-19,DS1017,Chennai,Tier 1,control,152,146,5,1,15.83,37.7,42194.0
2026-04-19,DS1018,Bhopal,Tier 2,control,108,102,6,0,17.59,35.0,20197.0
2026-04-19,DS1019,Hyderabad,Tier 1,control,233,223,6,4,19.76,35.0,50901.0
2026-04-19,DS1020,Jaipur,Tier 2,control,113,109,4,0,17.54,35.0,25321.0
2026-04-19,DS1021,Bengaluru,Tier 1,treated,133,126,7,0,14.1,64.6,27786.0
2026-04-19,DS1022,Lucknow,Tier 2,control,149,143,3,3,14.8,54.1,30322.0
2026-04-19,DS1023,Mumbai,Tier 1,treated,200,190,7,3,15.68,35.9,52130.0
2026-04-19,DS1024,Mumbai,Tier 1,treated,241,232,4,5,14.42,58.3,61826.0
2026-04-19,DS1025,Jaipur,Tier 2,control,107,106,1,0,15.52,41.9,22310.0
2026-04-19,DS1026,Delhi NCR,Tier 1,treated,189,179,7,3,15.44,46.9,40262.0
2026-04-19,DS1027,Mumbai,Tier 1,treated,175,166,5,4,14.95,54.3,33842.0
2026-04-19,DS1028,Bhopal,Tier 2,control,166,156,6,4,17.16,35.0,30805.0
2026-04-19,DS1029,Jaipur,Tier 2,control,105,103,1,1,16.12,35.0,22391.0
2026-04-19,DS1030,Pune,Tier 1,control,247,235,8,4,16.05,38.5,65432.0
2026-04-19,DS1031,Mumbai,Tier 1,treated,194,184,6,4,13.27,71.6,45095.0
2026-04-19,DS1032,Chennai,Tier 1,control,212,201,7,4,19.11,35.0,49901.0
2026-04-19,DS1033,Jaipur,Tier 2,control,80,72,5,3,18.95,35.0,16652.0
2026-04-19,DS1034,Mumbai,Tier 1,treated,213,197,14,2,14.89,51.1,48455.0
2026-04-19,DS1035,Pune,Tier 1,control,219,214,4,1,15.99,35.0,51518.0
2026-04-19,DS1036,Lucknow,Tier 2,control,86,83,3,0,12.81,74.7,20017.0
2026-04-19,DS1037,Lucknow,Tier 2,control,158,150,5,3,17.02,35.0,35198.0
2026-04-19,DS1038,Delhi NCR,Tier 1,treated,213,200,9,4,11.81,77.4,46624.0
2026-04-19,DS1039,Lucknow,Tier 2,control,100,96,3,1,14.46,58.3,21640.0
2026-04-19,DS1040,Hyderabad,Tier 1,control,206,196,4,6,17.82,35.0,45633.0
2026-04-19,DS1041,Lucknow,Tier 2,control,106,98,6,2,17.09,35.0,20404.0
2026-04-19,DS1042,Jaipur,Tier 2,control,107,104,3,0,16.09,35.0,28892.0
2026-04-19,DS1043,Indore,Tier 2,control,123,114,7,2,14.22,68.6,24897.0
2026-04-19,DS1044,Bengaluru,Tier 1,treated,160,158,2,0,15.06,50.0,34160.0
2026-04-19,DS1045,Delhi NCR,Tier 1,treated,191,177,10,4,13.76,61.6,34112.0
2026-04-19,DS1046,Bengaluru,Tier 1,treated,188,181,5,2,15.57,44.1,47280.0
2026-04-19,DS1047,Bengaluru,Tier 1,treated,170,164,5,1,17.42,35.0,43866.0
2026-04-19,DS1048,Mumbai,Tier 1,treated,186,177,7,2,14.36,60.2,40133.0
2026-04-19,DS1049,Jaipur,Tier 2,control,153,148,4,1,15.23,44.2,31979.0
2026-04-19,DS1050,Chennai,Tier 1,control,116,109,5,2,12.54,77.0,23932.0
2026-04-19,DS1051,Chennai,Tier 1,control,191,185,3,3,16.11,35.6,48235.0
2026-04-19,DS1052,Jaipur,Tier 2,control,97,94,3,0,15.31,43.4,16806.0
2026-04-19,DS1053,Bhopal,Tier 2,control,82,77,4,1,14.14,59.6,19027.0
2026-04-19,DS1054,Pune,Tier 1,control,240,227,9,4,15.64,43.6,53392.0
2026-04-19,DS1055,Delhi NCR,Tier 1,treated,180,175,2,3,12.92,71.2,43186.0
2026-04-19,DS1056,Delhi NCR,Tier 1,treated,271,260,11,0,16.59,35.0,62123.0
2026-04-19,DS1057,Delhi NCR,Tier 1,treated,194,182,7,5,14.7,61.3,45177.0
2026-04-19,DS1058,Chennai,Tier 1,control,231,221,7,3,18.55,35.0,42085.0
2026-04-19,DS1059,Mumbai,Tier 1,treated,180,171,9,0,15.09,55.7,45009.0
2026-04-20,DS1000,Pune,Tier 1,control,205,192,7,6,17.96,35.0,52694.0
2026-04-20,DS1001,Bengaluru,Tier 1,treated,193,187,4,2,17.94,35.0,42348.0
2026-04-20,DS1002,Mumbai,Tier 1,treated,199,187,9,3,15.56,48.1,49089.0
2026-04-20,DS1003,Lucknow,Tier 2,control,103,97,5,1,14.51,55.0,19298.0
2026-04-20,DS1004,Pune,Tier 1,control,161,150,11,0,14.02,64.7,42229.0
2026-04-20,DS1005,Pune,Tier 1,control,160,152,7,1,19.01,35.0,32398.0
2026-04-20,DS1006,Pune,Tier 1,control,223,212,6,5,12.34,75.3,52703.0
2026-04-20,DS1007,Mumbai,Tier 1,treated,244,231,13,0,13.37,64.4,61750.0
2026-04-20,DS1008,Chennai,Tier 1,control,191,185,5,1,17.44,35.0,42262.0
2026-04-20,DS1009,Hyderabad,Tier 1,control,263,249,10,4,13.69,69.6,65112.0
2026-04-20,DS1010,Lucknow,Tier 2,control,68,64,0,4,17.71,35.0,12678.0
2026-04-20,DS1011,Pune,Tier 1,control,186,176,7,3,-1.923,35.0,37012.0
2026-04-20,DS1012,Bengaluru,Tier 1,treated,177,173,4,0,15.57,45.3,48083.0
2026-04-20,DS1013,Pune,Tier 1,control,240,231,7,2,17.83,35.0,53585.0
2026-04-20,DS1014,Hyderabad,Tier 1,control,166,161,4,1,19.25,35.0,40124.0
2026-04-20,DS1015,Jaipur,Tier 2,control,148,142,4,2,15.02,55.0,26388.0
2026-04-20,DS1016,Mumbai,Tier 1,treated,221,211,6,4,12.13,78.1,47176.0
2026-04-20,DS1017,Chennai,Tier 1,control,160,153,3,4,13.54,67.7,35703.0
2026-04-20,DS1018,Bhopal,Tier 2,control,89,89,0,0,16.26,35.0,19471.0
2026-04-20,DS1019,Hyderabad,Tier 1,control,255,247,6,2,17.74,35.0,59807.0
2026-04-20,DS1020,Jaipur,Tier 2,control,121,115,4,2,18.59,35.0,24961.0
2026-04-20,DS1021,Bengaluru,Tier 1,treated,112,107,4,1,13.93,66.2,26205.0
2026-04-20,DS1022,Lucknow,Tier 2,control,130,121,8,1,15.6,39.3,28846.0
2026-04-20,DS1023,Mumbai,Tier 1,treated,236,224,9,3,15.49,41.2,55347.0
2026-04-20,DS1024,Mumbai,Tier 1,treated,272,263,8,1,15.79,44.7,76921.0
2026-04-20,DS1025,Jaipur,Tier 2,control,111,104,6,1,16.07,35.0,20675.0
2026-04-20,DS1026,Delhi NCR,Tier 1,treated,212,204,4,4,14.43,56.3,42631.0
2026-04-20,DS1027,Mumbai,Tier 1,treated,165,156,9,0,14.73,55.3,37684.0
2026-04-20,DS1028,Bhopal,Tier 2,control,170,159,10,1,15.37,50.6,29387.0
2026-04-20,DS1029,Jaipur,Tier 2,control,112,108,1,3,15.84,39.3,21887.0
2026-04-20,DS1030,Pune,Tier 1,control,268,257,7,4,15.93,35.7,61828.0
2026-04-20,DS1031,Mumbai,Tier 1,treated,177,174,2,1,12.94,67.6,41487.0
2026-04-20,DS1032,Chennai,Tier 1,control,215,206,6,3,17.87,35.0,46442.0
2026-04-20,DS1033,Jaipur,Tier 2,control,85,83,2,0,19.07,35.0,19066.0
2026-04-20,DS1034,Mumbai,Tier 1,treated,201,196,4,1,15.26,41.7,46778.0
2026-04-20,DS1035,Pune,Tier 1,control,255,247,3,5,16.8,35.0,58482.0
2026-04-20,DS1036,Lucknow,Tier 2,control,85,81,2,2,11.74,81.4,18358.0
2026-04-20,DS1037,Lucknow,Tier 2,control,154,144,7,3,17.77,35.0,36111.0
2026-04-20,DS1038,Delhi NCR,Tier 1,treated,199,186,9,4,12.36,78.6,45667.0
2026-04-20,DS1039,Lucknow,Tier 2,control,94,87,6,1,14.68,56.3,16500.0
2026-04-20,DS1040,Hyderabad,Tier 1,control,183,176,6,1,17.05,35.0,36896.0
2026-04-20,DS1041,Lucknow,Tier 2,control,104,96,5,3,18.05,35.0,18697.0
2026-04-20,DS1042,Jaipur,Tier 2,control,130,121,6,3,15.97,36.1,27094.0
2026-04-20,DS1043,Indore,Tier 2,control,114,109,4,1,13.37,70.6,17806.0
2026-04-20,DS1044,Bengaluru,Tier 1,treated,161,153,3,5,14.95,52.8,41718.0
2026-04-20,DS1045,Delhi NCR,Tier 1,treated,205,196,9,0,12.84,75.1,47284.0
2026-04-20,DS1046,Bengaluru,Tier 1,treated,159,147,7,5,17.03,35.0,39215.0
2026-04-20,DS1047,Bengaluru,Tier 1,treated,164,158,4,2,17.79,35.0,35468.0
2026-04-20,DS1048,Mumbai,Tier 1,treated,185,176,7,2,14.4,57.3,49658.0
2026-04-20,DS1049,Jaipur,Tier 2,control,137,132,2,3,15.28,47.9,27040.0
2026-04-20,DS1050,Chennai,Tier 1,control,160,153,5,2,15.19,43.1,29406.0
2026-04-20,DS1051,Chennai,Tier 1,control,202,196,5,1,17.41,35.0,51015.0
2026-04-20,DS1052,Jaipur,Tier 2,control,104,96,7,1,15.79,49.0,20704.0
2026-04-20,DS1053,Bhopal,Tier 2,control,94,87,3,4,14.8,52.8,15869.0
2026-04-20,DS1054,Pune,Tier 1,control,244,232,8,4,17.58,35.0,51944.0
2026-04-20,DS1055,Delhi NCR,Tier 1,treated,180,172,6,2,11.61,81.8,36709.0
2026-04-20,DS1056,Delhi NCR,Tier 1,treated,263,255,8,0,16.83,35.0,46932.0
2026-04-20,DS1057,Delhi NCR,Tier 1,treated,189,181,7,1,15.92,49.2,46065.0
2026-04-20,DS1058,Chennai,Tier 1,control,245,234,10,1,18.48,35.0,60090.0
2026-04-20,DS1059,Mumbai,Tier 1,treated,183,176,6,1,13.51,64.2,41434.0
2026-04-21,DS1000,Pune,Tier 1,control,223,215,7,1,17.13,35.0,55854.0
2026-04-21,DS1001,Bengaluru,Tier 1,treated,195,182,11,2,16.77,35.0,42312.0
2026-04-21,DS1002,Mumbai,Tier 1,treated,201,192,8,1,14.15,52.8,46820.0
2026-04-21,DS1003,Lucknow,Tier 2,control,98,93,3,2,15.0,54.2,18468.0
2026-04-21,DS1004,Pune,Tier 1,control,137,132,3,2,16.11,39.7,28200.0
2026-04-21,DS1005,Pune,Tier 1,control,167,160,4,3,17.34,35.0,39159.0
2026-04-21,DS1006,Pune,Tier 1,control,246,242,4,0,13.42,65.9,50636.0
2026-04-21,DS1007,Mumbai,Tier 1,treated,203,194,8,1,11.31,85.9,51974.0
2026-04-21,DS1008,Chennai,Tier 1,control,217,209,6,2,17.78,36.0,40750.0
2026-04-21,DS1009,Hyderabad,Tier 1,control,255,248,7,0,15.09,47.4,59377.0
2026-04-21,DS1010,Lucknow,Tier 2,control,95,93,2,0,19.2,35.0,13618.0
2026-04-21,DS1011,Pune,Tier 1,control,173,160,11,2,20.6,35.0,34092.0
2026-04-21,DS1012,Bengaluru,Tier 1,treated,189,180,7,2,15.97,42.4,42383.0
2026-04-21,DS1013,Pune,Tier 1,control,224,215,5,4,17.07,35.0,43515.0
2026-04-21,DS1014,Hyderabad,Tier 1,control,199,189,10,0,19.64,35.0,44537.0
2026-04-21,DS1015,Jaipur,Tier 2,control,137,129,6,2,16.91,35.0,25658.0
2026-04-21,DS1016,Mumbai,Tier 1,treated,199,190,5,4,13.64,72.8,45420.0
2026-04-21,DS1017,Chennai,Tier 1,control,148,142,5,1,13.91,62.1,36220.0
2026-04-21,DS1018,Bhopal,Tier 2,control,91,82,8,1,17.77,35.0,18842.0
2026-04-21,DS1019,Hyderabad,Tier 1,control,229,221,7,1,18.4,35.0,54460.0
2026-04-21,DS1020,Jaipur,Tier 2,control,115,110,4,1,17.04,35.0,24241.0
2026-04-21,DS1021,Bengaluru,Tier 1,treated,131,123,7,1,13.13,69.1,25592.0
2026-04-21,DS1022,Lucknow,Tier 2,control,129,124,5,0,14.61,58.4,29411.0
2026-04-21,DS1023,Mumbai,Tier 1,treated,247,235,8,4,12.82,71.9,59742.0
2026-04-21,DS1024,Mumbai,Tier 1,treated,244,232,12,0,16.76,35.0,58057.0
2026-04-21,DS1025,Jaipur,Tier 2,control,108,102,3,3,16.48,39.1,24739.0
2026-04-21,DS1026,Delhi NCR,Tier 1,treated,201,194,6,1,15.98,35.0,41182.0
2026-04-21,DS1027,Mumbai,Tier 1,treated,160,152,6,2,14.3,60.8,38288.0
2026-04-21,DS1028,Bhopal,Tier 2,control,169,161,4,4,16.3,35.0,34143.0
2026-04-21,DS1029,Jaipur,Tier 2,control,99,95,4,0,16.35,35.0,21073.0
2026-04-21,DS1030,Pune,Tier 1,control,251,242,7,2,17.71,35.0,51121.0
2026-04-21,DS1031,Mumbai,Tier 1,treated,174,168,4,2,16.1,35.0,37521.0
2026-04-21,DS1032,Chennai,Tier 1,control,200,192,7,1,16.22,38.2,43812.0
2026-04-21,DS1033,Jaipur,Tier 2,control,77,75,2,0,20.07,35.0,20386.0
2026-04-21,DS1034,Mumbai,Tier 1,treated,196,193,3,0,15.67,42.8,56933.0
2026-04-21,DS1035,Pune,Tier 1,control,233,223,7,3,15.21,43.8,45522.0
2026-04-21,DS1036,Lucknow,Tier 2,control,93,86,5,2,14.32,50.5,20446.0
2026-04-21,DS1037,Lucknow,Tier 2,control,139,137,1,1,16.6,35.0,27598.0
2026-04-21,DS1038,Delhi NCR,Tier 1,treated,183,178,4,1,11.54,85.6,40643.0
2026-04-21,DS1039,Lucknow,Tier 2,control,107,101,6,0,14.84,48.7,17239.0
2026-04-21,DS1040,Hyderabad,Tier 1,control,219,214,4,1,17.57,35.0,51211.0
2026-04-21,DS1041,Lucknow,Tier 2,control,104,100,3,1,17.09,35.0,20899.0
2026-04-21,DS1042,Jaipur,Tier 2,control,94,87,5,2,16.81,40.0,18181.0
2026-04-21,DS1043,Indore,Tier 2,control,108,104,3,1,12.53,75.0,25519.0
2026-04-21,DS1044,Bengaluru,Tier 1,treated,158,152,2,4,13.65,63.8,29365.0
2026-04-21,DS1045,Delhi NCR,Tier 1,treated,182,169,11,2,13.71,67.7,42378.0
2026-04-21,DS1046,Bengaluru,Tier 1,treated,165,152,11,2,15.05,44.4,37733.0
2026-04-21,DS1047,Bengaluru,Tier 1,treated,158,154,4,0,18.17,35.0,36306.0
2026-04-21,DS1048,Mumbai,Tier 1,treated,241,220,13,8,14.91,51.1,49302.0
2026-04-21,DS1049,Jaipur,Tier 2,control,122,118,2,2,14.46,60.1,18803.0
2026-04-21,DS1050,Chennai,Tier 1,control,135,127,8,0,13.07,69.7,23579.0
2026-04-21,DS1051,Chennai,Tier 1,control,218,205,7,6,16.81,35.0,41194.0
2026-04-21,DS1052,Jaipur,Tier 2,control,105,95,7,3,15.29,45.5,17983.0
2026-04-21,DS1053,Bhopal,Tier 2,control,92,89,0,3,15.05,50.2,17876.0
2026-04-21,DS1054,Pune,Tier 1,control,211,201,9,1,17.51,35.0,48064.0
2026-04-21,DS1055,Delhi NCR,Tier 1,treated,191,183,4,4,12.01,80.8,40637.0
2026-04-21,DS1056,Delhi NCR,Tier 1,treated,243,234,7,2,16.2,35.0,57460.0
2026-04-21,DS1057,Delhi NCR,Tier 1,treated,184,179,5,0,15.95,35.0,44163.0
2026-04-21,DS1058,Chennai,Tier 1,control,204,192,9,3,17.74,35.0,47948.0
2026-04-21,DS1059,Mumbai,Tier 1,treated,181,167,9,5,14.96,52.5,34209.0
2026-04-22,DS1000,Pune,Tier 1,control,198,190,8,0,15.91,37.9,39009.0
2026-04-22,DS1001,Bengaluru,Tier 1,treated,199,182,12,5,16.7,35.0,51421.0
2026-04-22,DS1002,Mumbai,Tier 1,treated,195,186,5,4,12.67,71.9,35679.0
2026-04-22,DS1003,Lucknow,Tier 2,control,106,105,1,0,16.74,35.0,16254.0
2026-04-22,DS1004,Pune,Tier 1,control,148,139,7,2,15.37,45.5,33516.0
2026-04-22,DS1005,Pune,Tier 1,control,149,142,2,5,17.38,35.0,33944.0
2026-04-22,DS1006,Pune,Tier 1,control,221,214,5,2,13.21,75.8,40292.0
2026-04-22,DS1007,Mumbai,Tier 1,treated,195,183,9,3,12.62,73.7,41097.0
2026-04-22,DS1008,Chennai,Tier 1,control,215,205,5,5,19.53,35.0,46638.0
2026-04-22,DS1009,Hyderabad,Tier 1,control,223,212,9,2,13.68,64.6,56021.0
2026-04-22,DS1010,Lucknow,Tier 2,control,88,86,1,1,17.87,35.0,19369.0
2026-04-22,DS1011,Pune,Tier 1,control,184,179,4,1,20.13,35.0,49065.0
2026-04-22,DS1012,Bengaluru,Tier 1,treated,238,228,7,3,13.7,68.0,52709.0
2026-04-22,DS1013,Pune,Tier 1,control,220,212,4,4,18.43,35.0,49973.0
2026-04-22,DS1014,Hyderabad,Tier 1,control,219,209,8,2,19.32,35.0,44973.0
2026-04-22,DS1015,Jaipur,Tier 2,control,147,140,7,0,15.83,36.7,25686.0
2026-04-22,DS1016,Mumbai,Tier 1,treated,227,218,9,0,13.16,68.8,46923.0
2026-04-22,DS1017,Chennai,Tier 1,control,175,171,3,1,15.81,39.4,44485.0
2026-04-22,DS1018,Bhopal,Tier 2,control,111,108,0,3,16.11,41.7,31999.0
2026-04-22,DS1019,Hyderabad,Tier 1,control,260,249,10,1,19.91,35.0,56679.0
2026-04-22,DS1020,Jaipur,Tier 2,control,139,133,6,0,17.2,35.0,31863.0
2026-04-22,DS1021,Bengaluru,Tier 1,treated,127,122,5,0,13.0,72.7,33044.0
2026-04-22,DS1022,Lucknow,Tier 2,control,139,130,8,1,15.15,52.9,27274.0
2026-04-22,DS1023,Mumbai,Tier 1,treated,233,220,9,4,14.67,47.3,63048.0
2026-04-22,DS1024,Mumbai,Tier 1,treated,232,220,6,6,15.34,45.7,50157.0
2026-04-22,DS1025,Jaipur,Tier 2,control,129,120,6,3,14.7,55.5,24605.0
2026-04-22,DS1026,Delhi NCR,Tier 1,treated,192,183,4,5,14.76,50.6,31775.0
2026-04-22,DS1027,Mumbai,Tier 1,treated,166,160,5,1,14.65,56.8,35860.0
2026-04-22,DS1028,Bhopal,Tier 2,control,176,169,4,3,17.18,35.0,32330.0
2026-04-22,DS1029,Jaipur,Tier 2,control,116,111,3,2,16.45,35.0,24705.0
2026-04-22,DS1030,Pune,Tier 1,control,271,261,6,4,16.98,35.0,68187.0
2026-04-22,DS1031,Mumbai,Tier 1,treated,178,167,8,3,15.58,48.2,46281.0
2026-04-22,DS1032,Chennai,Tier 1,control,221,210,8,3,18.29,35.0,57551.0
2026-04-22,DS1033,Jaipur,Tier 2,control,73,72,1,0,18.77,35.0,14736.0
2026-04-22,DS1034,Mumbai,Tier 1,treated,185,171,13,1,16.94,35.0,45702.0
2026-04-22,DS1035,Pune,Tier 1,control,252,244,8,0,15.39,43.3,55951.0
2026-04-22,DS1036,Lucknow,Tier 2,control,85,83,1,1,12.78,72.3,12901.0
2026-04-22,DS1037,Lucknow,Tier 2,control,153,143,9,1,16.08,35.7,32463.0
2026-04-22,DS1038,Delhi NCR,Tier 1,treated,248,239,3,6,13.3,61.2,54542.0
2026-04-22,DS1039,Lucknow,Tier 2,control,92,86,5,1,12.75,76.4,17905.0
2026-04-22,DS1040,Hyderabad,Tier 1,control,184,175,9,0,16.79,35.0,39044.0
2026-04-22,DS1041,Lucknow,Tier 2,control,114,110,4,0,15.43,40.5,19674.0
2026-04-22,DS1042,Jaipur,Tier 2,control,108,104,3,1,17.32,35.0,21322.0
2026-04-22,DS1043,Indore,Tier 2,control,109,103,4,2,13.63,70.3,20321.0
2026-04-22,DS1044,Bengaluru,Tier 1,treated,184,176,4,4,12.32,83.2,38936.0
2026-04-22,DS1045,Delhi NCR,Tier 1,treated,184,173,10,1,15.44,47.3,43358.0
2026-04-22,DS1046,Bengaluru,Tier 1,treated,182,179,1,2,15.37,45.2,40775.0
2026-04-22,DS1047,Bengaluru,Tier 1,treated,175,169,4,2,18.08,35.0,33941.0
2026-04-22,DS1048,Mumbai,Tier 1,treated,195,185,8,2,13.54,67.5,43750.0
2026-04-22,DS1049,Jaipur,Tier 2,control,148,139,4,5,15.75,44.5,27918.0
2026-04-22,DS1050,Chennai,Tier 1,control,142,132,8,2,14.1,60.3,31620.0
2026-04-22,DS1051,Chennai,Tier 1,control,218,209,7,2,15.08,51.2,51201.0
2026-04-22,DS1052,Jaipur,Tier 2,control,113,110,3,0,14.26,51.0,26645.0
2026-04-22,DS1053,Bhopal,Tier 2,control,100,97,2,1,13.35,68.1,21153.0
2026-04-22,DS1054,Pune,Tier 1,control,224,209,11,4,16.22,35.0,46606.0
2026-04-22,DS1055,Delhi NCR,Tier 1,treated,180,176,3,1,13.64,63.4,40430.0
2026-04-22,DS1056,Delhi NCR,Tier 1,treated,262,253,6,3,16.1,35.0,60758.0
2026-04-22,DS1057,Delhi NCR,Tier 1,treated,194,187,7,0,15.72,37.9,45520.0
2026-04-22,DS1058,Chennai,Tier 1,control,227,219,7,1,16.65,35.0,53831.0
2026-04-22,DS1059,Mumbai,Tier 1,treated,212,205,5,2,15.56,38.9,48933.0
2026-04-23,DS1000,Pune,Tier 1,control,206,195,9,2,17.0,35.0,52659.0
2026-04-23,DS1001,Bengaluru,Tier 1,treated,212,200,9,3,18.05,35.0,46456.0
2026-04-23,DS1002,Mumbai,Tier 1,treated,210,197,11,2,14.07,58.0,46800.0
2026-04-23,DS1003,Lucknow,Tier 2,control,114,113,1,0,16.82,35.0,22877.0
2026-04-23,DS1004,Pune,Tier 1,control,166,155,6,5,16.14,41.3,40236.0
2026-04-23,DS1005,Pune,Tier 1,control,130,123,4,3,18.16,35.0,27504.0
2026-04-23,DS1006,Pune,Tier 1,control,229,220,8,1,14.49,60.2,45528.0
2026-04-23,DS1007,Mumbai,Tier 1,treated,190,181,4,5,13.54,63.5,42009.0
2026-04-23,DS1008,Chennai,Tier 1,control,228,217,7,4,19.79,35.0,53806.0
2026-04-23,DS1009,Hyderabad,Tier 1,control,273,265,6,2,15.07,49.1,57003.0
2026-04-23,DS1010,Lucknow,Tier 2,control,90,84,3,3,17.77,35.0,22165.0
2026-04-23,DS1011,Pune,Tier 1,control,183,171,9,3,17.82,35.0,38709.0
2026-04-23,DS1012,Bengaluru,Tier 1,treated,233,216,13,4,14.3,59.6,57413.0
2026-04-23,DS1013,Pune,Tier 1,control,195,185,5,5,14.82,55.4,51814.0
2026-04-23,DS1014,Hyderabad,Tier 1,control,191,181,7,3,19.52,35.0,41461.0
2026-04-23,DS1015,Jaipur,Tier 2,control,166,159,3,4,14.9,52.0,34257.0
2026-04-23,DS1016,Mumbai,Tier 1,treated,199,189,7,3,13.95,63.4,50416.0
2026-04-23,DS1017,Chennai,Tier 1,control,164,155,4,5,16.21,37.9,33841.0
2026-04-23,DS1018,Bhopal,Tier 2,control,113,108,3,2,16.13,36.4,28080.0
2026-04-23,DS1019,Hyderabad,Tier 1,control,240,226,9,5,19.13,35.0,46890.0
2026-04-23,DS1020,Jaipur,Tier 2,control,122,115,5,2,17.52,35.0,21551.0
2026-04-23,DS1021,Bengaluru,Tier 1,treated,131,127,3,1,13.11,74.1,30188.0
2026-04-23,DS1022,Lucknow,Tier 2,control,150,141,8,1,14.3,58.2,24235.0
2026-04-23,DS1023,Mumbai,Tier 1,treated,217,205,9,3,11.48,79.0,50351.0
2026-04-23,DS1024,Mumbai,Tier 1,treated,245,236,7,2,15.47,39.6,59240.0
2026-04-23,DS1025,Jaipur,Tier 2,control,116,110,6,0,16.75,35.0,20596.0
2026-04-23,DS1026,Delhi NCR,Tier 1,treated,204,193,8,3,13.95,60.8,50723.0
2026-04-23,DS1027,Mumbai,Tier 1,treated,147,142,3,2,15.67,43.6,31824.0
2026-04-23,DS1028,Bhopal,Tier 2,control,189,176,10,3,15.34,47.8,32809.0
2026-04-23,DS1029,Jaipur,Tier 2,control,109,106,2,1,15.24,48.6,24394.0
2026-04-23,DS1030,Pune,Tier 1,control,282,269,9,4,17.1,35.0,69201.0
2026-04-23,DS1031,Mumbai,Tier 1,treated,168,161,5,2,12.89,79.4,34403.0
2026-04-23,DS1032,Chennai,Tier 1,control,244,234,9,1,17.02,35.0,46456.0
2026-04-23,DS1033,Jaipur,Tier 2,control,77,73,4,0,19.01,35.0,15164.0
2026-04-23,DS1034,Mumbai,Tier 1,treated,186,174,8,4,14.78,52.7,45072.0
2026-04-23,DS1035,Pune,Tier 1,control,256,243,10,3,16.92,35.0,44505.0
2026-04-23,DS1036,Lucknow,Tier 2,control,90,88,2,0,14.49,48.8,17014.0
2026-04-23,DS1037,Lucknow,Tier 2,control,168,161,6,1,15.67,40.1,30424.0
2026-04-23,DS1038,Delhi NCR,Tier 1,treated,228,214,11,3,11.68,87.3,55667.0
2026-04-23,DS1039,Lucknow,Tier 2,control,85,80,3,2,14.01,65.2,17557.0
2026-04-23,DS1040,Hyderabad,Tier 1,control,191,180,9,2,17.65,35.0,52359.0
2026-04-23,DS1041,Lucknow,Tier 2,control,125,119,5,1,18.57,35.0,22327.0
2026-04-23,DS1042,Jaipur,Tier 2,control,117,114,1,2,17.46,35.0,26625.0
2026-04-23,DS1043,Indore,Tier 2,control,123,118,4,1,14.48,58.2,30430.0
2026-04-23,DS1044,Bengaluru,Tier 1,treated,181,174,5,2,12.68,73.0,37553.0
2026-04-23,DS1045,Delhi NCR,Tier 1,treated,196,188,7,1,14.5,51.7,49225.0
2026-04-23,DS1046,Bengaluru,Tier 1,treated,174,163,7,4,13.05,71.7,32430.0
2026-04-23,DS1047,Bengaluru,Tier 1,treated,145,139,5,1,17.42,35.0,33447.0
2026-04-23,DS1048,Mumbai,Tier 1,treated,219,205,10,4,15.68,40.5,48996.0
2026-04-23,DS1049,Jaipur,Tier 2,control,150,142,6,2,15.51,42.3,30181.0
2026-04-23,DS1050,Chennai,Tier 1,control,133,120,10,3,14.68,53.3,29629.0
2026-04-23,DS1051,Chennai,Tier 1,control,206,196,7,3,17.8,35.0,46168.0
2026-04-23,DS1052,Jaipur,Tier 2,control,106,101,4,1,15.79,42.0,22580.0
2026-04-23,DS1053,Bhopal,Tier 2,control,87,80,7,0,15.02,49.4,15865.0
2026-04-23,DS1054,Pune,Tier 1,control,219,205,12,2,15.17,55.0,50881.0
2026-04-23,DS1055,Delhi NCR,Tier 1,treated,193,181,10,2,13.58,61.8,45509.0
2026-04-23,DS1056,Delhi NCR,Tier 1,treated,265,251,7,7,18.42,35.0,53026.0
2026-04-23,DS1057,Delhi NCR,Tier 1,treated,174,168,4,2,15.49,50.8,48841.0
2026-04-23,DS1058,Chennai,Tier 1,control,216,208,5,3,19.28,35.0,46906.0
2026-04-23,DS1059,Mumbai,Tier 1,treated,218,211,7,0,12.8,77.3,52077.0
2026-04-24,DS1000,Pune,Tier 1,control,270,259,7,4,17.36,35.0,56021.0
2026-04-24,DS1001,Bengaluru,Tier 1,treated,226,219,6,1,19.14,35.0,57853.0
2026-04-24,DS1002,Mumbai,Tier 1,treated,223,219,3,1,15.79,45.1,48910.0
2026-04-24,DS1003,Lucknow,Tier 2,control,112,109,2,1,15.09,44.7,23967.0
2026-04-24,DS1004,Pune,Tier 1,control,188,176,8,4,13.28,69.5,40701.0
2026-04-24,DS1005,Pune,Tier 1,control,174,160,11,3,16.45,36.2,41193.0
2026-04-24,DS1006,Pune,Tier 1,control,307,294,12,1,14.13,52.6,79022.0
2026-04-24,DS1007,Mumbai,Tier 1,treated,230,220,9,1,14.09,62.9,46703.0
2026-04-24,DS1008,Chennai,Tier 1,control,261,252,4,5,18.68,35.0,51553.0
2026-04-24,DS1009,Hyderabad,Tier 1,control,280,265,8,7,13.64,58.2,68243.0
2026-04-24,DS1010,Lucknow,Tier 2,control,103,97,5,1,18.41,35.0,17513.0
2026-04-24,DS1011,Pune,Tier 1,control,233,221,11,1,17.67,35.0,46896.0
2026-04-24,DS1012,Bengaluru,Tier 1,treated,246,232,11,3,13.89,61.1,50021.0
2026-04-24,DS1013,Pune,Tier 1,control,236,226,4,6,17.58,35.0,57275.0
2026-04-24,DS1014,Hyderabad,Tier 1,control,216,206,7,3,18.77,35.0,58244.0
2026-04-24,DS1015,Jaipur,Tier 2,control,147,143,3,1,17.34,35.0,30638.0
2026-04-24,DS1016,Mumbai,Tier 1,treated,251,240,8,3,14.71,54.9,56018.0
2026-04-24,DS1017,Chennai,Tier 1,control,212,204,6,2,14.21,56.2,52393.0
2026-04-24,DS1018,Bhopal,Tier 2,control,112,108,4,0,17.32,35.0,22472.0
2026-04-24,DS1019,Hyderabad,Tier 1,control,275,267,6,2,18.21,35.0,70477.0
2026-04-24,DS1020,Jaipur,Tier 2,control,138,135,2,1,17.48,35.0,28800.0
2026-04-24,DS1021,Bengaluru,Tier 1,treated,146,138,4,4,12.73,72.2,30377.0
2026-04-24,DS1022,Lucknow,Tier 2,control,164,157,5,2,14.48,51.6,26487.0
2026-04-24,DS1023,Mumbai,Tier 1,treated,281,263,16,2,15.36,44.4,55410.0
2026-04-24,DS1024,Mumbai,Tier 1,treated,305,292,8,5,15.8,36.9,70849.0
2026-04-24,DS1025,Jaipur,Tier 2,control,122,116,2,4,15.97,38.8,24016.0
2026-04-24,DS1026,Delhi NCR,Tier 1,treated,235,226,6,3,15.83,42.5,57203.0
2026-04-24,DS1027,Mumbai,Tier 1,treated,210,202,6,2,16.43,35.6,41685.0
2026-04-24,DS1028,Bhopal,Tier 2,control,188,177,8,3,15.73,40.4,30892.0
2026-04-24,DS1029,Jaipur,Tier 2,control,140,127,8,5,15.65,41.2,32506.0
2026-04-24,DS1030,Pune,Tier 1,control,300,292,6,2,16.57,35.0,78859.0
2026-04-24,DS1031,Mumbai,Tier 1,treated,205,196,7,2,14.09,63.8,61179.0
2026-04-24,DS1032,Chennai,Tier 1,control,228,219,5,4,16.74,35.0,50204.0
2026-04-24,DS1033,Jaipur,Tier 2,control,96,90,3,3,19.75,35.0,18106.0
2026-04-24,DS1034,Mumbai,Tier 1,treated,204,199,4,1,14.4,52.7,49365.0
2026-04-24,DS1035,Pune,Tier 1,control,284,274,8,2,16.32,35.0,72366.0
2026-04-24,DS1036,Lucknow,Tier 2,control,131,121,9,1,13.3,71.3,22740.0
2026-04-24,DS1037,Lucknow,Tier 2,control,177,159,13,5,15.95,39.0,32372.0
2026-04-24,DS1038,Delhi NCR,Tier 1,treated,272,259,7,6,11.41,82.6,58532.0
2026-04-24,DS1039,Lucknow,Tier 2,control,112,106,3,3,13.23,64.5,18546.0
2026-04-24,DS1040,Hyderabad,Tier 1,control,213,204,8,1,18.86,35.0,47316.0
2026-04-24,DS1041,Lucknow,Tier 2,control,129,123,5,1,15.93,40.4,27065.0
2026-04-24,DS1042,Jaipur,Tier 2,control,132,124,7,1,16.73,35.0,26598.0
2026-04-24,DS1043,Indore,Tier 2,control,122,116,4,2,13.18,70.5,23542.0
2026-04-24,DS1044,Bengaluru,Tier 1,treated,210,203,5,2,13.9,60.8,45202.0
2026-04-24,DS1045,Delhi NCR,Tier 1,treated,222,202,13,7,15.29,40.2,41241.0
2026-04-24,DS1046,Bengaluru,Tier 1,treated,203,198,5,0,15.66,36.4,49993.0
2026-04-24,DS1047,Bengaluru,Tier 1,treated,177,166,9,2,18.99,35.0,45893.0
2026-04-24,DS1048,Mumbai,Tier 1,treated,236,223,8,5,15.25,43.4,55765.0
2026-04-24,DS1049,Jaipur,Tier 2,control,158,148,5,5,14.33,54.1,31396.0
2026-04-24,DS1050,Chennai,Tier 1,control,184,169,11,4,14.09,59.0,46479.0
2026-04-24,DS1051,Chennai,Tier 1,control,242,229,12,1,16.61,37.2,54729.0
2026-04-24,DS1052,Jaipur,Tier 2,control,119,114,4,1,15.95,36.8,22794.0
2026-04-24,DS1053,Bhopal,Tier 2,control,104,97,7,0,14.07,60.9,14327.0
2026-04-24,DS1054,Pune,Tier 1,control,271,257,6,8,16.51,35.7,66375.0
2026-04-24,DS1055,Delhi NCR,Tier 1,treated,216,206,10,0,12.81,80.4,52454.0
2026-04-24,DS1056,Delhi NCR,Tier 1,treated,286,270,10,6,15.8,39.2,49775.0
2026-04-24,DS1057,Delhi NCR,Tier 1,treated,192,181,9,2,16.57,35.0,41643.0
2026-04-24,DS1058,Chennai,Tier 1,control,255,242,10,3,17.95,35.0,60168.0
2026-04-24,DS1059,Mumbai,Tier 1,treated,232,224,3,5,13.7,68.2,47225.0
2026-04-25,DS1000,Pune,Tier 1,control,249,234,11,4,17.07,35.0,58736.0
2026-04-25,DS1001,Bengaluru,Tier 1,treated,245,236,7,2,19.01,35.0,52389.0
2026-04-25,DS1002,Mumbai,Tier 1,treated,205,197,7,1,14.06,59.2,47037.0
2026-04-25,DS1003,Lucknow,Tier 2,control,134,130,3,1,16.95,35.0,21941.0
2026-04-25,DS1004,Pune,Tier 1,control,201,194,5,2,12.22,81.1,45878.0
2026-04-25,DS1005,Pune,Tier 1,control,196,187,5,4,16.83,35.0,42165.0
2026-04-25,DS1006,Pune,Tier 1,control,259,246,9,4,15.16,45.8,62472.0
2026-04-25,DS1007,Mumbai,Tier 1,treated,261,244,14,3,13.52,70.3,59290.0
2026-04-25,DS1008,Chennai,Tier 1,control,277,261,11,5,16.12,40.9,71833.0
2026-04-25,DS1009,Hyderabad,Tier 1,control,294,272,16,6,15.41,50.5,64359.0
2026-04-25,DS1010,Lucknow,Tier 2,control,90,85,3,2,18.19,35.0,19567.0
2026-04-25,DS1011,Pune,Tier 1,control,189,183,5,1,18.92,35.0,47333.0
2026-04-25,DS1012,Bengaluru,Tier 1,treated,284,266,15,3,13.95,55.2,75172.0
2026-04-25,DS1013,Pune,Tier 1,control,230,215,11,4,17.75,35.0,62152.0
2026-04-25,DS1014,Hyderabad,Tier 1,control,203,191,8,4,20.3,35.0,44175.0
2026-04-25,DS1015,Jaipur,Tier 2,control,151,140,6,5,16.28,35.0,27457.0
2026-04-25,DS1016,Mumbai,Tier 1,treated,245,236,6,3,13.86,59.9,51201.0
2026-04-25,DS1017,Chennai,Tier 1,control,185,178,6,1,12.9,70.9,40478.0
2026-04-25,DS1018,Bhopal,Tier 2,control,106,98,6,2,14.53,51.4,22530.0
2026-04-25,DS1019,Hyderabad,Tier 1,control,306,290,14,2,20.31,35.0,74904.0
2026-04-25,DS1020,Jaipur,Tier 2,control,162,157,4,1,18.01,35.0,29330.0
2026-04-25,DS1021,Bengaluru,Tier 1,treated,166,162,4,0,11.48,78.3,28966.0
2026-04-25,DS1022,Lucknow,Tier 2,control,182,172,7,3,14.56,53.6,33556.0
2026-04-25,DS1023,Mumbai,Tier 1,treated,272,254,15,3,12.56,77.5,71960.0
2026-04-25,DS1024,Mumbai,Tier 1,treated,300,294,4,2,14.37,60.5,76527.0
2026-04-25,DS1025,Jaipur,Tier 2,control,151,143,3,5,16.04,35.0,30045.0
2026-04-25,DS1026,Delhi NCR,Tier 1,treated,246,237,7,2,14.61,43.1,52737.0
2026-04-25,DS1027,Mumbai,Tier 1,treated,195,187,6,2,14.42,52.7,36857.0
2026-04-25,DS1028,Bhopal,Tier 2,control,190,183,6,1,14.85,50.9,29803.0
2026-04-25,DS1029,Jaipur,Tier 2,control,138,132,4,2,16.44,35.0,31952.0
2026-04-25,DS1030,Pune,Tier 1,control,290,275,12,3,17.09,35.0,65350.0
2026-04-25,DS1031,Mumbai,Tier 1,treated,213,205,8,0,13.79,62.3,52704.0
2026-04-25,DS1032,Chennai,Tier 1,control,256,245,10,1,17.99,35.0,50824.0
2026-04-25,DS1033,Jaipur,Tier 2,control,82,76,2,4,18.92,35.0,13904.0
2026-04-25,DS1034,Mumbai,Tier 1,treated,238,228,6,4,16.13,36.7,44725.0
2026-04-25,DS1035,Pune,Tier 1,control,284,273,7,4,16.08,40.1,58092.0
2026-04-25,DS1036,Lucknow,Tier 2,control,123,114,6,3,13.26,75.6,17850.0
2026-04-25,DS1037,Lucknow,Tier 2,control,171,161,6,4,16.05,45.0,33354.0
2026-04-25,DS1038,Delhi NCR,Tier 1,treated,243,237,5,1,12.11,76.1,48605.0
2026-04-25,DS1039,Lucknow,Tier 2,control,122,118,3,1,15.03,52.8,23802.0
2026-04-25,DS1040,Hyderabad,Tier 1,control,260,247,8,5,17.92,35.0,58118.0
2026-04-25,DS1041,Lucknow,Tier 2,control,141,136,3,2,17.63,35.0,25907.0
2026-04-25,DS1042,Jaipur,Tier 2,control,153,147,4,2,15.56,45.4,31567.0
2026-04-25,DS1043,Indore,Tier 2,control,122,119,2,1,12.64,75.5,26474.0
2026-04-25,DS1044,Bengaluru,Tier 1,treated,206,197,7,2,15.33,40.4,41275.0
2026-04-25,DS1045,Delhi NCR,Tier 1,treated,232,217,13,2,11.87,88.9,61744.0
2026-04-25,DS1046,Bengaluru,Tier 1,treated,208,197,8,3,16.01,35.0,54040.0
2026-04-25,DS1047,Bengaluru,Tier 1,treated,180,172,6,2,18.4,35.0,44227.0
2026-04-25,DS1048,Mumbai,Tier 1,treated,261,249,11,1,14.65,53.2,62758.0
2026-04-25,DS1049,Jaipur,Tier 2,control,146,144,2,0,15.21,52.3,29828.0
2026-04-25,DS1050,Chennai,Tier 1,control,157,148,8,1,14.12,52.0,34407.0
2026-04-25,DS1051,Chennai,Tier 1,control,262,249,10,3,15.45,42.8,64648.0
2026-04-25,DS1052,Jaipur,Tier 2,control,149,140,6,3,15.99,35.5,28648.0
2026-04-25,DS1053,Bhopal,Tier 2,control,119,110,5,4,14.78,54.7,26904.0
2026-04-25,DS1054,Pune,Tier 1,control,305,294,9,2,15.24,51.3,65182.0
2026-04-25,DS1055,Delhi NCR,Tier 1,treated,201,194,5,2,13.14,78.8,56330.0
2026-04-25,DS1056,Delhi NCR,Tier 1,treated,335,321,7,7,16.85,35.0,74069.0
2026-04-25,DS1057,Delhi NCR,Tier 1,treated,195,187,7,1,17.13,35.0,49692.0
2026-04-25,DS1058,Chennai,Tier 1,control,264,252,8,4,19.05,35.0,70719.0
2026-04-25,DS1059,Mumbai,Tier 1,treated,248,239,6,3,13.07,75.8,65165.0
2026-04-26,DS1000,Pune,Tier 1,control,225,218,6,1,16.88,35.0,48961.0
2026-04-26,DS1001,Bengaluru,Tier 1,treated,181,173,6,2,18.91,35.0,42231.0
2026-04-26,DS1002,Mumbai,Tier 1,treated,209,198,9,2,14.41,60.4,54947.0
2026-04-26,DS1003,Lucknow,Tier 2,control,109,103,6,0,16.48,35.0,24075.0
2026-04-26,DS1004,Pune,Tier 1,control,181,170,7,4,13.94,54.5,47991.0
2026-04-26,DS1005,Pune,Tier 1,control,167,156,8,3,16.14,37.3,41807.0
2026-04-26,DS1006,Pune,Tier 1,control,252,238,10,4,13.82,64.5,53692.0
2026-04-26,DS1007,Mumbai,Tier 1,treated,192,183,9,0,13.9,66.9,35417.0
2026-04-26,DS1008,Chennai,Tier 1,control,230,221,7,2,18.67,35.0,61918.0
2026-04-26,DS1009,Hyderabad,Tier 1,control,242,233,8,1,15.14,46.9,55536.0
2026-04-26,DS1010,Lucknow,Tier 2,control,75,73,2,0,17.87,35.0,18687.0
2026-04-26,DS1011,Pune,Tier 1,control,169,160,7,2,19.15,35.0,34722.0
2026-04-26,DS1012,Bengaluru,Tier 1,treated,204,191,6,7,13.73,67.9,37393.0
2026-04-26,DS1013,Pune,Tier 1,control,206,202,2,2,18.83,35.0,48062.0
2026-04-26,DS1014,Hyderabad,Tier 1,control,157,152,4,1,19.0,35.0,41395.0
2026-04-26,DS1015,Jaipur,Tier 2,control,140,133,7,0,17.69,35.0,34507.0
2026-04-26,DS1016,Mumbai,Tier 1,treated,198,190,7,1,14.57,54.4,47899.0
2026-04-26,DS1017,Chennai,Tier 1,control,164,158,4,2,12.96,71.2,39119.0
2026-04-26,DS1018,Bhopal,Tier 2,control,118,113,5,0,16.39,35.0,25132.0
2026-04-26,DS1019,Hyderabad,Tier 1,control,218,208,8,2,17.97,35.0,44862.0
2026-04-26,DS1020,Jaipur,Tier 2,control,116,110,5,1,18.35,35.0,24696.0
2026-04-26,DS1021,Bengaluru,Tier 1,treated,126,124,1,1,12.1,82.7,31669.0
2026-04-26,DS1022,Lucknow,Tier 2,control,135,132,2,1,15.62,45.2,31938.0
2026-04-26,DS1023,Mumbai,Tier 1,treated,204,193,8,3,14.55,56.4,55246.0
2026-04-26,DS1024,Mumbai,Tier 1,treated,260,249,7,4,15.29,47.0,56217.0
2026-04-26,DS1025,Jaipur,Tier 2,control,122,116,4,2,15.79,38.9,22784.0
2026-04-26,DS1026,Delhi NCR,Tier 1,treated,205,197,6,2,15.17,42.2,46280.0
2026-04-26,DS1027,Mumbai,Tier 1,treated,162,152,7,3,14.35,59.5,34401.0
2026-04-26,DS1028,Bhopal,Tier 2,control,166,161,4,1,16.18,37.6,33951.0
2026-04-26,DS1029,Jaipur,Tier 2,control,142,135,4,3,17.76,35.0,25451.0
2026-04-26,DS1030,Pune,Tier 1,control,243,232,9,2,15.43,40.7,51452.0
2026-04-26,DS1031,Mumbai,Tier 1,treated,182,171,8,3,14.66,54.0,37020.0
2026-04-26,DS1032,Chennai,Tier 1,control,195,189,5,1,18.44,35.0,53812.0
2026-04-26,DS1033,Jaipur,Tier 2,control,74,72,2,0,19.28,35.0,10908.0
2026-04-26,DS1034,Mumbai,Tier 1,treated,212,203,5,4,14.85,51.6,44357.0
2026-04-26,DS1035,Pune,Tier 1,control,237,231,5,1,17.58,35.0,44164.0
2026-04-26,DS1036,Lucknow,Tier 2,control,91,89,1,1,13.38,67.9,20026.0
2026-04-26,DS1037,Lucknow,Tier 2,control,138,130,7,1,16.34,35.0,25661.0
2026-04-26,DS1038,Delhi NCR,Tier 1,treated,221,213,6,2,11.92,80.3,46493.0
2026-04-26,DS1039,Lucknow,Tier 2,control,102,102,0,0,14.85,45.6,20210.0
2026-04-26,DS1040,Hyderabad,Tier 1,control,194,185,5,4,17.69,35.0,36017.0
2026-04-26,DS1041,Lucknow,Tier 2,control,99,91,4,4,16.71,35.0,18140.0
2026-04-26,DS1042,Jaipur,Tier 2,control,112,111,1,0,15.03,55.0,19749.0
2026-04-26,DS1043,Indore,Tier 2,control,102,99,2,1,13.63,69.9,21241.0
2026-04-26,DS1044,Bengaluru,Tier 1,treated,182,169,10,3,14.34,56.8,37338.0
2026-04-26,DS1045,Delhi NCR,Tier 1,treated,214,205,7,2,13.07,73.4,38531.0
2026-04-26,DS1046,Bengaluru,Tier 1,treated,195,188,5,2,15.28,47.4,52518.0
2026-04-26,DS1047,Bengaluru,Tier 1,treated,161,153,4,4,18.77,35.0,35044.0
2026-04-26,DS1048,Mumbai,Tier 1,treated,194,185,6,3,15.59,45.5,40863.0
2026-04-26,DS1049,Jaipur,Tier 2,control,127,121,6,0,14.81,47.7,24158.0
2026-04-26,DS1050,Chennai,Tier 1,control,166,159,6,1,13.89,59.3,33185.0
2026-04-26,DS1051,Chennai,Tier 1,control,193,185,7,1,16.97,35.0,39732.0
2026-04-26,DS1052,Jaipur,Tier 2,control,95,92,1,2,15.29,44.9,23419.0
2026-04-26,DS1053,Bhopal,Tier 2,control,113,110,3,0,16.61,36.5,23527.0
2026-04-26,DS1054,Pune,Tier 1,control,236,218,15,3,15.75,37.0,49007.0
2026-04-26,DS1055,Delhi NCR,Tier 1,treated,201,194,4,3,13.36,62.0,54312.0
2026-04-26,DS1056,Delhi NCR,Tier 1,treated,255,243,9,3,16.47,41.3,47508.0
2026-04-26,DS1057,Delhi NCR,Tier 1,treated,178,167,8,3,16.47,35.0,43467.0
2026-04-26,DS1058,Chennai,Tier 1,control,219,208,8,3,17.1,35.0,47772.0
2026-04-26,DS1059,Mumbai,Tier 1,treated,209,200,7,2,13.11,74.3,54313.0
2026-04-27,DS1000,Pune,Tier 1,control,217,209,6,2,15.69,42.0,43993.0
2026-04-27,DS1001,Bengaluru,Tier 1,treated,234,224,8,2,16.78,35.1,49911.0
2026-04-27,DS1002,Mumbai,Tier 1,treated,203,196,6,1,14.64,43.9,48394.0
2026-04-27,DS1003,Lucknow,Tier 2,control,114,109,2,3,15.81,38.2,18366.0
2026-04-27,DS1004,Pune,Tier 1,control,150,139,8,3,15.7,36.6,35064.0
2026-04-27,DS1005,Pune,Tier 1,control,168,163,4,1,16.81,35.0,40272.0
2026-04-27,DS1006,Pune,Tier 1,control,232,220,9,3,14.94,51.7,55619.0
2026-04-27,DS1007,Mumbai,Tier 1,treated,204,192,11,1,13.55,57.0,44468.0
2026-04-27,DS1008,Chennai,Tier 1,control,218,204,12,2,19.0,35.0,51930.0
2026-04-27,DS1009,Hyderabad,Tier 1,control,243,232,7,4,13.81,63.4,59063.0
2026-04-27,DS1010,Lucknow,Tier 2,control,72,71,1,0,16.87,35.0,14966.0
2026-04-27,DS1011,Pune,Tier 1,control,175,165,8,2,19.43,35.0,40228.0
2026-04-27,DS1012,Bengaluru,Tier 1,treated,217,204,12,1,14.72,47.1,50071.0
2026-04-27,DS1013,Pune,Tier 1,control,242,233,5,4,17.34,35.0,49501.0
2026-04-27,DS1014,Hyderabad,Tier 1,control,181,171,8,2,20.05,35.0,43048.0
2026-04-27,DS1015,Jaipur,Tier 2,control,126,122,3,1,15.53,41.8,32076.0
2026-04-27,DS1016,Mumbai,Tier 1,treated,218,209,7,2,13.69,62.7,46304.0
2026-04-27,DS1017,Chennai,Tier 1,control,177,169,5,3,13.27,75.3,36775.0
2026-04-27,DS1018,Bhopal,Tier 2,control,114,111,2,1,18.33,35.0,25430.0
2026-04-27,DS1019,Hyderabad,Tier 1,control,240,233,5,2,17.21,35.0,48116.0
2026-04-27,DS1020,Jaipur,Tier 2,control,135,130,3,2,17.77,35.0,26960.0
2026-04-27,DS1021,Bengaluru,Tier 1,treated,136,131,4,1,15.38,45.1,35684.0
2026-04-27,DS1022,Lucknow,Tier 2,control,141,132,8,1,16.01,40.6,25679.0
2026-04-27,DS1023,Mumbai,Tier 1,treated,244,237,6,1,13.96,62.2,53713.0
2026-04-27,DS1024,Mumbai,Tier 1,treated,252,245,4,3,15.58,38.2,64166.0
2026-04-27,DS1025,Jaipur,Tier 2,control,107,99,7,1,16.94,35.0,18947.0
2026-04-27,DS1026,Delhi NCR,Tier 1,treated,175,168,3,4,16.16,45.2,45677.0
2026-04-27,DS1027,Mumbai,Tier 1,treated,168,162,4,2,15.26,38.7,38789.0
2026-04-27,DS1028,Bhopal,Tier 2,control,183,173,6,4,16.95,35.0,45923.0
2026-04-27,DS1029,Jaipur,Tier 2,control,131,126,0,5,16.21,41.2,24791.0
2026-04-27,DS1030,Pune,Tier 1,control,268,257,7,4,16.59,35.0,62864.0
2026-04-27,DS1031,Mumbai,Tier 1,treated,206,195,7,4,13.49,60.6,43741.0
2026-04-27,DS1032,Chennai,Tier 1,control,210,202,7,1,17.03,35.0,50726.0
2026-04-27,DS1033,Jaipur,Tier 2,control,91,86,5,0,19.46,35.0,15240.0
2026-04-27,DS1034,Mumbai,Tier 1,treated,207,189,11,7,13.71,66.8,44615.0
2026-04-27,DS1035,Pune,Tier 1,control,235,228,5,2,16.24,35.0,53460.0
2026-04-27,DS1036,Lucknow,Tier 2,control,103,98,4,1,15.34,44.8,21029.0
2026-04-27,DS1037,Lucknow,Tier 2,control,151,145,5,1,16.82,35.0,29790.0
2026-04-27,DS1038,Delhi NCR,Tier 1,treated,241,227,12,2,11.13,86.0,49586.0
2026-04-27,DS1039,Lucknow,Tier 2,control,103,99,3,1,14.79,44.2,25574.0
2026-04-27,DS1040,Hyderabad,Tier 1,control,196,188,7,1,18.42,35.0,48308.0
2026-04-27,DS1041,Lucknow,Tier 2,control,97,89,5,3,18.08,35.0,18388.0
2026-04-27,DS1042,Jaipur,Tier 2,control,102,98,4,0,16.68,35.0,26590.0
2026-04-27,DS1043,Indore,Tier 2,control,114,114,0,0,14.39,58.5,21609.0
2026-04-27,DS1044,Bengaluru,Tier 1,treated,188,184,4,0,13.26,73.1,33787.0
2026-04-27,DS1045,Delhi NCR,Tier 1,treated,187,180,6,1,14.35,61.8,39262.0
2026-04-27,DS1046,Bengaluru,Tier 1,treated,167,155,8,4,15.1,51.7,39581.0
2026-04-27,DS1047,Bengaluru,Tier 1,treated,152,145,5,2,19.09,35.0,39126.0
2026-04-27,DS1048,Mumbai,Tier 1,treated,198,187,10,1,14.43,51.8,42178.0
2026-04-27,DS1049,Jaipur,Tier 2,control,133,128,3,2,14.52,64.6,24488.0
2026-04-27,DS1050,Chennai,Tier 1,control,147,140,7,0,15.3,46.3,28144.0
2026-04-27,DS1051,Chennai,Tier 1,control,218,209,5,4,14.31,63.4,55627.0
2026-04-27,DS1052,Jaipur,Tier 2,control,104,102,2,0,16.9,35.0,21284.0
2026-04-27,DS1053,Bhopal,Tier 2,control,100,96,2,2,13.82,64.4,23926.0
2026-04-27,DS1054,Pune,Tier 1,control,242,230,9,3,15.35,43.5,61216.0
2026-04-27,DS1055,Delhi NCR,Tier 1,treated,191,184,4,3,13.92,59.3,53344.0
2026-04-27,DS1056,Delhi NCR,Tier 1,treated,274,260,13,1,15.02,49.5,66928.0
2026-04-27,DS1057,Delhi NCR,Tier 1,treated,180,169,8,3,15.61,48.3,35758.0
2026-04-27,DS1058,Chennai,Tier 1,control,224,219,3,2,19.24,35.0,57303.0
2026-04-27,DS1059,Mumbai,Tier 1,treated,225,212,12,1,14.85,47.2,57711.0
2026-04-28,DS1000,Pune,Tier 1,control,238,231,5,2,16.83,35.0,68434.0
2026-04-28,DS1001,Bengaluru,Tier 1,treated,195,186,7,2,17.15,35.0,49134.0
2026-04-28,DS1002,Mumbai,Tier 1,treated,189,180,8,1,13.43,72.4,50296.0
2026-04-28,DS1003,Lucknow,Tier 2,control,111,106,2,3,16.12,35.0,23657.0
2026-04-28,DS1004,Pune,Tier 1,control,156,147,7,2,12.86,73.0,38247.0
2026-04-28,DS1005,Pune,Tier 1,control,145,138,5,2,17.2,35.0,30580.0
2026-04-28,DS1006,Pune,Tier 1,control,230,219,9,2,14.77,52.2,43694.0
2026-04-28,DS1007,Mumbai,Tier 1,treated,186,182,4,0,13.83,64.9,45466.0
2026-04-28,DS1008,Chennai,Tier 1,control,211,201,5,5,19.55,35.0,44366.0
2026-04-28,DS1009,Hyderabad,Tier 1,control,247,235,11,1,16.41,35.0,55395.0
2026-04-28,DS1010,Lucknow,Tier 2,control,83,77,6,0,20.6,35.0,17258.0
2026-04-28,DS1011,Pune,Tier 1,control,181,174,5,2,19.35,35.0,42717.0
2026-04-28,DS1012,Bengaluru,Tier 1,treated,217,203,11,3,14.56,52.3,56520.0
2026-04-28,DS1013,Pune,Tier 1,control,228,217,7,4,15.51,42.9,60549.0
2026-04-28,DS1014,Hyderabad,Tier 1,control,200,192,5,3,19.25,35.0,48499.0
2026-04-28,DS1015,Jaipur,Tier 2,control,143,138,5,0,15.69,37.0,32753.0
2026-04-28,DS1016,Mumbai,Tier 1,treated,203,194,6,3,13.1,73.8,47308.0
2026-04-28,DS1017,Chennai,Tier 1,control,192,182,6,4,14.82,45.1,40039.0
2026-04-28,DS1018,Bhopal,Tier 2,control,93,90,3,0,17.22,35.0,17588.0
2026-04-28,DS1019,Hyderabad,Tier 1,control,260,248,7,5,18.81,35.0,51387.0
2026-04-28,DS1020,Jaipur,Tier 2,control,110,104,5,1,16.78,35.0,23001.0
2026-04-28,DS1021,Bengaluru,Tier 1,treated,131,125,4,2,13.33,70.7,30994.0
2026-04-28,DS1022,Lucknow,Tier 2,control,165,157,7,1,16.71,35.0,32334.0
2026-04-28,DS1023,Mumbai,Tier 1,treated,253,243,8,2,12.65,78.5,63219.0
2026-04-28,DS1024,Mumbai,Tier 1,treated,252,241,8,3,14.94,51.8,64699.0
2026-04-28,DS1025,Jaipur,Tier 2,control,114,111,2,1,16.88,35.0,17983.0
2026-04-28,DS1026,Delhi NCR,Tier 1,treated,192,189,2,1,16.5,35.0,40631.0
2026-04-28,DS1027,Mumbai,Tier 1,treated,162,151,4,7,14.87,49.0,32425.0
2026-04-28,DS1028,Bhopal,Tier 2,control,162,152,6,4,16.54,36.1,31271.0
2026-04-28,DS1029,Jaipur,Tier 2,control,100,92,5,3,17.84,35.0,17475.0
2026-04-28,DS1030,Pune,Tier 1,control,276,270,5,1,16.08,37.2,66374.0
2026-04-28,DS1031,Mumbai,Tier 1,treated,191,185,3,3,15.29,45.5,36127.0
2026-04-28,DS1032,Chennai,Tier 1,control,231,221,8,2,16.51,35.0,46861.0
2026-04-28,DS1033,Jaipur,Tier 2,control,81,80,1,0,18.71,35.0,15610.0
2026-04-28,DS1034,Mumbai,Tier 1,treated,190,182,7,1,15.46,47.8,47846.0
2026-04-28,DS1035,Pune,Tier 1,control,253,245,5,3,14.76,55.0,52586.0
2026-04-28,DS1036,Lucknow,Tier 2,control,84,82,2,0,13.88,60.2,17613.0
2026-04-28,DS1037,Lucknow,Tier 2,control,146,139,6,1,-1.8100000000000003,35.0,30318.0
2026-04-28,DS1038,Delhi NCR,Tier 1,treated,217,209,5,3,11.18,82.7,51895.0
2026-04-28,DS1039,Lucknow,Tier 2,control,92,89,2,1,14.24,59.3,24844.0
2026-04-28,DS1040,Hyderabad,Tier 1,control,187,180,7,0,18.04,35.0,44921.0
2026-04-28,DS1041,Lucknow,Tier 2,control,109,105,1,3,16.88,39.1,19199.0
2026-04-28,DS1042,Jaipur,Tier 2,control,108,101,5,2,16.07,35.0,21142.0
2026-04-28,DS1043,Indore,Tier 2,control,92,86,6,0,11.48,86.0,19996.0
2026-04-28,DS1044,Bengaluru,Tier 1,treated,181,173,5,3,13.81,69.2,36808.0
2026-04-28,DS1045,Delhi NCR,Tier 1,treated,194,186,6,2,13.79,62.2,38140.0
2026-04-28,DS1046,Bengaluru,Tier 1,treated,192,180,5,7,14.79,52.3,41571.0
2026-04-28,DS1047,Bengaluru,Tier 1,treated,183,177,4,2,18.34,35.0,37268.0
2026-04-28,DS1048,Mumbai,Tier 1,treated,228,218,8,2,16.36,35.0,60176.0
2026-04-28,DS1049,Jaipur,Tier 2,control,133,132,1,0,14.05,60.6,24817.0
2026-04-28,DS1050,Chennai,Tier 1,control,147,140,5,2,14.43,52.7,34352.0
2026-04-28,DS1051,Chennai,Tier 1,control,192,183,7,2,15.16,44.2,37632.0
2026-04-28,DS1052,Jaipur,Tier 2,control,102,98,4,0,15.87,36.0,16790.0
2026-04-28,DS1053,Bhopal,Tier 2,control,81,77,3,1,14.75,59.4,21073.0
2026-04-28,DS1054,Pune,Tier 1,control,243,229,11,3,14.79,48.7,47116.0
2026-04-28,DS1055,Delhi NCR,Tier 1,treated,196,185,9,2,13.39,72.6,46044.0
2026-04-28,DS1056,Delhi NCR,Tier 1,treated,247,236,9,2,15.77,46.8,72834.0
2026-04-28,DS1057,Delhi NCR,Tier 1,treated,174,163,7,4,16.09,41.5,40321.0
2026-04-28,DS1058,Chennai,Tier 1,control,212,203,8,1,17.64,35.0,46654.0
2026-04-28,DS1059,Mumbai,Tier 1,treated,178,163,11,4,13.96,64.7,40311.0
2026-04-29,DS1000,Pune,Tier 1,control,217,204,8,5,15.5,49.6,52445.0
2026-04-29,DS1001,Bengaluru,Tier 1,treated,212,203,6,3,17.39,35.0,45718.0
2026-04-29,DS1002,Mumbai,Tier 1,treated,204,195,6,3,14.64,55.0,42193.0
2026-04-29,DS1003,Lucknow,Tier 2,control,125,119,5,1,17.11,35.0,28271.0
2026-04-29,DS1004,Pune,Tier 1,control,189,180,9,0,14.67,54.9,48535.0
2026-04-29,DS1005,Pune,Tier 1,control,138,134,4,0,17.17,35.0,25814.0
2026-04-29,DS1006,Pune,Tier 1,control,227,216,9,2,15.18,43.3,49998.0
2026-04-29,DS1007,Mumbai,Tier 1,treated,194,184,6,4,14.06,61.7,45017.0
2026-04-29,DS1008,Chennai,Tier 1,control,234,225,7,2,17.96,35.0,41015.0
2026-04-29,DS1009,Hyderabad,Tier 1,control,262,248,9,5,15.48,41.3,57143.0
2026-04-29,DS1010,Lucknow,Tier 2,control,83,79,2,2,18.15,35.0,16768.0
2026-04-29,DS1011,Pune,Tier 1,control,181,172,8,1,17.81,35.0,37123.0
2026-04-29,DS1012,Bengaluru,Tier 1,treated,205,192,5,8,14.15,64.7,43067.0
2026-04-29,DS1013,Pune,Tier 1,control,248,239,6,3,18.17,35.0,58713.0
2026-04-29,DS1014,Hyderabad,Tier 1,control,196,188,6,2,18.09,35.0,47753.0
2026-04-29,DS1015,Jaipur,Tier 2,control,143,138,5,0,16.29,35.0,27770.0
2026-04-29,DS1016,Mumbai,Tier 1,treated,232,222,5,5,13.6,68.4,42207.0
2026-04-29,DS1017,Chennai,Tier 1,control,162,157,4,1,14.09,60.5,32774.0
2026-04-29,DS1018,Bhopal,Tier 2,control,108,100,7,1,15.83,51.9,22824.0
2026-04-29,DS1019,Hyderabad,Tier 1,control,240,230,7,3,16.62,36.0,55052.0
2026-04-29,DS1020,Jaipur,Tier 2,control,114,109,2,3,19.32,35.0,15925.0
2026-04-29,DS1021,Bengaluru,Tier 1,treated,137,132,5,0,12.36,77.0,33333.0
2026-04-29,DS1022,Lucknow,Tier 2,control,162,151,10,1,15.38,51.5,29857.0
2026-04-29,DS1023,Mumbai,Tier 1,treated,259,246,10,3,13.5,68.9,60692.0
2026-04-29,DS1024,Mumbai,Tier 1,treated,237,226,7,4,14.15,59.8,57866.0
2026-04-29,DS1025,Jaipur,Tier 2,control,113,108,3,2,16.47,35.0,20786.0
2026-04-29,DS1026,Delhi NCR,Tier 1,treated,212,201,3,8,16.08,35.0,48035.0
2026-04-29,DS1027,Mumbai,Tier 1,treated,157,146,10,1,14.51,55.9,43470.0
2026-04-29,DS1028,Bhopal,Tier 2,control,171,163,6,2,14.92,51.0,30744.0
2026-04-29,DS1029,Jaipur,Tier 2,control,99,96,3,0,16.06,36.1,23813.0
2026-04-29,DS1030,Pune,Tier 1,control,264,247,14,3,17.3,35.0,63084.0
2026-04-29,DS1031,Mumbai,Tier 1,treated,191,182,6,3,14.53,53.5,46211.0
2026-04-29,DS1032,Chennai,Tier 1,control,235,220,11,4,15.78,35.4,49684.0
2026-04-29,DS1033,Jaipur,Tier 2,control,92,87,4,1,20.76,35.0,19827.0
2026-04-29,DS1034,Mumbai,Tier 1,treated,186,180,6,0,15.58,42.2,34422.0
2026-04-29,DS1035,Pune,Tier 1,control,235,223,8,4,16.55,35.0,60618.0
2026-04-29,DS1036,Lucknow,Tier 2,control,105,97,7,1,13.47,69.7,21665.0
2026-04-29,DS1037,Lucknow,Tier 2,control,152,149,2,1,16.21,35.8,30675.0
2026-04-29,DS1038,Delhi NCR,Tier 1,treated,222,217,5,0,11.79,84.8,48537.0
2026-04-29,DS1039,Lucknow,Tier 2,control,95,93,0,2,13.75,63.6,21916.0
2026-04-29,DS1040,Hyderabad,Tier 1,control,212,194,11,7,17.2,35.0,50512.0
2026-04-29,DS1041,Lucknow,Tier 2,control,104,101,3,0,15.43,46.1,15862.0
2026-04-29,DS1042,Jaipur,Tier 2,control,126,119,6,1,16.69,42.9,22926.0
2026-04-29,DS1043,Indore,Tier 2,control,112,107,4,1,12.33,81.7,24660.0
2026-04-29,DS1044,Bengaluru,Tier 1,treated,173,169,4,0,14.65,49.4,39894.0
2026-04-29,DS1045,Delhi NCR,Tier 1,treated,204,187,12,5,12.5,75.0,48418.0
2026-04-29,DS1046,Bengaluru,Tier 1,treated,151,144,4,3,15.07,49.0,33261.0
2026-04-29,DS1047,Bengaluru,Tier 1,treated,160,147,12,1,16.4,35.0,32384.0
2026-04-29,DS1048,Mumbai,Tier 1,treated,185,171,7,7,14.92,54.0,36489.0
2026-04-29,DS1049,Jaipur,Tier 2,control,154,146,5,3,15.91,43.5,35442.0
2026-04-29,DS1050,Chennai,Tier 1,control,148,141,3,4,15.18,54.3,30091.0
2026-04-29,DS1051,Chennai,Tier 1,control,191,182,8,1,16.86,35.5,49351.0
2026-04-29,DS1052,Jaipur,Tier 2,control,87,83,2,2,14.34,58.7,14377.0
2026-04-29,DS1053,Bhopal,Tier 2,control,99,95,3,1,13.81,60.9,20883.0
2026-04-29,DS1054,Pune,Tier 1,control,241,233,8,0,17.25,35.0,58537.0
2026-04-29,DS1055,Delhi NCR,Tier 1,treated,174,166,4,4,11.8,79.6,45798.0
2026-04-29,DS1056,Delhi NCR,Tier 1,treated,294,285,7,2,16.5,35.0,63855.0
2026-04-29,DS1057,Delhi NCR,Tier 1,treated,195,180,12,3,16.97,35.0,45303.0
2026-04-29,DS1058,Chennai,Tier 1,control,235,227,8,0,17.47,35.0,65185.0
2026-04-29,DS1059,Mumbai,Tier 1,treated,172,160,6,6,12.12,67.8,36396.0
2026-04-30,DS1000,Pune,Tier 1,control,245,237,6,2,17.87,35.0,47023.0
2026-04-30,DS1001,Bengaluru,Tier 1,treated,185,174,8,3,16.57,41.2,37662.0
2026-04-30,DS1002,Mumbai,Tier 1,treated,193,186,6,1,13.5,69.2,47499.0
2026-04-30,DS1003,Lucknow,Tier 2,control,114,111,3,0,17.35,35.0,24680.0
2026-04-30,DS1004,Pune,Tier 1,control,162,157,3,2,15.98,35.0,39869.0
2026-04-30,DS1005,Pune,Tier 1,control,146,136,8,2,17.33,35.0,33135.0
2026-04-30,DS1006,Pune,Tier 1,control,236,218,14,4,14.5,56.4,39962.0
2026-04-30,DS1007,Mumbai,Tier 1,treated,199,193,5,1,12.14,83.2,40177.0
2026-04-30,DS1008,Chennai,Tier 1,control,209,197,11,1,18.77,35.0,40871.0
2026-04-30,DS1009,Hyderabad,Tier 1,control,251,237,8,6,14.73,50.9,49481.0
2026-04-30,DS1010,Lucknow,Tier 2,control,86,83,3,0,18.59,35.0,14392.0
2026-04-30,DS1011,Pune,Tier 1,control,184,177,3,4,17.93,35.0,42257.0
2026-04-30,DS1012,Bengaluru,Tier 1,treated,199,191,5,3,15.31,51.9,49622.0
2026-04-30,DS1013,Pune,Tier 1,control,231,222,8,1,14.95,52.1,52797.0
2026-04-30,DS1014,Hyderabad,Tier 1,control,207,198,5,4,18.72,35.0,43569.0
2026-04-30,DS1015,Jaipur,Tier 2,control,121,115,5,1,17.74,35.0,27113.0
2026-04-30,DS1016,Mumbai,Tier 1,treated,227,217,8,2,14.78,48.8,47771.0
2026-04-30,DS1017,Chennai,Tier 1,control,139,131,6,2,12.66,71.0,24624.0
2026-04-30,DS1018,Bhopal,Tier 2,control,112,108,2,2,16.48,42.4,25220.0
2026-04-30,DS1019,Hyderabad,Tier 1,control,272,249,21,2,19.08,35.0,54657.0
2026-04-30,DS1020,Jaipur,Tier 2,control,120,115,4,1,17.95,35.0,18489.0
2026-04-30,DS1021,Bengaluru,Tier 1,treated,114,113,1,0,11.72,84.2,25125.0
2026-04-30,DS1022,Lucknow,Tier 2,control,147,137,6,4,15.44,48.1,22051.0
2026-04-30,DS1023,Mumbai,Tier 1,treated,224,216,7,1,13.44,57.1,52269.0
2026-04-30,DS1024,Mumbai,Tier 1,treated,301,289,8,4,17.62,35.0,66528.0
2026-04-30,DS1025,Jaipur,Tier 2,control,122,115,6,1,17.85,35.0,23014.0
2026-04-30,DS1026,Delhi NCR,Tier 1,treated,215,202,11,2,15.38,48.9,47809.0
2026-04-30,DS1027,Mumbai,Tier 1,treated,179,171,3,5,15.53,46.2,38391.0
2026-04-30,DS1028,Bhopal,Tier 2,control,164,157,7,0,15.7,40.7,34883.0
2026-04-30,DS1029,Jaipur,Tier 2,control,110,108,2,0,15.94,40.1,25347.0
2026-04-30,DS1030,Pune,Tier 1,control,289,279,5,5,16.81,35.0,59417.0
2026-04-30,DS1031,Mumbai,Tier 1,treated,196,192,1,3,14.12,65.2,51812.0
2026-04-30,DS1032,Chennai,Tier 1,control,210,200,8,2,18.5,35.0,47276.0
2026-04-30,DS1033,Jaipur,Tier 2,control,69,66,2,1,19.5,35.0,13059.0
2026-04-30,DS1034,Mumbai,Tier 1,treated,210,201,6,3,14.09,61.7,41541.0
2026-04-30,DS1035,Pune,Tier 1,control,237,229,8,0,15.31,44.7,43762.0
2026-04-30,DS1036,Lucknow,Tier 2,control,88,85,2,1,13.94,61.8,18067.0
2026-04-30,DS1037,Lucknow,Tier 2,control,138,126,9,3,17.47,35.0,25472.0
2026-04-30,DS1038,Delhi NCR,Tier 1,treated,222,213,5,4,10.87,85.6,53117.0
2026-04-30,DS1039,Lucknow,Tier 2,control,90,81,8,1,14.53,53.9,17523.0
2026-04-30,DS1040,Hyderabad,Tier 1,control,208,199,6,3,17.24,35.0,54038.0
2026-04-30,DS1041,Lucknow,Tier 2,control,111,106,3,2,16.41,35.0,20084.0
2026-04-30,DS1042,Jaipur,Tier 2,control,110,107,3,0,14.77,50.6,19068.0
2026-04-30,DS1043,Indore,Tier 2,control,113,112,1,0,14.47,53.4,29124.0
2026-04-30,DS1044,Bengaluru,Tier 1,treated,188,185,3,0,14.6,59.2,50585.0
2026-04-30,DS1045,Delhi NCR,Tier 1,treated,216,210,5,1,12.15,80.6,44595.0
2026-04-30,DS1046,Bengaluru,Tier 1,treated,154,145,5,4,14.75,56.8,38140.0
2026-04-30,DS1047,Bengaluru,Tier 1,treated,164,154,6,4,18.03,35.0,36091.0
2026-04-30,DS1048,Mumbai,Tier 1,treated,222,213,8,1,16.72,35.5,44194.0
2026-04-30,DS1049,Jaipur,Tier 2,control,139,136,2,1,15.19,49.3,21772.0
2026-04-30,DS1050,Chennai,Tier 1,control,136,127,7,2,15.0,52.7,29414.0
2026-04-30,DS1051,Chennai,Tier 1,control,210,203,5,2,16.2,35.0,51148.0
2026-04-30,DS1052,Jaipur,Tier 2,control,112,106,5,1,14.44,53.0,24189.0
2026-04-30,DS1053,Bhopal,Tier 2,control,82,82,0,0,15.62,43.1,16480.0
2026-04-30,DS1054,Pune,Tier 1,control,233,226,7,0,16.47,35.0,40992.0
2026-04-30,DS1055,Delhi NCR,Tier 1,treated,201,196,4,1,15.13,47.3,45605.0
2026-04-30,DS1056,Delhi NCR,Tier 1,treated,256,245,7,4,15.57,43.2,53114.0
2026-04-30,DS1057,Delhi NCR,Tier 1,treated,179,172,4,3,17.05,35.0,39416.0
2026-04-30,DS1058,Chennai,Tier 1,control,224,218,5,1,18.18,35.0,54642.0
2026-04-30,DS1059,Mumbai,Tier 1,treated,176,166,8,2,14.69,49.9,41554.0
2026-05-01,DS1000,Pune,Tier 1,control,251,241,8,2,17.12,35.0,55501.0
2026-05-01,DS1001,Bengaluru,Tier 1,treated,229,217,10,2,19.51,35.0,51680.0
2026-05-01,DS1002,Mumbai,Tier 1,treated,217,213,4,0,12.84,69.4,42744.0
2026-05-01,DS1003,Lucknow,Tier 2,control,134,123,9,2,15.45,44.0,26220.0
2026-05-01,DS1004,Pune,Tier 1,control,190,178,9,3,16.0,46.6,45857.0
2026-05-01,DS1005,Pune,Tier 1,control,186,180,5,1,17.15,35.0,33097.0
2026-05-01,DS1006,Pune,Tier 1,control,254,244,9,1,14.19,56.9,65437.0
2026-05-01,DS1007,Mumbai,Tier 1,treated,245,235,5,5,12.44,74.9,46683.0
2026-05-01,DS1008,Chennai,Tier 1,control,258,246,9,3,17.35,35.0,54486.0
2026-05-01,DS1009,Hyderabad,Tier 1,control,295,286,6,3,15.03,52.7,72994.0
2026-05-01,DS1010,Lucknow,Tier 2,control,115,111,3,1,17.1,35.0,23195.0
2026-05-01,DS1011,Pune,Tier 1,control,232,220,11,1,18.32,35.0,49024.0
2026-05-01,DS1012,Bengaluru,Tier 1,treated,244,230,11,3,14.45,55.4,51615.0
2026-05-01,DS1013,Pune,Tier 1,control,262,248,12,2,16.1,39.9,45723.0
2026-05-01,DS1014,Hyderabad,Tier 1,control,229,221,6,2,17.19,35.0,57842.0
2026-05-01,DS1015,Jaipur,Tier 2,control,156,151,3,2,15.53,44.2,30866.0
2026-05-01,DS1016,Mumbai,Tier 1,treated,271,258,13,0,13.41,74.5,56468.0
2026-05-01,DS1017,Chennai,Tier 1,control,196,188,6,2,14.87,45.4,45797.0
2026-05-01,DS1018,Bhopal,Tier 2,control,122,115,5,2,17.2,35.0,26550.0
2026-05-01,DS1019,Hyderabad,Tier 1,control,303,289,9,5,20.03,35.0,71352.0
2026-05-01,DS1020,Jaipur,Tier 2,control,148,143,4,1,18.8,35.0,32368.0
2026-05-01,DS1021,Bengaluru,Tier 1,treated,160,154,6,0,13.16,79.7,39965.0
2026-05-01,DS1022,Lucknow,Tier 2,control,171,164,5,2,12.64,73.7,33985.0
2026-05-01,DS1023,Mumbai,Tier 1,treated,246,234,10,2,14.25,54.4,52798.0
2026-05-01,DS1024,Mumbai,Tier 1,treated,313,304,7,2,15.38,43.1,87049.0
2026-05-01,DS1025,Jaipur,Tier 2,control,133,128,4,1,16.15,35.0,25042.0
2026-05-01,DS1026,Delhi NCR,Tier 1,treated,233,219,10,4,14.31,63.3,48259.0
2026-05-01,DS1027,Mumbai,Tier 1,treated,201,193,5,3,14.06,62.7,48708.0
2026-05-01,DS1028,Bhopal,Tier 2,control,203,195,6,2,16.88,35.0,34242.0
2026-05-01,DS1029,Jaipur,Tier 2,control,131,126,3,2,16.82,35.0,27437.0
2026-05-01,DS1030,Pune,Tier 1,control,312,296,10,6,16.47,35.0,65880.0
2026-05-01,DS1031,Mumbai,Tier 1,treated,220,207,11,2,15.44,46.0,56621.0
2026-05-01,DS1032,Chennai,Tier 1,control,264,251,12,1,17.54,35.0,56983.0
2026-05-01,DS1033,Jaipur,Tier 2,control,108,105,3,0,20.01,35.0,28996.0
2026-05-01,DS1034,Mumbai,Tier 1,treated,215,200,14,1,14.13,62.6,58221.0
2026-05-01,DS1035,Pune,Tier 1,control,288,276,10,2,17.18,35.0,73232.0
2026-05-01,DS1036,Lucknow,Tier 2,control,95,89,5,1,15.26,44.6,16771.0
2026-05-01,DS1037,Lucknow,Tier 2,control,172,167,5,0,16.73,35.0,27664.0
2026-05-01,DS1038,Delhi NCR,Tier 1,treated,260,246,10,4,10.59,82.7,59678.0
2026-05-01,DS1039,Lucknow,Tier 2,control,104,100,3,1,13.23,71.7,17441.0
2026-05-01,DS1040,Hyderabad,Tier 1,control,243,230,13,0,16.83,35.0,63984.0
2026-05-01,DS1041,Lucknow,Tier 2,control,116,113,2,1,19.06,35.0,23479.0
2026-05-01,DS1042,Jaipur,Tier 2,control,137,130,5,2,17.8,35.0,24343.0
2026-05-01,DS1043,Indore,Tier 2,control,119,112,6,1,12.14,85.7,26102.0
2026-05-01,DS1044,Bengaluru,Tier 1,treated,201,196,4,1,14.17,60.8,45106.0
2026-05-01,DS1045,Delhi NCR,Tier 1,treated,200,193,5,2,13.17,65.4,44201.0
2026-05-01,DS1046,Bengaluru,Tier 1,treated,199,187,8,4,16.35,35.0,50008.0
2026-05-01,DS1047,Bengaluru,Tier 1,treated,194,188,3,3,17.52,35.0,45273.0
2026-05-01,DS1048,Mumbai,Tier 1,treated,253,244,6,3,16.19,38.0,68490.0
2026-05-01,DS1049,Jaipur,Tier 2,control,149,145,3,1,15.24,47.1,37619.0
2026-05-01,DS1050,Chennai,Tier 1,control,170,158,10,2,15.29,51.2,33658.0
2026-05-01,DS1051,Chennai,Tier 1,control,243,235,4,4,15.44,37.7,54277.0
2026-05-01,DS1052,Jaipur,Tier 2,control,139,135,3,1,15.46,47.2,29138.0
2026-05-01,DS1053,Bhopal,Tier 2,control,105,103,2,0,14.51,60.0,23668.0
2026-05-01,DS1054,Pune,Tier 1,control,320,309,10,1,15.85,38.5,82014.0
2026-05-01,DS1055,Delhi NCR,Tier 1,treated,229,217,6,6,13.74,68.4,51679.0
2026-05-01,DS1056,Delhi NCR,Tier 1,treated,317,299,12,6,16.48,35.0,68151.0
2026-05-01,DS1057,Delhi NCR,Tier 1,treated,230,217,10,3,17.05,35.0,47200.0
2026-05-01,DS1058,Chennai,Tier 1,control,265,250,10,5,17.49,35.0,60527.0
2026-05-01,DS1059,Mumbai,Tier 1,treated,263,254,6,3,13.67,71.0,63961.0
2026-05-02,DS1000,Pune,Tier 1,control,278,268,6,4,16.82,35.0,65651.0
2026-05-02,DS1001,Bengaluru,Tier 1,treated,214,207,6,1,18.68,35.0,44887.0
2026-05-02,DS1002,Mumbai,Tier 1,treated,215,198,13,4,13.68,72.3,48947.0
2026-05-02,DS1003,Lucknow,Tier 2,control,142,137,2,3,16.06,37.3,18675.0
2026-05-02,DS1004,Pune,Tier 1,control,180,174,3,3,14.79,55.1,39409.0
2026-05-02,DS1005,Pune,Tier 1,control,174,168,5,1,15.1,47.4,34260.0
2026-05-02,DS1006,Pune,Tier 1,control,296,286,8,2,12.94,76.6,65269.0
2026-05-02,DS1007,Mumbai,Tier 1,treated,245,241,4,0,12.35,76.7,41236.0
2026-05-02,DS1008,Chennai,Tier 1,control,232,223,6,3,19.1,35.0,57623.0
2026-05-02,DS1009,Hyderabad,Tier 1,control,301,284,12,5,13.89,66.7,68914.0
2026-05-02,DS1010,Lucknow,Tier 2,control,93,93,0,0,17.97,35.0,18434.0
2026-05-02,DS1011,Pune,Tier 1,control,217,203,9,5,17.54,35.0,43460.0
2026-05-02,DS1012,Bengaluru,Tier 1,treated,240,228,8,4,14.47,53.6,44388.0
2026-05-02,DS1013,Pune,Tier 1,control,258,245,10,3,16.32,37.0,69616.0
2026-05-02,DS1014,Hyderabad,Tier 1,control,215,200,7,8,20.85,35.0,50899.0
2026-05-02,DS1015,Jaipur,Tier 2,control,162,157,3,2,18.32,35.0,37130.0
2026-05-02,DS1016,Mumbai,Tier 1,treated,242,235,5,2,12.59,80.2,60448.0
2026-05-02,DS1017,Chennai,Tier 1,control,220,214,4,2,14.38,55.3,49616.0
2026-05-02,DS1018,Bhopal,Tier 2,control,114,111,0,3,16.22,39.0,25949.0
2026-05-02,DS1019,Hyderabad,Tier 1,control,283,265,16,2,19.43,35.0,59926.0
2026-05-02,DS1020,Jaipur,Tier 2,control,153,146,5,2,18.53,35.0,32556.0
2026-05-02,DS1021,Bengaluru,Tier 1,treated,157,147,10,0,14.05,65.8,31644.0
2026-05-02,DS1022,Lucknow,Tier 2,control,146,135,7,4,14.9,45.8,29187.0
2026-05-02,DS1023,Mumbai,Tier 1,treated,260,246,11,3,12.84,78.4,67843.0
2026-05-02,DS1024,Mumbai,Tier 1,treated,277,264,10,3,15.71,41.5,81749.0
2026-05-02,DS1025,Jaipur,Tier 2,control,134,127,5,2,15.26,36.5,25311.0
2026-05-02,DS1026,Delhi NCR,Tier 1,treated,235,229,4,2,15.01,41.5,57340.0
2026-05-02,DS1027,Mumbai,Tier 1,treated,188,176,10,2,-1.568,38.2,39947.0
2026-05-02,DS1028,Bhopal,Tier 2,control,201,190,11,0,16.79,35.0,32944.0
2026-05-02,DS1029,Jaipur,Tier 2,control,134,132,2,0,17.21,35.0,26643.0
2026-05-02,DS1030,Pune,Tier 1,control,337,321,11,5,16.65,35.0,72155.0
2026-05-02,DS1031,Mumbai,Tier 1,treated,195,185,10,0,14.44,53.9,45768.0
2026-05-02,DS1032,Chennai,Tier 1,control,274,255,14,5,17.81,35.0,67659.0
2026-05-02,DS1033,Jaipur,Tier 2,control,109,104,3,2,18.63,35.0,27744.0
2026-05-02,DS1034,Mumbai,Tier 1,treated,229,221,5,3,14.33,57.7,46048.0
2026-05-02,DS1035,Pune,Tier 1,control,274,257,11,6,16.52,35.0,61581.0
2026-05-02,DS1036,Lucknow,Tier 2,control,120,117,3,0,13.44,66.2,25757.0
2026-05-02,DS1037,Lucknow,Tier 2,control,176,170,3,3,15.96,35.0,32494.0
2026-05-02,DS1038,Delhi NCR,Tier 1,treated,296,281,11,4,12.01,75.2,72281.0
2026-05-02,DS1039,Lucknow,Tier 2,control,96,92,3,1,12.98,78.1,19783.0
2026-05-02,DS1040,Hyderabad,Tier 1,control,220,209,7,4,17.87,35.0,55614.0
2026-05-02,DS1041,Lucknow,Tier 2,control,125,121,3,1,17.46,35.0,25954.0
2026-05-02,DS1042,Jaipur,Tier 2,control,149,136,8,5,14.35,50.0,24072.0
2026-05-02,DS1043,Indore,Tier 2,control,122,108,10,4,12.89,75.8,21445.0
2026-05-02,DS1044,Bengaluru,Tier 1,treated,214,205,7,2,14.77,52.1,57765.0
2026-05-02,DS1045,Delhi NCR,Tier 1,treated,230,217,10,3,-1.3710000000000002,67.8,50529.0
2026-05-02,DS1046,Bengaluru,Tier 1,treated,187,179,7,1,13.79,62.6,36938.0
2026-05-02,DS1047,Bengaluru,Tier 1,treated,187,180,4,3,17.37,35.0,47275.0
2026-05-02,DS1048,Mumbai,Tier 1,treated,247,236,9,2,14.97,54.8,52422.0
2026-05-02,DS1049,Jaipur,Tier 2,control,169,163,3,3,15.48,43.8,21822.0
2026-05-02,DS1050,Chennai,Tier 1,control,163,157,5,1,14.27,62.1,37881.0
2026-05-02,DS1051,Chennai,Tier 1,control,235,227,7,1,15.6,43.6,52300.0
2026-05-02,DS1052,Jaipur,Tier 2,control,137,132,3,2,15.63,42.6,31936.0
2026-05-02,DS1053,Bhopal,Tier 2,control,119,112,5,2,14.9,53.7,23230.0
2026-05-02,DS1054,Pune,Tier 1,control,292,278,9,5,15.81,38.6,63991.0
2026-05-02,DS1055,Delhi NCR,Tier 1,treated,235,226,8,1,12.89,78.2,50856.0
2026-05-02,DS1056,Delhi NCR,Tier 1,treated,329,317,8,4,16.28,35.0,79328.0
2026-05-02,DS1057,Delhi NCR,Tier 1,treated,236,227,7,2,16.96,35.0,57787.0
2026-05-02,DS1058,Chennai,Tier 1,control,269,260,8,1,18.17,35.0,65302.0
2026-05-02,DS1059,Mumbai,Tier 1,treated,251,244,5,2,13.21,73.6,66571.0
2026-05-03,DS1000,Pune,Tier 1,control,227,213,9,5,18.79,35.0,55662.0
2026-05-03,DS1001,Bengaluru,Tier 1,treated,242,229,10,3,18.95,35.0,55348.0
2026-05-03,DS1002,Mumbai,Tier 1,treated,190,182,5,3,14.08,61.5,42902.0
2026-05-03,DS1003,Lucknow,Tier 2,control,122,119,2,1,16.08,41.5,18169.0
2026-05-03,DS1004,Pune,Tier 1,control,168,163,4,1,16.35,36.8,44728.0
2026-05-03,DS1005,Pune,Tier 1,control,163,158,4,1,18.25,35.0,37513.0
2026-05-03,DS1006,Pune,Tier 1,control,250,243,4,3,13.51,75.1,44387.0
2026-05-03,DS1007,Mumbai,Tier 1,treated,187,179,5,3,12.6,74.4,38179.0
2026-05-03,DS1008,Chennai,Tier 1,control,236,225,8,3,18.99,35.0,45986.0
2026-05-03,DS1009,Hyderabad,Tier 1,control,249,239,9,1,15.04,51.9,81731.0
2026-05-03,DS1010,Lucknow,Tier 2,control,85,81,3,1,17.53,35.0,15429.0
2026-05-03,DS1011,Pune,Tier 1,control,188,173,9,6,19.86,35.0,49407.0
2026-05-03,DS1012,Bengaluru,Tier 1,treated,230,222,7,1,16.22,41.3,37881.0
2026-05-03,DS1013,Pune,Tier 1,control,246,235,5,6,17.32,35.0,50935.0
2026-05-03,DS1014,Hyderabad,Tier 1,control,184,167,13,4,19.16,35.0,40584.0
2026-05-03,DS1015,Jaipur,Tier 2,control,125,116,6,3,15.88,38.4,22779.0
2026-05-03,DS1016,Mumbai,Tier 1,treated,227,220,6,1,14.64,56.6,63833.0
2026-05-03,DS1017,Chennai,Tier 1,control,152,144,5,3,14.42,50.4,34125.0
2026-05-03,DS1018,Bhopal,Tier 2,control,114,109,4,1,15.65,42.6,18932.0
2026-05-03,DS1019,Hyderabad,Tier 1,control,248,228,18,2,17.19,35.0,50949.0
2026-05-03,DS1020,Jaipur,Tier 2,control,133,129,2,2,18.74,35.0,25236.0
2026-05-03,DS1021,Bengaluru,Tier 1,treated,139,131,7,1,13.29,66.0,43185.0
2026-05-03,DS1022,Lucknow,Tier 2,control,158,150,7,1,15.48,50.1,32330.0
2026-05-03,DS1023,Mumbai,Tier 1,treated,233,221,10,2,13.79,67.4,63788.0
2026-05-03,DS1024,Mumbai,Tier 1,treated,272,262,6,4,14.18,53.9,62824.0
2026-05-03,DS1025,Jaipur,Tier 2,control,97,92,5,0,16.34,35.8,24870.0
2026-05-03,DS1026,Delhi NCR,Tier 1,treated,190,183,5,2,14.64,53.9,33328.0
2026-05-03,DS1027,Mumbai,Tier 1,treated,167,160,5,2,15.44,46.1,41601.0
2026-05-03,DS1028,Bhopal,Tier 2,control,156,149,5,2,16.41,40.8,33378.0
2026-05-03,DS1029,Jaipur,Tier 2,control,109,106,1,2,14.85,50.6,23714.0
2026-05-03,DS1030,Pune,Tier 1,control,251,236,10,5,15.66,48.1,55186.0
2026-05-03,DS1031,Mumbai,Tier 1,treated,165,155,9,1,15.82,43.9,34130.0
2026-05-03,DS1032,Chennai,Tier 1,control,224,217,5,2,17.92,35.0,58771.0
2026-05-03,DS1033,Jaipur,Tier 2,control,77,71,4,2,19.17,35.0,12777.0
2026-05-03,DS1034,Mumbai,Tier 1,treated,220,209,10,1,14.93,48.4,52233.0
2026-05-03,DS1035,Pune,Tier 1,control,249,243,4,2,16.91,35.0,58841.0
2026-05-03,DS1036,Lucknow,Tier 2,control,95,92,1,2,12.23,76.8,19571.0
2026-05-03,DS1037,Lucknow,Tier 2,control,125,114,5,6,17.01,35.0,18477.0
2026-05-03,DS1038,Delhi NCR,Tier 1,treated,246,236,6,4,13.28,66.7,53901.0
2026-05-03,DS1039,Lucknow,Tier 2,control,103,96,6,1,14.34,56.0,22379.0
2026-05-03,DS1040,Hyderabad,Tier 1,control,209,196,8,5,18.56,35.0,52423.0
2026-05-03,DS1041,Lucknow,Tier 2,control,112,108,4,0,18.21,35.0,27341.0
2026-05-03,DS1042,Jaipur,Tier 2,control,129,124,4,1,13.87,68.2,30257.0
2026-05-03,DS1043,Indore,Tier 2,control,112,107,4,1,13.77,63.5,23267.0
2026-05-03,DS1044,Bengaluru,Tier 1,treated,166,160,5,1,14.7,62.0,42237.0
2026-05-03,DS1045,Delhi NCR,Tier 1,treated,198,181,14,3,13.31,67.5,39815.0
2026-05-03,DS1046,Bengaluru,Tier 1,treated,171,162,6,3,15.44,45.1,40641.0
2026-05-03,DS1047,Bengaluru,Tier 1,treated,162,156,4,2,18.32,35.0,30554.0
2026-05-03,DS1048,Mumbai,Tier 1,treated,207,203,2,2,12.87,68.6,46981.0
2026-05-03,DS1049,Jaipur,Tier 2,control,129,126,2,1,14.64,54.7,27873.0
2026-05-03,DS1050,Chennai,Tier 1,control,164,154,8,2,14.02,69.2,39099.0
2026-05-03,DS1051,Chennai,Tier 1,control,217,208,8,1,18.74,35.0,46334.0
2026-05-03,DS1052,Jaipur,Tier 2,control,110,104,4,2,16.36,45.3,27143.0
2026-05-03,DS1053,Bhopal,Tier 2,control,103,97,5,1,13.76,54.6,15022.0
2026-05-03,DS1054,Pune,Tier 1,control,234,223,8,3,14.18,60.7,53915.0
2026-05-03,DS1055,Delhi NCR,Tier 1,treated,217,215,2,0,13.58,55.8,44334.0
2026-05-03,DS1056,Delhi NCR,Tier 1,treated,276,264,11,1,15.95,35.4,56258.0
2026-05-03,DS1057,Delhi NCR,Tier 1,treated,174,167,5,2,16.79,35.0,29128.0
2026-05-03,DS1058,Chennai,Tier 1,control,214,205,5,4,16.87,35.0,52510.0
2026-05-03,DS1059,Mumbai,Tier 1,treated,192,183,7,2,13.42,67.4,36419.0
2026-05-04,DS1000,Pune,Tier 1,control,255,245,8,2,15.69,42.2,49148.0
2026-05-04,DS1001,Bengaluru,Tier 1,treated,204,194,8,2,17.71,35.0,50317.0
2026-05-04,DS1002,Mumbai,Tier 1,treated,178,172,4,2,13.65,65.4,43167.0
2026-05-04,DS1003,Lucknow,Tier 2,control,90,83,6,1,15.62,45.8,19042.0
2026-05-04,DS1004,Pune,Tier 1,control,162,155,3,4,15.72,46.9,39348.0
2026-05-04,DS1005,Pune,Tier 1,control,135,130,5,0,15.76,42.1,33243.0
2026-05-04,DS1006,Pune,Tier 1,control,237,225,8,4,13.66,66.1,60098.0
2026-05-04,DS1007,Mumbai,Tier 1,treated,178,170,6,2,13.59,71.3,41367.0
2026-05-04,DS1008,Chennai,Tier 1,control,253,236,14,3,18.35,35.0,49621.0
2026-05-04,DS1009,Hyderabad,Tier 1,control,251,234,13,4,13.84,59.8,59923.0
2026-05-04,DS1010,Lucknow,Tier 2,control,100,96,3,1,17.78,35.0,18980.0
2026-05-04,DS1011,Pune,Tier 1,control,180,171,7,2,17.29,35.0,35270.0
2026-05-04,DS1012,Bengaluru,Tier 1,treated,232,222,8,2,15.45,48.4,64791.0
2026-05-04,DS1013,Pune,Tier 1,control,226,218,4,4,17.42,35.0,67695.0
2026-05-04,DS1014,Hyderabad,Tier 1,control,212,206,5,1,19.77,35.0,40763.0
2026-05-04,DS1015,Jaipur,Tier 2,control,134,127,5,2,14.65,52.3,24247.0
2026-05-04,DS1016,Mumbai,Tier 1,treated,223,214,7,2,11.77,84.4,53468.0
2026-05-04,DS1017,Chennai,Tier 1,control,161,159,1,1,14.78,49.5,37698.0
2026-05-04,DS1018,Bhopal,Tier 2,control,115,108,7,0,17.18,35.0,21671.0
2026-05-04,DS1019,Hyderabad,Tier 1,control,226,216,8,2,18.18,35.0,48315.0
2026-05-04,DS1020,Jaipur,Tier 2,control,144,135,7,2,17.44,35.0,26735.0
2026-05-04,DS1021,Bengaluru,Tier 1,treated,123,119,2,2,15.18,48.9,31992.0
2026-05-04,DS1022,Lucknow,Tier 2,control,159,151,6,2,15.63,47.3,30614.0
2026-05-04,DS1023,Mumbai,Tier 1,treated,245,237,2,6,-1.439,56.1,41697.0
2026-05-04,DS1024,Mumbai,Tier 1,treated,260,245,10,5,15.37,39.0,52599.0
2026-05-04,DS1025,Jaipur,Tier 2,control,104,103,1,0,16.9,35.0,28758.0
2026-05-04,DS1026,Delhi NCR,Tier 1,treated,187,182,4,1,15.2,45.3,53843.0
2026-05-04,DS1027,Mumbai,Tier 1,treated,160,149,9,2,15.48,47.1,34978.0
2026-05-04,DS1028,Bhopal,Tier 2,control,170,164,2,4,16.64,35.0,46206.0
2026-05-04,DS1029,Jaipur,Tier 2,control,105,101,3,1,18.1,35.0,17760.0
2026-05-04,DS1030,Pune,Tier 1,control,264,255,7,2,18.73,35.0,67026.0
2026-05-04,DS1031,Mumbai,Tier 1,treated,177,166,8,3,13.42,66.0,44454.0
2026-05-04,DS1032,Chennai,Tier 1,control,202,188,10,4,16.97,35.0,49117.0
2026-05-04,DS1033,Jaipur,Tier 2,control,73,67,5,1,20.76,35.0,15698.0
2026-05-04,DS1034,Mumbai,Tier 1,treated,195,184,8,3,15.91,37.2,49343.0
2026-05-04,DS1035,Pune,Tier 1,control,240,234,5,1,16.57,40.6,46285.0
2026-05-04,DS1036,Lucknow,Tier 2,control,74,72,2,0,13.27,68.1,15099.0
2026-05-04,DS1037,Lucknow,Tier 2,control,134,129,4,1,16.92,35.0,30883.0
2026-05-04,DS1038,Delhi NCR,Tier 1,treated,200,196,3,1,11.75,82.2,57031.0
2026-05-04,DS1039,Lucknow,Tier 2,control,92,88,4,0,13.44,75.4,20875.0
2026-05-04,DS1040,Hyderabad,Tier 1,control,188,185,3,0,18.85,35.0,38749.0
2026-05-04,DS1041,Lucknow,Tier 2,control,137,129,5,3,16.66,39.9,25761.0
2026-05-04,DS1042,Jaipur,Tier 2,control,97,93,1,3,15.92,37.1,16850.0
2026-05-04,DS1043,Indore,Tier 2,control,113,110,2,1,14.13,59.4,15603.0
2026-05-04,DS1044,Bengaluru,Tier 1,treated,200,193,6,1,13.06,77.9,48214.0
2026-05-04,DS1045,Delhi NCR,Tier 1,treated,179,170,7,2,12.65,80.5,34783.0
2026-05-04,DS1046,Bengaluru,Tier 1,treated,161,156,4,1,15.39,51.0,39221.0
2026-05-04,DS1047,Bengaluru,Tier 1,treated,149,142,7,0,16.89,35.0,26584.0
2026-05-04,DS1048,Mumbai,Tier 1,treated,210,195,11,4,14.64,53.1,48927.0
2026-05-04,DS1049,Jaipur,Tier 2,control,139,136,1,2,16.17,38.3,31274.0
2026-05-04,DS1050,Chennai,Tier 1,control,137,134,3,0,13.14,71.3,28037.0
2026-05-04,DS1051,Chennai,Tier 1,control,208,200,6,2,15.91,43.8,51764.0
2026-05-04,DS1052,Jaipur,Tier 2,control,113,109,3,1,15.05,44.9,22503.0
2026-05-04,DS1053,Bhopal,Tier 2,control,89,85,2,2,14.39,52.5,18771.0
2026-05-04,DS1054,Pune,Tier 1,control,244,231,7,6,14.92,60.3,48271.0
2026-05-04,DS1055,Delhi NCR,Tier 1,treated,169,164,5,0,11.78,78.8,42735.0
2026-05-04,DS1056,Delhi NCR,Tier 1,treated,272,259,8,5,17.63,35.0,54396.0
2026-05-04,DS1057,Delhi NCR,Tier 1,treated,174,168,4,2,18.08,35.0,36619.0
2026-05-04,DS1058,Chennai,Tier 1,control,227,213,7,7,17.29,35.0,38330.0
2026-05-04,DS1059,Mumbai,Tier 1,treated,189,182,6,1,15.85,36.2,48358.0
2026-05-05,DS1000,Pune,Tier 1,control,243,234,8,1,18.7,35.0,52912.0
2026-05-05,DS1001,Bengaluru,Tier 1,treated,181,173,7,1,18.77,35.0,45632.0
2026-05-05,DS1002,Mumbai,Tier 1,treated,179,170,6,3,13.7,65.6,47775.0
2026-05-05,DS1003,Lucknow,Tier 2,control,125,122,3,0,16.85,35.0,19921.0
2026-05-05,DS1004,Pune,Tier 1,control,168,161,4,3,17.33,35.0,36308.0
2026-05-05,DS1005,Pune,Tier 1,control,158,153,4,1,16.7,35.0,37151.0
2026-05-05,DS1006,Pune,Tier 1,control,255,241,10,4,14.23,56.6,46090.0
2026-05-05,DS1007,Mumbai,Tier 1,treated,190,181,6,3,12.48,68.2,43020.0
2026-05-05,DS1008,Chennai,Tier 1,control,245,234,7,4,18.89,35.0,47439.0
2026-05-05,DS1009,Hyderabad,Tier 1,control,226,217,8,1,16.53,36.3,60056.0
2026-05-05,DS1010,Lucknow,Tier 2,control,74,73,0,1,17.46,35.0,14504.0
2026-05-05,DS1011,Pune,Tier 1,control,153,152,0,1,21.03,35.0,37175.0
2026-05-05,DS1012,Bengaluru,Tier 1,treated,191,184,6,1,14.46,60.4,49931.0
2026-05-05,DS1013,Pune,Tier 1,control,229,221,7,1,17.51,35.0,57743.0
2026-05-05,DS1014,Hyderabad,Tier 1,control,201,189,8,4,20.15,35.0,42370.0
2026-05-05,DS1015,Jaipur,Tier 2,control,167,162,5,0,15.23,48.8,42542.0
2026-05-05,DS1016,Mumbai,Tier 1,treated,221,209,8,4,14.38,61.1,57906.0
2026-05-05,DS1017,Chennai,Tier 1,control,172,164,8,0,14.03,54.1,42762.0
2026-05-05,DS1018,Bhopal,Tier 2,control,112,106,5,1,16.58,35.0,27813.0
2026-05-05,DS1019,Hyderabad,Tier 1,control,228,225,3,0,18.1,35.0,60038.0
2026-05-05,DS1020,Jaipur,Tier 2,control,131,123,3,5,17.43,35.0,26755.0
2026-05-05,DS1021,Bengaluru,Tier 1,treated,120,117,2,1,13.24,70.5,27740.0
2026-05-05,DS1022,Lucknow,Tier 2,control,171,159,11,1,15.42,39.8,30316.0
2026-05-05,DS1023,Mumbai,Tier 1,treated,219,208,9,2,14.35,59.0,47302.0
2026-05-05,DS1024,Mumbai,Tier 1,treated,271,260,6,5,14.53,58.5,60830.0
2026-05-05,DS1025,Jaipur,Tier 2,control,122,117,4,1,14.76,58.2,22638.0
2026-05-05,DS1026,Delhi NCR,Tier 1,treated,189,181,6,2,16.56,35.0,45990.0
2026-05-05,DS1027,Mumbai,Tier 1,treated,176,167,5,4,15.3,44.4,34976.0
2026-05-05,DS1028,Bhopal,Tier 2,control,169,164,3,2,14.5,53.7,31501.0
2026-05-05,DS1029,Jaipur,Tier 2,control,115,107,5,3,15.64,43.0,18839.0
2026-05-05,DS1030,Pune,Tier 1,control,239,225,11,3,16.8,35.0,60568.0
2026-05-05,DS1031,Mumbai,Tier 1,treated,176,173,1,2,13.68,64.7,41654.0
2026-05-05,DS1032,Chennai,Tier 1,control,209,200,6,3,15.95,35.0,54142.0
2026-05-05,DS1033,Jaipur,Tier 2,control,66,61,3,2,18.77,35.0,12601.0
2026-05-05,DS1034,Mumbai,Tier 1,treated,198,186,8,4,15.61,46.7,40394.0
2026-05-05,DS1035,Pune,Tier 1,control,258,252,5,1,16.66,35.0,49930.0
2026-05-05,DS1036,Lucknow,Tier 2,control,87,82,4,1,14.06,51.6,17378.0
2026-05-05,DS1037,Lucknow,Tier 2,control,151,144,7,0,15.63,35.0,33989.0
2026-05-05,DS1038,Delhi NCR,Tier 1,treated,231,219,6,6,12.08,76.2,45207.0
2026-05-05,DS1039,Lucknow,Tier 2,control,101,95,5,1,12.72,75.0,22348.0
2026-05-05,DS1040,Hyderabad,Tier 1,control,202,197,5,0,16.48,35.0,43701.0
2026-05-05,DS1041,Lucknow,Tier 2,control,129,119,9,1,17.87,35.0,23867.0
2026-05-05,DS1042,Jaipur,Tier 2,control,121,110,7,4,14.74,49.8,25801.0
2026-05-05,DS1043,Indore,Tier 2,control,131,123,7,1,12.72,76.5,26222.0
2026-05-05,DS1044,Bengaluru,Tier 1,treated,165,159,2,4,15.06,59.4,35557.0
2026-05-05,DS1045,Delhi NCR,Tier 1,treated,159,155,2,2,11.87,85.7,36997.0
2026-05-05,DS1046,Bengaluru,Tier 1,treated,174,168,3,3,15.57,45.6,40550.0
2026-05-05,DS1047,Bengaluru,Tier 1,treated,154,148,1,5,17.94,35.0,30481.0
2026-05-05,DS1048,Mumbai,Tier 1,treated,197,190,5,2,14.27,61.6,44892.0
2026-05-05,DS1049,Jaipur,Tier 2,control,154,146,4,4,14.15,69.2,33588.0
2026-05-05,DS1050,Chennai,Tier 1,control,148,143,2,3,13.77,60.5,34935.0
2026-05-05,DS1051,Chennai,Tier 1,control,218,207,11,0,17.19,35.0,57044.0
2026-05-05,DS1052,Jaipur,Tier 2,control,102,95,7,0,14.41,57.1,18898.0
2026-05-05,DS1053,Bhopal,Tier 2,control,103,100,2,1,13.02,74.7,23936.0
2026-05-05,DS1054,Pune,Tier 1,control,211,201,4,6,16.84,35.0,45652.0
2026-05-05,DS1055,Delhi NCR,Tier 1,treated,198,191,3,4,13.64,59.0,54353.0
2026-05-05,DS1056,Delhi NCR,Tier 1,treated,252,239,10,3,15.95,36.0,46808.0
2026-05-05,DS1057,Delhi NCR,Tier 1,treated,172,162,9,1,15.9,40.8,38901.0
2026-05-05,DS1058,Chennai,Tier 1,control,214,206,5,3,17.66,35.0,43898.0
2026-05-05,DS1059,Mumbai,Tier 1,treated,171,162,4,5,13.78,62.2,29401.0
2026-05-06,DS1000,Pune,Tier 1,control,221,210,9,2,16.31,36.6,59916.0
2026-05-06,DS1001,Bengaluru,Tier 1,treated,195,185,10,0,17.43,35.0,35345.0
2026-05-06,DS1002,Mumbai,Tier 1,treated,191,182,3,6,12.67,77.1,42293.0
2026-05-06,DS1003,Lucknow,Tier 2,control,110,101,9,0,15.76,36.8,16697.0
2026-05-06,DS1004,Pune,Tier 1,control,161,155,4,2,12.72,74.4,31598.0
2026-05-06,DS1005,Pune,Tier 1,control,142,136,5,1,18.41,35.0,32036.0
2026-05-06,DS1006,Pune,Tier 1,control,232,222,6,4,14.51,55.4,41752.0
2026-05-06,DS1007,Mumbai,Tier 1,treated,211,202,7,2,12.64,76.0,47327.0
2026-05-06,DS1008,Chennai,Tier 1,control,204,199,3,2,19.29,35.0,31370.0
2026-05-06,DS1009,Hyderabad,Tier 1,control,245,236,6,3,15.13,44.4,61282.0
2026-05-06,DS1010,Lucknow,Tier 2,control,77,74,3,0,19.15,35.0,17094.0
2026-05-06,DS1011,Pune,Tier 1,control,194,189,2,3,17.7,35.0,46642.0
2026-05-06,DS1012,Bengaluru,Tier 1,treated,206,196,8,2,14.23,55.6,45897.0
2026-05-06,DS1013,Pune,Tier 1,control,229,220,7,2,17.2,35.0,51898.0
2026-05-06,DS1014,Hyderabad,Tier 1,control,198,190,6,2,18.56,35.0,44138.0
2026-05-06,DS1015,Jaipur,Tier 2,control,142,139,3,0,16.92,35.0,34529.0
2026-05-06,DS1016,Mumbai,Tier 1,treated,247,232,13,2,14.38,51.6,57964.0
2026-05-06,DS1017,Chennai,Tier 1,control,160,150,6,4,12.14,87.3,37273.0
2026-05-06,DS1018,Bhopal,Tier 2,control,115,107,5,3,15.88,40.3,27707.0
2026-05-06,DS1019,Hyderabad,Tier 1,control,255,239,11,5,18.57,35.0,71299.0
2026-05-06,DS1020,Jaipur,Tier 2,control,140,128,10,2,17.73,35.0,20058.0
2026-05-06,DS1021,Bengaluru,Tier 1,treated,141,140,0,1,12.92,70.6,32430.0
2026-05-06,DS1022,Lucknow,Tier 2,control,148,144,3,1,14.26,62.1,33778.0
2026-05-06,DS1023,Mumbai,Tier 1,treated,253,245,6,2,13.98,69.8,61007.0
2026-05-06,DS1024,Mumbai,Tier 1,treated,239,233,5,1,15.39,47.0,66855.0
2026-05-06,DS1025,Jaipur,Tier 2,control,97,92,3,2,15.42,52.2,16446.0
2026-05-06,DS1026,Delhi NCR,Tier 1,treated,209,203,6,0,17.07,35.0,45808.0
2026-05-06,DS1027,Mumbai,Tier 1,treated,161,156,4,1,13.95,64.6,32731.0
2026-05-06,DS1028,Bhopal,Tier 2,control,195,184,6,5,14.69,56.9,39977.0
2026-05-06,DS1029,Jaipur,Tier 2,control,101,97,3,1,17.29,35.0,20602.0
2026-05-06,DS1030,Pune,Tier 1,control,280,269,9,2,15.45,56.4,63426.0
2026-05-06,DS1031,Mumbai,Tier 1,treated,217,208,7,2,14.0,72.2,55232.0
2026-05-06,DS1032,Chennai,Tier 1,control,226,217,5,4,19.05,35.0,48610.0
2026-05-06,DS1033,Jaipur,Tier 2,control,80,74,4,2,20.43,35.0,17215.0
2026-05-06,DS1034,Mumbai,Tier 1,treated,190,178,11,1,16.62,35.0,46984.0
2026-05-06,DS1035,Pune,Tier 1,control,253,241,9,3,15.79,47.1,49921.0
2026-05-06,DS1036,Lucknow,Tier 2,control,84,80,4,0,14.21,60.9,17953.0
2026-05-06,DS1037,Lucknow,Tier 2,control,128,119,9,0,18.25,35.0,21027.0
2026-05-06,DS1038,Delhi NCR,Tier 1,treated,241,232,7,2,10.41,87.1,53617.0
2026-05-06,DS1039,Lucknow,Tier 2,control,103,98,4,1,13.63,69.7,25579.0
2026-05-06,DS1040,Hyderabad,Tier 1,control,213,204,5,4,18.39,35.0,48666.0
2026-05-06,DS1041,Lucknow,Tier 2,control,124,118,5,1,17.23,35.0,23224.0
2026-05-06,DS1042,Jaipur,Tier 2,control,98,90,7,1,18.28,35.0,16148.0
2026-05-06,DS1043,Indore,Tier 2,control,106,101,5,0,14.27,64.6,21915.0
2026-05-06,DS1044,Bengaluru,Tier 1,treated,190,185,5,0,13.26,73.4,33122.0
2026-05-06,DS1045,Delhi NCR,Tier 1,treated,173,166,7,0,14.72,51.2,47343.0
2026-05-06,DS1046,Bengaluru,Tier 1,treated,172,163,6,3,16.09,35.3,37695.0
2026-05-06,DS1047,Bengaluru,Tier 1,treated,196,190,6,0,17.79,35.0,42380.0
2026-05-06,DS1048,Mumbai,Tier 1,treated,205,199,5,1,15.32,51.5,39620.0
2026-05-06,DS1049,Jaipur,Tier 2,control,141,132,6,3,14.84,49.2,31966.0
2026-05-06,DS1050,Chennai,Tier 1,control,144,134,9,1,13.87,67.4,27648.0
2026-05-06,DS1051,Chennai,Tier 1,control,202,190,9,3,16.25,35.0,50911.0
2026-05-06,DS1052,Jaipur,Tier 2,control,113,107,4,2,14.71,50.4,23868.0
2026-05-06,DS1053,Bhopal,Tier 2,control,93,90,1,2,14.32,55.0,21808.0
2026-05-06,DS1054,Pune,Tier 1,control,252,243,7,2,16.86,35.0,52525.0
2026-05-06,DS1055,Delhi NCR,Tier 1,treated,155,148,5,2,12.89,77.9,37174.0
2026-05-06,DS1056,Delhi NCR,Tier 1,treated,237,224,10,3,17.9,35.0,51408.0
2026-05-06,DS1057,Delhi NCR,Tier 1,treated,177,168,7,2,17.11,35.0,47110.0
2026-05-06,DS1058,Chennai,Tier 1,control,241,233,7,1,17.77,35.0,61948.0
2026-05-06,DS1059,Mumbai,Tier 1,treated,227,219,5,3,12.99,76.9,57762.0
2026-05-07,DS1000,Pune,Tier 1,control,227,212,12,3,18.16,35.0,39092.0
2026-05-07,DS1001,Bengaluru,Tier 1,treated,230,217,9,4,18.59,35.0,46178.0
2026-05-07,DS1002,Mumbai,Tier 1,treated,197,192,4,1,14.03,60.9,50174.0
2026-05-07,DS1003,Lucknow,Tier 2,control,111,104,4,3,16.13,37.4,24116.0
2026-05-07,DS1004,Pune,Tier 1,control,180,172,4,4,14.72,58.6,44561.0
2026-05-07,DS1005,Pune,Tier 1,control,168,162,4,2,16.12,36.5,43625.0
2026-05-07,DS1006,Pune,Tier 1,control,288,279,3,6,13.09,70.5,60001.0
2026-05-07,DS1007,Mumbai,Tier 1,treated,209,200,4,5,12.94,76.8,40690.0
2026-05-07,DS1008,Chennai,Tier 1,control,233,223,8,2,18.14,35.0,52161.0
2026-05-07,DS1009,Hyderabad,Tier 1,control,255,249,4,2,14.98,50.8,64211.0
2026-05-07,DS1010,Lucknow,Tier 2,control,80,80,0,0,18.14,35.0,17483.0
2026-05-07,DS1011,Pune,Tier 1,control,187,177,8,2,18.15,35.0,43402.0
2026-05-07,DS1012,Bengaluru,Tier 1,treated,211,202,7,2,15.05,48.4,48355.0
2026-05-07,DS1013,Pune,Tier 1,control,242,225,14,3,16.1,38.2,48659.0
2026-05-07,DS1014,Hyderabad,Tier 1,control,185,183,1,1,18.55,35.0,43271.0
2026-05-07,DS1015,Jaipur,Tier 2,control,139,135,3,1,15.42,44.0,30942.0
2026-05-07,DS1016,Mumbai,Tier 1,treated,221,214,6,1,14.43,55.4,63578.0
2026-05-07,DS1017,Chennai,Tier 1,control,168,161,3,4,15.54,35.5,34529.0
2026-05-07,DS1018,Bhopal,Tier 2,control,104,101,2,1,15.55,50.7,20873.0
2026-05-07,DS1019,Hyderabad,Tier 1,control,229,216,8,5,18.95,35.0,56700.0
2026-05-07,DS1020,Jaipur,Tier 2,control,123,117,5,1,16.57,35.0,14696.0
2026-05-07,DS1021,Bengaluru,Tier 1,treated,138,130,7,1,12.51,82.6,30223.0
2026-05-07,DS1022,Lucknow,Tier 2,control,142,137,4,1,14.91,50.6,33736.0
2026-05-07,DS1023,Mumbai,Tier 1,treated,225,217,6,2,13.59,70.0,38546.0
2026-05-07,DS1024,Mumbai,Tier 1,treated,233,225,6,2,12.96,70.9,58125.0
2026-05-07,DS1025,Jaipur,Tier 2,control,116,109,5,2,15.29,41.9,20732.0
2026-05-07,DS1026,Delhi NCR,Tier 1,treated,211,208,2,1,13.37,71.6,47804.0
2026-05-07,DS1027,Mumbai,Tier 1,treated,167,156,5,6,15.41,37.1,32400.0
2026-05-07,DS1028,Bhopal,Tier 2,control,186,172,11,3,15.02,49.4,42127.0
2026-05-07,DS1029,Jaipur,Tier 2,control,110,105,3,2,15.91,40.4,19736.0
2026-05-07,DS1030,Pune,Tier 1,control,275,263,9,3,16.48,38.4,59609.0
2026-05-07,DS1031,Mumbai,Tier 1,treated,160,153,6,1,14.74,51.8,27517.0
2026-05-07,DS1032,Chennai,Tier 1,control,226,218,6,2,17.8,35.0,54842.0
2026-05-07,DS1033,Jaipur,Tier 2,control,74,71,2,1,19.48,35.0,15039.0
2026-05-07,DS1034,Mumbai,Tier 1,treated,202,190,9,3,15.43,46.1,45565.0
2026-05-07,DS1035,Pune,Tier 1,control,246,229,13,4,16.72,35.0,56663.0
2026-05-07,DS1036,Lucknow,Tier 2,control,95,88,7,0,12.65,75.7,16434.0
2026-05-07,DS1037,Lucknow,Tier 2,control,132,128,3,1,18.57,35.0,22616.0
2026-05-07,DS1038,Delhi NCR,Tier 1,treated,264,255,7,2,11.94,74.8,53785.0
2026-05-07,DS1039,Lucknow,Tier 2,control,84,79,4,1,12.65,76.3,17299.0
2026-05-07,DS1040,Hyderabad,Tier 1,control,179,170,7,2,16.57,35.0,28578.0
2026-05-07,DS1041,Lucknow,Tier 2,control,115,111,2,2,19.0,35.0,24198.0
2026-05-07,DS1042,Jaipur,Tier 2,control,120,112,5,3,16.69,35.9,17793.0
2026-05-07,DS1043,Indore,Tier 2,control,117,111,6,0,12.63,87.7,26812.0
2026-05-07,DS1044,Bengaluru,Tier 1,treated,154,149,5,0,13.17,67.1,37901.0
2026-05-07,DS1045,Delhi NCR,Tier 1,treated,200,191,6,3,13.9,63.0,44545.0
2026-05-07,DS1046,Bengaluru,Tier 1,treated,180,170,7,3,14.35,56.6,41289.0
2026-05-07,DS1047,Bengaluru,Tier 1,treated,172,165,6,1,17.17,35.0,35737.0
2026-05-07,DS1048,Mumbai,Tier 1,treated,192,184,7,1,13.73,65.5,47317.0
2026-05-07,DS1049,Jaipur,Tier 2,control,127,124,3,0,16.59,35.9,20334.0
2026-05-07,DS1050,Chennai,Tier 1,control,133,130,3,0,14.05,59.6,32979.0
2026-05-07,DS1051,Chennai,Tier 1,control,218,204,10,4,16.14,44.7,56940.0
2026-05-07,DS1052,Jaipur,Tier 2,control,111,103,5,3,14.92,49.0,13071.0
2026-05-07,DS1053,Bhopal,Tier 2,control,102,97,4,1,14.02,56.6,20020.0
2026-05-07,DS1054,Pune,Tier 1,control,231,218,10,3,17.95,35.0,35606.0
2026-05-07,DS1055,Delhi NCR,Tier 1,treated,216,205,9,2,12.66,83.0,52441.0
2026-05-07,DS1056,Delhi NCR,Tier 1,treated,300,288,6,6,16.71,35.0,50201.0
2026-05-07,DS1057,Delhi NCR,Tier 1,treated,180,169,7,4,16.6,36.6,35141.0
2026-05-07,DS1058,Chennai,Tier 1,control,216,204,10,2,17.11,35.0,49032.0
2026-05-07,DS1059,Mumbai,Tier 1,treated,209,199,6,4,13.32,65.3,52295.0
2026-05-08,DS1000,Pune,Tier 1,control,273,259,11,3,16.09,37.6,68472.0
2026-05-08,DS1001,Bengaluru,Tier 1,treated,285,279,3,3,18.94,35.0,64638.0
2026-05-08,DS1002,Mumbai,Tier 1,treated,224,214,6,4,15.2,47.0,50971.0
2026-05-08,DS1003,Lucknow,Tier 2,control,131,127,3,1,15.83,35.3,23898.0
2026-05-08,DS1004,Pune,Tier 1,control,195,185,8,2,14.94,46.2,40968.0
2026-05-08,DS1005,Pune,Tier 1,control,197,186,8,3,16.76,35.0,48605.0
2026-05-08,DS1006,Pune,Tier 1,control,294,279,10,5,15.19,48.2,73876.0
2026-05-08,DS1007,Mumbai,Tier 1,treated,230,220,8,2,12.96,72.4,55818.0
2026-05-08,DS1008,Chennai,Tier 1,control,268,254,8,6,19.48,35.0,63999.0
2026-05-08,DS1009,Hyderabad,Tier 1,control,311,294,13,4,16.04,35.0,52580.0
2026-05-08,DS1010,Lucknow,Tier 2,control,91,89,1,1,18.48,35.0,21841.0
2026-05-08,DS1011,Pune,Tier 1,control,237,225,9,3,19.29,35.0,49047.0
2026-05-08,DS1012,Bengaluru,Tier 1,treated,252,242,6,4,15.37,49.9,57678.0
2026-05-08,DS1013,Pune,Tier 1,control,276,259,10,7,16.41,35.0,62997.0
2026-05-08,DS1014,Hyderabad,Tier 1,control,226,218,7,1,18.84,35.0,61761.0
2026-05-08,DS1015,Jaipur,Tier 2,control,180,174,5,1,17.63,35.0,35267.0
2026-05-08,DS1016,Mumbai,Tier 1,treated,260,245,9,6,13.03,76.1,66337.0
2026-05-08,DS1017,Chennai,Tier 1,control,181,171,8,2,14.42,58.7,44602.0
2026-05-08,DS1018,Bhopal,Tier 2,control,123,115,6,2,16.66,35.0,22537.0
2026-05-08,DS1019,Hyderabad,Tier 1,control,257,248,8,1,19.33,35.0,67882.0
2026-05-08,DS1020,Jaipur,Tier 2,control,144,135,4,5,18.33,35.0,27394.0
2026-05-08,DS1021,Bengaluru,Tier 1,treated,155,146,7,2,13.29,62.7,38931.0
2026-05-08,DS1022,Lucknow,Tier 2,control,193,188,5,0,13.35,62.6,40563.0
2026-05-08,DS1023,Mumbai,Tier 1,treated,304,293,8,3,12.73,73.7,75041.0
2026-05-08,DS1024,Mumbai,Tier 1,treated,314,303,8,3,15.34,47.4,82391.0
2026-05-08,DS1025,Jaipur,Tier 2,control,137,132,4,1,14.06,62.7,23209.0
2026-05-08,DS1026,Delhi NCR,Tier 1,treated,230,221,5,4,15.52,38.4,51362.0
2026-05-08,DS1027,Mumbai,Tier 1,treated,193,185,6,2,14.4,54.3,44989.0
2026-05-08,DS1028,Bhopal,Tier 2,control,184,169,12,3,16.92,35.0,23382.0
2026-05-08,DS1029,Jaipur,Tier 2,control,122,116,5,1,17.42,35.0,26376.0
2026-05-08,DS1030,Pune,Tier 1,control,326,318,6,2,15.1,51.4,77271.0
2026-05-08,DS1031,Mumbai,Tier 1,treated,217,205,10,2,14.15,54.6,47560.0
2026-05-08,DS1032,Chennai,Tier 1,control,266,256,9,1,17.05,35.0,58229.0
2026-05-08,DS1033,Jaipur,Tier 2,control,102,96,5,1,19.2,35.0,25755.0
2026-05-08,DS1034,Mumbai,Tier 1,treated,227,213,10,4,-1.6100000000000003,44.2,47336.0
2026-05-08,DS1035,Pune,Tier 1,control,287,269,12,6,17.45,35.0,59544.0
2026-05-08,DS1036,Lucknow,Tier 2,control,120,116,3,1,11.54,89.9,23828.0
2026-05-08,DS1037,Lucknow,Tier 2,control,169,158,7,4,16.11,41.6,31207.0
2026-05-08,DS1038,Delhi NCR,Tier 1,treated,256,246,8,2,10.23,90.7,61967.0
2026-05-08,DS1039,Lucknow,Tier 2,control,100,93,5,2,14.09,58.3,18369.0
2026-05-08,DS1040,Hyderabad,Tier 1,control,254,236,13,5,17.69,35.0,59468.0
2026-05-08,DS1041,Lucknow,Tier 2,control,119,115,3,1,17.86,35.0,21417.0
2026-05-08,DS1042,Jaipur,Tier 2,control,147,142,2,3,15.33,45.8,25443.0
2026-05-08,DS1043,Indore,Tier 2,control,134,125,8,1,14.42,59.2,23814.0
2026-05-08,DS1044,Bengaluru,Tier 1,treated,227,210,12,5,13.73,66.5,43309.0
2026-05-08,DS1045,Delhi NCR,Tier 1,treated,241,225,13,3,11.97,79.1,55481.0
2026-05-08,DS1046,Bengaluru,Tier 1,treated,194,183,10,1,16.48,35.0,47685.0
2026-05-08,DS1047,Bengaluru,Tier 1,treated,222,211,8,3,18.09,35.0,48626.0
2026-05-08,DS1048,Mumbai,Tier 1,treated,250,236,9,5,16.73,35.0,69120.0
2026-05-08,DS1049,Jaipur,Tier 2,control,167,164,1,2,15.05,45.9,24289.0
2026-05-08,DS1050,Chennai,Tier 1,control,181,170,9,2,15.19,49.1,48520.0
2026-05-08,DS1051,Chennai,Tier 1,control,236,224,6,6,16.53,35.0,46991.0
2026-05-08,DS1052,Jaipur,Tier 2,control,129,126,1,2,14.66,51.5,24677.0
2026-05-08,DS1053,Bhopal,Tier 2,control,125,117,5,3,14.15,59.1,27647.0
2026-05-08,DS1054,Pune,Tier 1,control,305,291,10,4,17.23,35.0,61631.0
2026-05-08,DS1055,Delhi NCR,Tier 1,treated,213,209,3,1,12.61,76.8,44361.0
2026-05-08,DS1056,Delhi NCR,Tier 1,treated,339,321,13,5,16.7,35.0,77058.0
2026-05-08,DS1057,Delhi NCR,Tier 1,treated,206,195,8,3,17.05,35.0,45399.0
2026-05-08,DS1058,Chennai,Tier 1,control,296,279,17,0,19.09,35.0,71168.0
2026-05-08,DS1059,Mumbai,Tier 1,treated,239,233,5,1,12.21,83.8,56810.0
2026-05-09,DS1000,Pune,Tier 1,control,276,267,7,2,16.24,35.0,53657.0
2026-05-09,DS1001,Bengaluru,Tier 1,treated,269,254,14,1,17.38,35.0,66801.0
2026-05-09,DS1002,Mumbai,Tier 1,treated,212,203,9,0,13.07,71.9,52700.0
2026-05-09,DS1003,Lucknow,Tier 2,control,123,115,5,3,15.47,48.1,23588.0
2026-05-09,DS1004,Pune,Tier 1,control,202,198,4,0,14.32,58.4,54894.0
2026-05-09,DS1005,Pune,Tier 1,control,206,197,7,2,17.2,35.0,48488.0
2026-05-09,DS1006,Pune,Tier 1,control,299,284,13,2,13.43,61.6,62356.0
2026-05-09,DS1007,Mumbai,Tier 1,treated,226,212,11,3,12.68,67.9,51465.0
2026-05-09,DS1008,Chennai,Tier 1,control,266,258,6,2,17.82,35.0,51693.0
2026-05-09,DS1009,Hyderabad,Tier 1,control,314,303,8,3,12.27,76.3,55404.0
2026-05-09,DS1010,Lucknow,Tier 2,control,100,97,2,1,18.4,35.0,21586.0
2026-05-09,DS1011,Pune,Tier 1,control,212,197,13,2,17.4,35.0,45722.0
2026-05-09,DS1012,Bengaluru,Tier 1,treated,252,248,2,2,14.63,57.1,52196.0
2026-05-09,DS1013,Pune,Tier 1,control,256,243,11,2,16.34,35.0,51155.0
2026-05-09,DS1014,Hyderabad,Tier 1,control,216,205,9,2,19.76,35.0,52683.0
2026-05-09,DS1015,Jaipur,Tier 2,control,181,175,6,0,15.79,35.6,40160.0
2026-05-09,DS1016,Mumbai,Tier 1,treated,255,244,8,3,11.96,79.7,65206.0
2026-05-09,DS1017,Chennai,Tier 1,control,200,190,7,3,14.95,35.4,51165.0
2026-05-09,DS1018,Bhopal,Tier 2,control,119,112,6,1,16.81,35.0,26069.0
2026-05-09,DS1019,Hyderabad,Tier 1,control,286,273,10,3,19.32,35.0,66835.0
2026-05-09,DS1020,Jaipur,Tier 2,control,145,141,4,0,16.98,35.0,28669.0
2026-05-09,DS1021,Bengaluru,Tier 1,treated,143,136,2,5,11.88,83.3,36368.0
2026-05-09,DS1022,Lucknow,Tier 2,control,191,183,6,2,12.07,78.5,33564.0
2026-05-09,DS1023,Mumbai,Tier 1,treated,286,271,13,2,12.63,76.0,58366.0
2026-05-09,DS1024,Mumbai,Tier 1,treated,291,280,9,2,13.6,59.0,65558.0
2026-05-09,DS1025,Jaipur,Tier 2,control,152,146,4,2,15.59,41.6,32602.0
2026-05-09,DS1026,Delhi NCR,Tier 1,treated,254,245,6,3,14.97,57.4,48939.0
2026-05-09,DS1027,Mumbai,Tier 1,treated,198,189,7,2,13.87,58.0,49335.0
2026-05-09,DS1028,Bhopal,Tier 2,control,205,193,10,2,14.48,55.1,51107.0
2026-05-09,DS1029,Jaipur,Tier 2,control,123,117,4,2,16.27,37.1,26127.0
2026-05-09,DS1030,Pune,Tier 1,control,317,305,8,4,17.27,35.0,77901.0
2026-05-09,DS1031,Mumbai,Tier 1,treated,207,201,5,1,14.85,51.7,53570.0
2026-05-09,DS1032,Chennai,Tier 1,control,248,239,8,1,18.11,35.0,59315.0
2026-05-09,DS1033,Jaipur,Tier 2,control,118,112,4,2,18.02,35.0,23969.0
2026-05-09,DS1034,Mumbai,Tier 1,treated,237,230,5,2,16.99,35.0,56277.0
2026-05-09,DS1035,Pune,Tier 1,control,292,281,11,0,16.83,35.0,74121.0
2026-05-09,DS1036,Lucknow,Tier 2,control,106,103,3,0,13.45,58.4,19402.0
2026-05-09,DS1037,Lucknow,Tier 2,control,192,185,7,0,17.37,35.0,34332.0
2026-05-09,DS1038,Delhi NCR,Tier 1,treated,277,263,8,6,11.4,78.1,61290.0
2026-05-09,DS1039,Lucknow,Tier 2,control,115,111,3,1,12.85,76.1,20681.0
2026-05-09,DS1040,Hyderabad,Tier 1,control,214,204,7,3,18.11,35.0,53196.0
2026-05-09,DS1041,Lucknow,Tier 2,control,154,144,7,3,17.08,35.0,27964.0
2026-05-09,DS1042,Jaipur,Tier 2,control,170,164,4,2,15.93,40.7,34488.0
2026-05-09,DS1043,Indore,Tier 2,control,127,124,3,0,15.9,35.0,21682.0
2026-05-09,DS1044,Bengaluru,Tier 1,treated,198,190,7,1,11.75,80.4,50006.0
2026-05-09,DS1045,Delhi NCR,Tier 1,treated,243,226,14,3,13.62,66.3,62493.0
2026-05-09,DS1046,Bengaluru,Tier 1,treated,184,172,8,4,16.47,35.0,35810.0
2026-05-09,DS1047,Bengaluru,Tier 1,treated,199,185,12,2,17.71,35.0,41837.0
2026-05-09,DS1048,Mumbai,Tier 1,treated,235,225,5,5,13.29,73.2,54487.0
2026-05-09,DS1049,Jaipur,Tier 2,control,153,147,4,2,14.49,54.2,32979.0
2026-05-09,DS1050,Chennai,Tier 1,control,182,170,12,0,14.8,56.9,33107.0
2026-05-09,DS1051,Chennai,Tier 1,control,252,242,6,4,15.88,36.5,66491.0
2026-05-09,DS1052,Jaipur,Tier 2,control,132,125,5,2,16.45,35.0,26647.0
2026-05-09,DS1053,Bhopal,Tier 2,control,131,126,5,0,14.11,57.3,21727.0
2026-05-09,DS1054,Pune,Tier 1,control,307,296,9,2,17.0,35.0,73126.0
2026-05-09,DS1055,Delhi NCR,Tier 1,treated,232,221,7,4,12.1,81.2,63727.0
2026-05-09,DS1056,Delhi NCR,Tier 1,treated,313,298,9,6,15.13,47.6,72618.0
2026-05-09,DS1057,Delhi NCR,Tier 1,treated,223,214,8,1,16.02,35.0,54905.0
2026-05-09,DS1058,Chennai,Tier 1,control,271,254,15,2,19.6,35.0,53210.0
2026-05-09,DS1059,Mumbai,Tier 1,treated,244,234,10,0,14.51,54.7,51338.0
2026-05-10,DS1000,Pune,Tier 1,control,257,245,10,2,17.17,35.0,71859.0
2026-05-10,DS1001,Bengaluru,Tier 1,treated,201,191,5,5,16.69,35.0,42016.0
2026-05-10,DS1002,Mumbai,Tier 1,treated,199,191,5,3,14.35,58.9,42226.0
2026-05-10,DS1003,Lucknow,Tier 2,control,128,122,4,2,15.35,45.6,34433.0
2026-05-10,DS1004,Pune,Tier 1,control,189,181,7,1,12.53,78.7,45256.0
2026-05-10,DS1005,Pune,Tier 1,control,144,136,8,0,14.84,50.7,21671.0
2026-05-10,DS1006,Pune,Tier 1,control,208,197,9,2,14.65,47.9,47513.0
2026-05-10,DS1007,Mumbai,Tier 1,treated,210,201,8,1,14.55,52.8,38893.0
2026-05-10,DS1008,Chennai,Tier 1,control,232,215,11,6,18.09,35.0,47638.0
2026-05-10,DS1009,Hyderabad,Tier 1,control,228,214,10,4,15.44,45.5,54372.0
2026-05-10,DS1010,Lucknow,Tier 2,control,82,80,2,0,18.34,35.0,16282.0
2026-05-10,DS1011,Pune,Tier 1,control,194,181,6,7,20.11,35.0,50672.0
2026-05-10,DS1012,Bengaluru,Tier 1,treated,219,213,4,2,14.27,61.0,39398.0
2026-05-10,DS1013,Pune,Tier 1,control,225,215,7,3,18.19,35.0,53527.0
2026-05-10,DS1014,Hyderabad,Tier 1,control,188,177,9,2,18.13,35.0,37165.0
2026-05-10,DS1015,Jaipur,Tier 2,control,128,122,6,0,14.88,58.1,24140.0
2026-05-10,DS1016,Mumbai,Tier 1,treated,206,191,12,3,13.26,67.4,41475.0
2026-05-10,DS1017,Chennai,Tier 1,control,183,171,8,4,14.18,60.7,39285.0
2026-05-10,DS1018,Bhopal,Tier 2,control,118,115,3,0,17.23,35.0,17785.0
2026-05-10,DS1019,Hyderabad,Tier 1,control,249,238,5,6,18.48,35.0,47948.0
2026-05-10,DS1020,Jaipur,Tier 2,control,136,128,5,3,18.4,35.0,27902.0
2026-05-10,DS1021,Bengaluru,Tier 1,treated,155,145,9,1,-1.353,67.9,39645.0
2026-05-10,DS1022,Lucknow,Tier 2,control,146,142,3,1,13.89,56.1,29943.0
2026-05-10,DS1023,Mumbai,Tier 1,treated,238,228,8,2,13.66,63.8,55824.0
2026-05-10,DS1024,Mumbai,Tier 1,treated,263,253,6,4,14.53,52.5,68586.0
2026-05-10,DS1025,Jaipur,Tier 2,control,120,111,7,2,15.73,38.5,20544.0
2026-05-10,DS1026,Delhi NCR,Tier 1,treated,181,171,8,2,14.93,49.0,45787.0
2026-05-10,DS1027,Mumbai,Tier 1,treated,176,159,13,4,15.19,50.1,39864.0
2026-05-10,DS1028,Bhopal,Tier 2,control,163,151,10,2,16.24,35.0,26593.0
2026-05-10,DS1029,Jaipur,Tier 2,control,96,88,8,0,15.7,38.1,18266.0
2026-05-10,DS1030,Pune,Tier 1,control,279,271,5,3,16.69,35.0,71443.0
2026-05-10,DS1031,Mumbai,Tier 1,treated,169,162,6,1,14.73,52.2,47984.0
2026-05-10,DS1032,Chennai,Tier 1,control,202,196,4,2,16.57,35.0,49672.0
2026-05-10,DS1033,Jaipur,Tier 2,control,76,74,2,0,18.46,35.0,16841.0
2026-05-10,DS1034,Mumbai,Tier 1,treated,160,152,4,4,14.25,58.8,31346.0
2026-05-10,DS1035,Pune,Tier 1,control,235,226,5,4,15.81,41.0,54025.0
2026-05-10,DS1036,Lucknow,Tier 2,control,98,93,4,1,14.48,57.2,17657.0
2026-05-10,DS1037,Lucknow,Tier 2,control,138,129,9,0,17.74,35.0,27215.0
2026-05-10,DS1038,Delhi NCR,Tier 1,treated,206,202,4,0,11.94,81.6,47229.0
2026-05-10,DS1039,Lucknow,Tier 2,control,113,112,1,0,13.8,67.4,17469.0
2026-05-10,DS1040,Hyderabad,Tier 1,control,199,196,2,1,18.63,35.0,50978.0
2026-05-10,DS1041,Lucknow,Tier 2,control,102,96,2,4,17.27,35.0,19611.0
2026-05-10,DS1042,Jaipur,Tier 2,control,115,111,3,1,14.38,56.4,26379.0
2026-05-10,DS1043,Indore,Tier 2,control,103,96,7,0,13.39,69.6,23265.0
2026-05-10,DS1044,Bengaluru,Tier 1,treated,215,208,4,3,14.16,56.2,47934.0
2026-05-10,DS1045,Delhi NCR,Tier 1,treated,211,201,10,0,14.2,58.5,46028.0
2026-05-10,DS1046,Bengaluru,Tier 1,treated,152,145,7,0,16.16,35.0,38921.0
2026-05-10,DS1047,Bengaluru,Tier 1,treated,153,143,4,6,18.94,35.0,36281.0
2026-05-10,DS1048,Mumbai,Tier 1,treated,184,176,5,3,13.19,73.1,36234.0
2026-05-10,DS1049,Jaipur,Tier 2,control,128,126,2,0,14.09,59.9,20511.0
2026-05-10,DS1050,Chennai,Tier 1,control,139,132,4,3,14.14,62.7,31097.0
2026-05-10,DS1051,Chennai,Tier 1,control,209,197,8,4,16.52,35.0,49393.0
2026-05-10,DS1052,Jaipur,Tier 2,control,117,114,2,1,14.59,52.0,25493.0
2026-05-10,DS1053,Bhopal,Tier 2,control,105,102,2,1,15.18,47.7,16930.0
2026-05-10,DS1054,Pune,Tier 1,control,243,231,11,1,17.07,35.0,51816.0
2026-05-10,DS1055,Delhi NCR,Tier 1,treated,189,177,6,6,12.83,71.8,36359.0
2026-05-10,DS1056,Delhi NCR,Tier 1,treated,258,245,8,5,18.16,35.0,55694.0
2026-05-10,DS1057,Delhi NCR,Tier 1,treated,169,160,6,3,15.81,43.7,32302.0
2026-05-10,DS1058,Chennai,Tier 1,control,252,240,9,3,17.18,35.0,53270.0
2026-05-10,DS1059,Mumbai,Tier 1,treated,208,203,4,1,13.58,64.7,48434.0
2026-05-11,DS1000,Pune,Tier 1,control,204,199,4,1,14.79,51.5,50624.0
2026-05-11,DS1001,Bengaluru,Tier 1,treated,236,228,6,2,19.93,35.0,60789.0
2026-05-11,DS1002,Mumbai,Tier 1,treated,185,181,2,2,15.72,35.0,36215.0
2026-05-11,DS1003,Lucknow,Tier 2,control,124,118,5,1,15.76,35.6,28022.0
2026-05-11,DS1004,Pune,Tier 1,control,167,161,5,1,14.49,55.9,40074.0
2026-05-11,DS1005,Pune,Tier 1,control,126,120,5,1,19.33,35.0,31069.0
2026-05-11,DS1006,Pune,Tier 1,control,212,207,2,3,14.44,58.8,56346.0
2026-05-11,DS1007,Mumbai,Tier 1,treated,240,224,15,1,13.22,70.9,61128.0
2026-05-11,DS1008,Chennai,Tier 1,control,199,192,6,1,18.11,35.0,41284.0
2026-05-11,DS1009,Hyderabad,Tier 1,control,260,251,8,1,15.91,36.1,60662.0
2026-05-11,DS1010,Lucknow,Tier 2,control,93,91,1,1,18.23,35.0,20013.0
2026-05-11,DS1011,Pune,Tier 1,control,197,188,6,3,19.45,35.0,49922.0
2026-05-11,DS1012,Bengaluru,Tier 1,treated,216,205,6,5,13.67,59.6,46640.0
2026-05-11,DS1013,Pune,Tier 1,control,225,214,9,2,16.82,35.0,49035.0
2026-05-11,DS1014,Hyderabad,Tier 1,control,179,168,10,1,19.53,35.0,35225.0
2026-05-11,DS1015,Jaipur,Tier 2,control,138,128,9,1,14.71,49.9,27321.0
2026-05-11,DS1016,Mumbai,Tier 1,treated,237,231,2,4,13.5,66.9,62422.0
2026-05-11,DS1017,Chennai,Tier 1,control,165,159,6,0,13.82,64.3,41090.0
2026-05-11,DS1018,Bhopal,Tier 2,control,121,118,2,1,16.9,35.0,24948.0
2026-05-11,DS1019,Hyderabad,Tier 1,control,228,216,11,1,18.14,35.0,61594.0
2026-05-11,DS1020,Jaipur,Tier 2,control,135,133,1,1,17.69,35.0,27230.0
2026-05-11,DS1021,Bengaluru,Tier 1,treated,137,130,4,3,11.88,72.7,29280.0
2026-05-11,DS1022,Lucknow,Tier 2,control,153,148,4,1,15.44,53.0,33528.0
2026-05-11,DS1023,Mumbai,Tier 1,treated,232,221,6,5,14.28,61.8,62909.0
2026-05-11,DS1024,Mumbai,Tier 1,treated,280,265,12,3,16.54,35.0,80411.0
2026-05-11,DS1025,Jaipur,Tier 2,control,99,91,8,0,15.52,40.6,20506.0
2026-05-11,DS1026,Delhi NCR,Tier 1,treated,203,198,3,2,15.26,42.6,45221.0
2026-05-11,DS1027,Mumbai,Tier 1,treated,167,159,7,1,14.31,59.8,30045.0
2026-05-11,DS1028,Bhopal,Tier 2,control,175,167,5,3,15.45,45.5,37084.0
2026-05-11,DS1029,Jaipur,Tier 2,control,100,97,1,2,18.31,35.0,22973.0
2026-05-11,DS1030,Pune,Tier 1,control,285,277,5,3,18.25,35.0,55432.0
2026-05-11,DS1031,Mumbai,Tier 1,treated,202,190,10,2,12.07,79.0,47255.0
2026-05-11,DS1032,Chennai,Tier 1,control,219,207,8,4,16.5,38.4,57472.0
2026-05-11,DS1033,Jaipur,Tier 2,control,102,96,4,2,19.75,35.0,14985.0
2026-05-11,DS1034,Mumbai,Tier 1,treated,182,175,6,1,14.41,54.0,35764.0
2026-05-11,DS1035,Pune,Tier 1,control,248,242,5,1,16.44,35.0,64686.0
2026-05-11,DS1036,Lucknow,Tier 2,control,86,80,6,0,14.31,58.6,17501.0
2026-05-11,DS1037,Lucknow,Tier 2,control,130,125,5,0,17.5,35.0,29180.0
2026-05-11,DS1038,Delhi NCR,Tier 1,treated,231,223,4,4,11.72,83.4,52101.0
2026-05-11,DS1039,Lucknow,Tier 2,control,104,98,3,3,12.87,71.1,21049.0
2026-05-11,DS1040,Hyderabad,Tier 1,control,208,201,5,2,17.23,35.0,61809.0
2026-05-11,DS1041,Lucknow,Tier 2,control,122,118,2,2,17.91,35.0,19236.0
2026-05-11,DS1042,Jaipur,Tier 2,control,118,116,1,1,17.63,35.0,24164.0
2026-05-11,DS1043,Indore,Tier 2,control,95,92,2,1,15.13,50.1,17495.0
2026-05-11,DS1044,Bengaluru,Tier 1,treated,190,183,3,4,13.84,65.7,46559.0
2026-05-11,DS1045,Delhi NCR,Tier 1,treated,191,180,9,2,14.47,58.8,43523.0
2026-05-11,DS1046,Bengaluru,Tier 1,treated,202,193,8,1,14.48,58.6,39431.0
2026-05-11,DS1047,Bengaluru,Tier 1,treated,152,148,2,2,17.78,35.0,38740.0
2026-05-11,DS1048,Mumbai,Tier 1,treated,202,190,6,6,15.47,43.2,51290.0
2026-05-11,DS1049,Jaipur,Tier 2,control,121,118,1,2,15.31,50.7,22259.0
2026-05-11,DS1050,Chennai,Tier 1,control,163,154,7,2,14.23,63.1,27618.0
2026-05-11,DS1051,Chennai,Tier 1,control,205,197,5,3,17.67,35.0,45546.0
2026-05-11,DS1052,Jaipur,Tier 2,control,105,96,7,2,16.64,35.0,16968.0
2026-05-11,DS1053,Bhopal,Tier 2,control,97,97,0,0,14.95,54.4,21763.0
2026-05-11,DS1054,Pune,Tier 1,control,231,220,10,1,17.14,35.0,49302.0
2026-05-11,DS1055,Delhi NCR,Tier 1,treated,183,177,5,1,13.02,67.5,41992.0
2026-05-11,DS1056,Delhi NCR,Tier 1,treated,257,242,10,5,17.09,35.0,66324.0
2026-05-11,DS1057,Delhi NCR,Tier 1,treated,196,188,3,5,17.43,35.0,42603.0
2026-05-11,DS1058,Chennai,Tier 1,control,207,203,4,0,18.27,35.0,50846.0
2026-05-11,DS1059,Mumbai,Tier 1,treated,203,197,4,2,12.95,73.3,44076.0
2026-05-12,DS1000,Pune,Tier 1,control,221,206,13,2,17.05,35.0,48293.0
2026-05-12,DS1001,Bengaluru,Tier 1,treated,206,202,3,1,17.61,35.0,48284.0
2026-05-12,DS1002,Mumbai,Tier 1,treated,206,200,5,1,14.37,51.7,47066.0
2026-05-12,DS1003,Lucknow,Tier 2,control,99,90,6,3,15.83,40.4,21124.0
2026-05-12,DS1004,Pune,Tier 1,control,154,146,8,0,15.63,39.8,35063.0
2026-05-12,DS1005,Pune,Tier 1,control,159,155,4,0,16.62,35.0,40768.0
2026-05-12,DS1006,Pune,Tier 1,control,262,252,7,3,14.01,67.5,70475.0
2026-05-12,DS1007,Mumbai,Tier 1,treated,201,194,7,0,11.92,87.2,49621.0
2026-05-12,DS1008,Chennai,Tier 1,control,239,228,8,3,18.23,35.0,49904.0
2026-05-12,DS1009,Hyderabad,Tier 1,control,227,222,3,2,12.3,72.8,45382.0
2026-05-12,DS1010,Lucknow,Tier 2,control,102,101,0,1,17.93,35.0,17034.0
2026-05-12,DS1011,Pune,Tier 1,control,162,156,4,2,19.6,35.0,44622.0
2026-05-12,DS1012,Bengaluru,Tier 1,treated,192,185,4,3,14.66,60.4,41185.0
2026-05-12,DS1013,Pune,Tier 1,control,229,225,3,1,16.89,35.0,53645.0
2026-05-12,DS1014,Hyderabad,Tier 1,control,191,183,7,1,19.26,35.0,47330.0
2026-05-12,DS1015,Jaipur,Tier 2,control,162,157,3,2,16.07,45.8,34095.0
2026-05-12,DS1016,Mumbai,Tier 1,treated,216,206,7,3,13.62,60.2,48037.0
2026-05-12,DS1017,Chennai,Tier 1,control,174,165,7,2,13.5,60.9,36717.0
2026-05-12,DS1018,Bhopal,Tier 2,control,105,95,6,4,17.2,35.0,15152.0
2026-05-12,DS1019,Hyderabad,Tier 1,control,265,245,14,6,17.13,35.0,61725.0
2026-05-12,DS1020,Jaipur,Tier 2,control,139,132,6,1,17.89,35.0,28280.0
2026-05-12,DS1021,Bengaluru,Tier 1,treated,153,143,8,2,12.59,67.7,31557.0
2026-05-12,DS1022,Lucknow,Tier 2,control,144,135,6,3,14.34,60.1,27555.0
2026-05-12,DS1023,Mumbai,Tier 1,treated,228,221,6,1,14.09,62.2,45202.0
2026-05-12,DS1024,Mumbai,Tier 1,treated,242,222,16,4,-1.374,64.4,51731.0
2026-05-12,DS1025,Jaipur,Tier 2,control,112,104,6,2,16.58,35.0,20648.0
2026-05-12,DS1026,Delhi NCR,Tier 1,treated,210,201,8,1,13.24,73.9,49192.0
2026-05-12,DS1027,Mumbai,Tier 1,treated,165,157,7,1,15.51,46.9,43916.0
2026-05-12,DS1028,Bhopal,Tier 2,control,166,158,7,1,14.85,51.1,41474.0
2026-05-12,DS1029,Jaipur,Tier 2,control,115,113,0,2,17.32,35.0,20896.0
2026-05-12,DS1030,Pune,Tier 1,control,287,276,7,4,16.38,35.0,65169.0
2026-05-12,DS1031,Mumbai,Tier 1,treated,202,193,7,2,15.32,46.8,47297.0
2026-05-12,DS1032,Chennai,Tier 1,control,230,228,1,1,17.21,35.0,50157.0
2026-05-12,DS1033,Jaipur,Tier 2,control,103,100,1,2,20.26,35.0,23566.0
2026-05-12,DS1034,Mumbai,Tier 1,treated,196,189,6,1,15.98,36.2,49361.0
2026-05-12,DS1035,Pune,Tier 1,control,239,233,5,1,16.08,35.0,56147.0
2026-05-12,DS1036,Lucknow,Tier 2,control,95,91,4,0,12.96,73.2,24776.0
2026-05-12,DS1037,Lucknow,Tier 2,control,161,148,9,4,18.59,35.0,28461.0
2026-05-12,DS1038,Delhi NCR,Tier 1,treated,204,195,7,2,12.42,81.0,44610.0
2026-05-12,DS1039,Lucknow,Tier 2,control,105,102,3,0,14.17,53.6,19294.0
2026-05-12,DS1040,Hyderabad,Tier 1,control,183,176,7,0,18.47,35.0,35014.0
2026-05-12,DS1041,Lucknow,Tier 2,control,115,113,1,1,18.61,35.0,21520.0
2026-05-12,DS1042,Jaipur,Tier 2,control,107,100,5,2,16.29,38.4,23722.0
2026-05-12,DS1043,Indore,Tier 2,control,113,110,3,0,13.29,67.5,29262.0
2026-05-12,DS1044,Bengaluru,Tier 1,treated,164,157,6,1,14.94,45.1,42902.0
2026-05-12,DS1045,Delhi NCR,Tier 1,treated,188,180,6,2,13.88,63.2,35357.0
2026-05-12,DS1046,Bengaluru,Tier 1,treated,176,170,5,1,15.39,47.9,43401.0
2026-05-12,DS1047,Bengaluru,Tier 1,treated,169,163,6,0,19.2,35.0,40241.0
2026-05-12,DS1048,Mumbai,Tier 1,treated,239,229,7,3,12.55,74.6,48036.0
2026-05-12,DS1049,Jaipur,Tier 2,control,130,124,5,1,15.43,41.2,31598.0
2026-05-12,DS1050,Chennai,Tier 1,control,143,133,6,4,13.93,64.2,32961.0
2026-05-12,DS1051,Chennai,Tier 1,control,218,208,8,2,15.77,35.0,57816.0
2026-05-12,DS1052,Jaipur,Tier 2,control,98,92,6,0,16.46,37.4,18755.0
2026-05-12,DS1053,Bhopal,Tier 2,control,105,103,1,1,14.55,54.9,19343.0
2026-05-12,DS1054,Pune,Tier 1,control,241,231,7,3,15.92,38.9,52815.0
2026-05-12,DS1055,Delhi NCR,Tier 1,treated,181,173,5,3,12.37,82.9,41414.0
2026-05-12,DS1056,Delhi NCR,Tier 1,treated,276,267,7,2,16.48,35.1,67015.0
2026-05-12,DS1057,Delhi NCR,Tier 1,treated,162,155,6,1,16.38,35.0,48494.0
2026-05-12,DS1058,Chennai,Tier 1,control,228,225,3,0,19.13,35.0,45549.0
2026-05-12,DS1059,Mumbai,Tier 1,treated,189,179,5,5,13.67,66.1,40241.0
2026-05-13,DS1000,Pune,Tier 1,control,264,252,11,1,18.49,35.0,59473.0
2026-05-13,DS1001,Bengaluru,Tier 1,treated,240,227,11,2,17.41,35.0,61147.0
2026-05-13,DS1002,Mumbai,Tier 1,treated,211,201,9,1,14.55,46.0,44212.0
2026-05-13,DS1003,Lucknow,Tier 2,control,121,115,5,1,15.77,46.0,27809.0
2026-05-13,DS1004,Pune,Tier 1,control,157,148,7,2,15.88,36.7,27574.0
2026-05-13,DS1005,Pune,Tier 1,control,146,133,11,2,16.08,43.3,30577.0
2026-05-13,DS1006,Pune,Tier 1,control,252,234,12,6,14.45,55.3,65876.0
2026-05-13,DS1007,Mumbai,Tier 1,treated,201,193,7,1,12.83,72.7,49480.0
2026-05-13,DS1008,Chennai,Tier 1,control,234,221,9,4,18.13,35.0,60726.0
2026-05-13,DS1009,Hyderabad,Tier 1,control,254,239,11,4,13.44,68.3,67148.0
2026-05-13,DS1010,Lucknow,Tier 2,control,81,78,2,1,16.86,35.0,16354.0
2026-05-13,DS1011,Pune,Tier 1,control,180,170,8,2,19.75,35.0,39855.0
2026-05-13,DS1012,Bengaluru,Tier 1,treated,228,214,13,1,13.96,67.8,52716.0
2026-05-13,DS1013,Pune,Tier 1,control,209,195,12,2,16.74,35.0,51827.0
2026-05-13,DS1014,Hyderabad,Tier 1,control,200,190,7,3,18.8,35.0,45064.0
2026-05-13,DS1015,Jaipur,Tier 2,control,148,144,3,1,17.57,35.0,23277.0
2026-05-13,DS1016,Mumbai,Tier 1,treated,220,212,6,2,15.58,37.5,53203.0
2026-05-13,DS1017,Chennai,Tier 1,control,165,158,7,0,14.37,59.5,33489.0
2026-05-13,DS1018,Bhopal,Tier 2,control,96,93,2,1,16.67,35.5,17862.0
2026-05-13,DS1019,Hyderabad,Tier 1,control,219,211,6,2,18.01,35.0,43687.0
2026-05-13,DS1020,Jaipur,Tier 2,control,150,145,3,2,17.43,35.0,28840.0
2026-05-13,DS1021,Bengaluru,Tier 1,treated,138,135,3,0,14.41,53.0,34863.0
2026-05-13,DS1022,Lucknow,Tier 2,control,141,137,3,1,14.93,49.8,33703.0
2026-05-13,DS1023,Mumbai,Tier 1,treated,200,187,11,2,14.3,65.2,40176.0
2026-05-13,DS1024,Mumbai,Tier 1,treated,281,270,8,3,15.86,39.2,52555.0
2026-05-13,DS1025,Jaipur,Tier 2,control,104,94,8,2,16.5,35.0,16026.0
2026-05-13,DS1026,Delhi NCR,Tier 1,treated,181,177,1,3,13.36,69.5,35912.0
2026-05-13,DS1027,Mumbai,Tier 1,treated,179,177,2,0,14.14,60.7,45379.0
2026-05-13,DS1028,Bhopal,Tier 2,control,178,172,6,0,16.93,35.0,42871.0
2026-05-13,DS1029,Jaipur,Tier 2,control,110,106,3,1,17.02,35.0,25587.0
2026-05-13,DS1030,Pune,Tier 1,control,249,240,6,3,17.01,35.0,62982.0
2026-05-13,DS1031,Mumbai,Tier 1,treated,182,174,5,3,13.72,62.7,41872.0
2026-05-13,DS1032,Chennai,Tier 1,control,222,212,8,2,17.27,35.0,50929.0
2026-05-13,DS1033,Jaipur,Tier 2,control,85,81,3,1,19.83,35.0,16302.0
2026-05-13,DS1034,Mumbai,Tier 1,treated,213,207,6,0,14.78,58.3,56729.0
2026-05-13,DS1035,Pune,Tier 1,control,273,260,11,2,16.23,35.0,77038.0
2026-05-13,DS1036,Lucknow,Tier 2,control,110,105,3,2,12.75,80.0,25319.0
2026-05-13,DS1037,Lucknow,Tier 2,control,134,127,5,2,17.81,35.0,27884.0
2026-05-13,DS1038,Delhi NCR,Tier 1,treated,228,219,4,5,11.96,83.5,53719.0
2026-05-13,DS1039,Lucknow,Tier 2,control,97,92,3,2,13.99,65.5,21904.0
2026-05-13,DS1040,Hyderabad,Tier 1,control,231,226,2,3,17.15,35.0,50957.0
2026-05-13,DS1041,Lucknow,Tier 2,control,123,118,5,0,16.55,37.2,24082.0
2026-05-13,DS1042,Jaipur,Tier 2,control,117,114,2,1,15.71,43.8,23569.0
2026-05-13,DS1043,Indore,Tier 2,control,108,104,4,0,14.74,52.0,22986.0
2026-05-13,DS1044,Bengaluru,Tier 1,treated,187,181,3,3,13.46,68.7,42131.0
2026-05-13,DS1045,Delhi NCR,Tier 1,treated,184,175,7,2,12.85,76.0,49833.0
2026-05-13,DS1046,Bengaluru,Tier 1,treated,168,159,8,1,16.37,35.0,36563.0
2026-05-13,DS1047,Bengaluru,Tier 1,treated,170,164,6,0,19.03,35.0,43405.0
2026-05-13,DS1048,Mumbai,Tier 1,treated,186,174,10,2,14.46,58.2,35359.0
2026-05-13,DS1049,Jaipur,Tier 2,control,145,143,0,2,15.11,50.8,33644.0
2026-05-13,DS1050,Chennai,Tier 1,control,167,156,9,2,14.04,63.8,39945.0
2026-05-13,DS1051,Chennai,Tier 1,control,238,225,8,5,16.57,35.0,47562.0
2026-05-13,DS1052,Jaipur,Tier 2,control,128,120,6,2,16.54,35.0,26038.0
2026-05-13,DS1053,Bhopal,Tier 2,control,103,97,5,1,13.86,64.7,20878.0
2026-05-13,DS1054,Pune,Tier 1,control,227,214,9,4,15.9,35.9,44507.0
2026-05-13,DS1055,Delhi NCR,Tier 1,treated,207,188,12,7,12.2,77.1,45327.0
2026-05-13,DS1056,Delhi NCR,Tier 1,treated,292,281,6,5,17.25,35.0,71802.0
2026-05-13,DS1057,Delhi NCR,Tier 1,treated,198,188,8,2,14.85,50.2,46256.0
2026-05-13,DS1058,Chennai,Tier 1,control,205,198,6,1,19.4,35.0,39327.0
2026-05-13,DS1059,Mumbai,Tier 1,treated,208,199,4,5,14.97,45.1,55757.0
2026-05-14,DS1000,Pune,Tier 1,control,220,210,7,3,18.34,35.0,49427.0
2026-05-14,DS1001,Bengaluru,Tier 1,treated,211,198,11,2,17.15,35.0,51091.0
2026-05-14,DS1002,Mumbai,Tier 1,treated,192,186,3,3,14.07,61.6,41719.0
2026-05-14,DS1003,Lucknow,Tier 2,control,129,120,9,0,16.17,35.0,25780.0
2026-05-14,DS1004,Pune,Tier 1,control,141,132,6,3,15.34,46.1,29385.0
2026-05-14,DS1005,Pune,Tier 1,control,151,146,3,2,16.04,35.0,43465.0
2026-05-14,DS1006,Pune,Tier 1,control,250,241,7,2,13.39,74.0,62420.0
2026-05-14,DS1007,Mumbai,Tier 1,treated,210,200,9,1,12.77,73.9,56064.0
2026-05-14,DS1008,Chennai,Tier 1,control,205,197,7,1,17.18,35.0,48105.0
2026-05-14,DS1009,Hyderabad,Tier 1,control,260,249,7,4,13.53,63.8,52563.0
2026-05-14,DS1010,Lucknow,Tier 2,control,77,75,1,1,16.31,35.0,16112.0
2026-05-14,DS1011,Pune,Tier 1,control,160,156,3,1,18.13,35.0,37102.0
2026-05-14,DS1012,Bengaluru,Tier 1,treated,213,206,6,1,14.08,60.9,48316.0
2026-05-14,DS1013,Pune,Tier 1,control,214,208,6,0,18.0,35.0,57374.0
2026-05-14,DS1014,Hyderabad,Tier 1,control,215,201,9,5,18.8,35.0,46651.0
2026-05-14,DS1015,Jaipur,Tier 2,control,137,129,6,2,15.18,51.2,19763.0
2026-05-14,DS1016,Mumbai,Tier 1,treated,211,205,6,0,14.68,57.1,50726.0
2026-05-14,DS1017,Chennai,Tier 1,control,188,180,6,2,13.69,67.7,43189.0
2026-05-14,DS1018,Bhopal,Tier 2,control,94,89,3,2,15.44,54.1,16477.0
2026-05-14,DS1019,Hyderabad,Tier 1,control,257,242,13,2,17.82,35.0,65966.0
2026-05-14,DS1020,Jaipur,Tier 2,control,142,137,4,1,16.58,35.0,29177.0
2026-05-14,DS1021,Bengaluru,Tier 1,treated,114,107,5,2,12.99,77.9,19907.0
2026-05-14,DS1022,Lucknow,Tier 2,control,152,144,6,2,16.11,40.6,34369.0
2026-05-14,DS1023,Mumbai,Tier 1,treated,235,222,9,4,13.73,63.9,61264.0
2026-05-14,DS1024,Mumbai,Tier 1,treated,247,233,12,2,14.92,50.5,39133.0
2026-05-14,DS1025,Jaipur,Tier 2,control,113,109,2,2,15.79,41.5,30077.0
2026-05-14,DS1026,Delhi NCR,Tier 1,treated,219,203,11,5,15.72,41.4,45340.0
2026-05-14,DS1027,Mumbai,Tier 1,treated,166,158,5,3,14.73,56.3,34019.0
2026-05-14,DS1028,Bhopal,Tier 2,control,182,177,4,1,15.86,40.4,36429.0
2026-05-14,DS1029,Jaipur,Tier 2,control,133,125,4,4,16.18,37.8,21708.0
2026-05-14,DS1030,Pune,Tier 1,control,300,280,17,3,16.81,35.0,67700.0
2026-05-14,DS1031,Mumbai,Tier 1,treated,189,182,6,1,13.82,68.5,49854.0
2026-05-14,DS1032,Chennai,Tier 1,control,247,234,12,1,17.24,35.0,51336.0
2026-05-14,DS1033,Jaipur,Tier 2,control,96,85,8,3,18.45,35.0,18592.0
2026-05-14,DS1034,Mumbai,Tier 1,treated,166,159,5,2,14.53,55.0,33889.0
2026-05-14,DS1035,Pune,Tier 1,control,259,249,7,3,17.63,35.0,56309.0
2026-05-14,DS1036,Lucknow,Tier 2,control,84,80,3,1,14.08,61.8,16167.0
2026-05-14,DS1037,Lucknow,Tier 2,control,137,132,4,1,18.54,35.0,23073.0
2026-05-14,DS1038,Delhi NCR,Tier 1,treated,223,211,9,3,11.6,82.3,57301.0
2026-05-14,DS1039,Lucknow,Tier 2,control,97,90,4,3,13.78,63.5,19145.0
2026-05-14,DS1040,Hyderabad,Tier 1,control,162,155,5,2,18.26,35.0,35303.0
2026-05-14,DS1041,Lucknow,Tier 2,control,109,106,2,1,16.98,35.0,23629.0
2026-05-14,DS1042,Jaipur,Tier 2,control,113,104,7,2,15.15,51.0,20798.0
2026-05-14,DS1043,Indore,Tier 2,control,105,102,2,1,14.32,52.5,23735.0
2026-05-14,DS1044,Bengaluru,Tier 1,treated,173,164,5,4,13.7,62.5,46488.0
2026-05-14,DS1045,Delhi NCR,Tier 1,treated,179,172,4,3,13.86,62.8,40192.0
2026-05-14,DS1046,Bengaluru,Tier 1,treated,188,181,7,0,15.24,48.1,40840.0
2026-05-14,DS1047,Bengaluru,Tier 1,treated,151,144,5,2,17.73,35.0,32433.0
2026-05-14,DS1048,Mumbai,Tier 1,treated,187,179,5,3,14.28,55.2,50062.0
2026-05-14,DS1049,Jaipur,Tier 2,control,145,140,3,2,14.28,60.1,29846.0
2026-05-14,DS1050,Chennai,Tier 1,control,138,131,5,2,14.7,59.8,28384.0
2026-05-14,DS1051,Chennai,Tier 1,control,220,210,7,3,15.74,39.9,50208.0
2026-05-14,DS1052,Jaipur,Tier 2,control,104,96,7,1,15.79,42.2,24777.0
2026-05-14,DS1053,Bhopal,Tier 2,control,110,104,5,1,12.95,68.8,26385.0
2026-05-14,DS1054,Pune,Tier 1,control,261,248,13,0,17.67,35.0,65781.0
2026-05-14,DS1055,Delhi NCR,Tier 1,treated,196,192,3,1,11.1,83.7,39295.0
2026-05-14,DS1056,Delhi NCR,Tier 1,treated,260,244,10,6,16.33,35.7,67153.0
2026-05-14,DS1057,Delhi NCR,Tier 1,treated,179,170,8,1,16.36,37.9,34520.0
2026-05-14,DS1058,Chennai,Tier 1,control,218,205,8,5,17.97,35.0,52699.0
2026-05-14,DS1059,Mumbai,Tier 1,treated,230,219,5,6,13.5,67.5,47120.0
2026-05-15,DS1000,Pune,Tier 1,control,278,269,7,2,15.76,44.4,53152.0
2026-05-15,DS1001,Bengaluru,Tier 1,treated,249,239,8,2,16.57,35.0,45474.0
2026-05-15,DS1002,Mumbai,Tier 1,treated,214,208,6,0,13.91,61.2,51834.0
2026-05-15,DS1003,Lucknow,Tier 2,control,128,114,10,4,15.18,53.4,16969.0
2026-05-15,DS1004,Pune,Tier 1,control,212,196,12,4,14.06,55.5,50202.0
2026-05-15,DS1005,Pune,Tier 1,control,203,192,10,1,17.14,35.0,44975.0
2026-05-15,DS1006,Pune,Tier 1,control,301,283,13,5,14.27,55.9,58447.0
2026-05-15,DS1007,Mumbai,Tier 1,treated,241,228,10,3,13.23,65.4,47365.0
2026-05-15,DS1008,Chennai,Tier 1,control,259,253,5,1,17.45,35.0,53606.0
2026-05-15,DS1009,Hyderabad,Tier 1,control,268,260,6,2,15.1,44.1,64904.0
2026-05-15,DS1010,Lucknow,Tier 2,control,97,96,0,1,18.82,35.0,20194.0
2026-05-15,DS1011,Pune,Tier 1,control,210,205,4,1,17.18,35.0,47899.0
2026-05-15,DS1012,Bengaluru,Tier 1,treated,272,250,20,2,15.95,35.6,63743.0
2026-05-15,DS1013,Pune,Tier 1,control,292,275,16,1,18.44,35.0,62638.0
2026-05-15,DS1014,Hyderabad,Tier 1,control,189,183,4,2,19.11,35.0,46831.0
2026-05-15,DS1015,Jaipur,Tier 2,control,156,147,7,2,16.69,35.0,35298.0
2026-05-15,DS1016,Mumbai,Tier 1,treated,265,249,11,5,14.53,48.2,64123.0
2026-05-15,DS1017,Chennai,Tier 1,control,211,202,6,3,15.73,47.0,59398.0
2026-05-15,DS1018,Bhopal,Tier 2,control,126,116,9,1,16.24,35.0,23045.0
2026-05-15,DS1019,Hyderabad,Tier 1,control,306,285,17,4,17.81,35.0,66891.0
2026-05-15,DS1020,Jaipur,Tier 2,control,154,148,6,0,17.16,35.0,24336.0
2026-05-15,DS1021,Bengaluru,Tier 1,treated,179,170,6,3,12.12,83.4,38294.0
2026-05-15,DS1022,Lucknow,Tier 2,control,189,178,9,2,16.55,35.0,33604.0
2026-05-15,DS1023,Mumbai,Tier 1,treated,270,255,11,4,14.75,53.2,62502.0
2026-05-15,DS1024,Mumbai,Tier 1,treated,335,321,12,2,12.97,69.1,72901.0
2026-05-15,DS1025,Jaipur,Tier 2,control,127,123,3,1,16.59,35.0,26073.0
2026-05-15,DS1026,Delhi NCR,Tier 1,treated,236,226,5,5,13.92,55.4,51612.0
2026-05-15,DS1027,Mumbai,Tier 1,treated,194,189,4,1,14.18,63.5,44499.0
2026-05-15,DS1028,Bhopal,Tier 2,control,228,217,10,1,16.76,35.0,50948.0
2026-05-15,DS1029,Jaipur,Tier 2,control,124,118,4,2,16.22,35.0,24459.0
2026-05-15,DS1030,Pune,Tier 1,control,340,320,12,8,18.08,35.0,85540.0
2026-05-15,DS1031,Mumbai,Tier 1,treated,247,233,10,4,14.85,56.3,60798.0
2026-05-15,DS1032,Chennai,Tier 1,control,242,230,11,1,17.64,35.0,57625.0
2026-05-15,DS1033,Jaipur,Tier 2,control,102,94,5,3,18.57,35.0,21198.0
2026-05-15,DS1034,Mumbai,Tier 1,treated,231,224,5,2,16.37,36.0,46796.0
2026-05-15,DS1035,Pune,Tier 1,control,265,252,11,2,17.06,35.0,66545.0
2026-05-15,DS1036,Lucknow,Tier 2,control,113,109,2,2,11.7,89.7,15365.0
2026-05-15,DS1037,Lucknow,Tier 2,control,166,160,4,2,17.29,35.0,32322.0
2026-05-15,DS1038,Delhi NCR,Tier 1,treated,270,254,10,6,11.0,80.4,75259.0
2026-05-15,DS1039,Lucknow,Tier 2,control,116,111,4,1,14.11,60.8,20137.0
2026-05-15,DS1040,Hyderabad,Tier 1,control,221,212,7,2,17.78,35.0,47470.0
2026-05-15,DS1041,Lucknow,Tier 2,control,147,141,3,3,15.89,36.2,25157.0
2026-05-15,DS1042,Jaipur,Tier 2,control,151,145,6,0,15.44,37.2,28275.0
2026-05-15,DS1043,Indore,Tier 2,control,121,119,2,0,13.73,66.0,25761.0
2026-05-15,DS1044,Bengaluru,Tier 1,treated,215,207,6,2,13.09,79.8,52397.0
2026-05-15,DS1045,Delhi NCR,Tier 1,treated,263,243,16,4,11.82,79.0,50854.0
2026-05-15,DS1046,Bengaluru,Tier 1,treated,204,198,5,1,17.54,35.0,51908.0
2026-05-15,DS1047,Bengaluru,Tier 1,treated,177,172,5,0,18.01,35.0,33230.0
2026-05-15,DS1048,Mumbai,Tier 1,treated,250,241,8,1,14.35,51.1,43459.0
2026-05-15,DS1049,Jaipur,Tier 2,control,169,162,6,1,15.09,53.6,23378.0
2026-05-15,DS1050,Chennai,Tier 1,control,199,185,10,4,14.01,59.7,52931.0
2026-05-15,DS1051,Chennai,Tier 1,control,245,237,4,4,17.0,35.0,50046.0
2026-05-15,DS1052,Jaipur,Tier 2,control,124,116,5,3,14.46,59.4,20660.0
2026-05-15,DS1053,Bhopal,Tier 2,control,115,111,2,2,14.96,49.1,15896.0
2026-05-15,DS1054,Pune,Tier 1,control,279,264,11,4,18.14,35.0,69157.0
2026-05-15,DS1055,Delhi NCR,Tier 1,treated,226,216,8,2,12.18,76.6,56741.0
2026-05-15,DS1056,Delhi NCR,Tier 1,treated,297,277,15,5,17.28,35.0,86859.0
2026-05-15,DS1057,Delhi NCR,Tier 1,treated,200,189,6,5,14.4,56.3,39688.0
2026-05-15,DS1058,Chennai,Tier 1,control,266,257,7,2,17.86,35.0,50972.0
2026-05-15,DS1059,Mumbai,Tier 1,treated,244,232,8,4,14.24,56.1,47675.0
2026-05-16,DS1000,Pune,Tier 1,control,269,258,9,2,17.48,35.0,65992.0
2026-05-16,DS1001,Bengaluru,Tier 1,treated,264,249,11,4,18.2,35.0,62631.0
2026-05-16,DS1002,Mumbai,Tier 1,treated,205,195,9,1,14.99,46.8,44406.0
2026-05-16,DS1003,Lucknow,Tier 2,control,125,117,6,2,16.44,35.0,31719.0
2026-05-16,DS1004,Pune,Tier 1,control,193,182,7,4,14.96,50.1,41651.0
2026-05-16,DS1005,Pune,Tier 1,control,175,167,6,2,18.9,35.0,38995.0
2026-05-16,DS1006,Pune,Tier 1,control,306,289,9,8,14.43,54.7,66356.0
2026-05-16,DS1007,Mumbai,Tier 1,treated,235,220,12,3,13.57,69.5,44191.0
2026-05-16,DS1008,Chennai,Tier 1,control,265,258,5,2,17.69,35.0,55853.0
2026-05-16,DS1009,Hyderabad,Tier 1,control,284,273,11,0,14.71,52.7,68502.0
2026-05-16,DS1010,Lucknow,Tier 2,control,107,102,4,1,17.75,35.0,16784.0
2026-05-16,DS1011,Pune,Tier 1,control,219,206,12,1,17.64,35.0,48496.0
2026-05-16,DS1012,Bengaluru,Tier 1,treated,262,249,9,4,16.34,35.0,58366.0
2026-05-16,DS1013,Pune,Tier 1,control,267,254,10,3,17.4,35.0,49102.0
2026-05-16,DS1014,Hyderabad,Tier 1,control,242,230,10,2,17.71,35.0,56912.0
2026-05-16,DS1015,Jaipur,Tier 2,control,162,154,6,2,17.18,35.0,33573.0
2026-05-16,DS1016,Mumbai,Tier 1,treated,252,242,6,4,14.08,60.1,60796.0
2026-05-16,DS1017,Chennai,Tier 1,control,199,187,9,3,14.19,57.9,37310.0
2026-05-16,DS1018,Bhopal,Tier 2,control,119,109,7,3,16.33,37.0,23700.0
2026-05-16,DS1019,Hyderabad,Tier 1,control,279,264,11,4,18.57,35.0,61166.0
2026-05-16,DS1020,Jaipur,Tier 2,control,176,167,5,4,17.42,35.0,33927.0
2026-05-16,DS1021,Bengaluru,Tier 1,treated,179,172,3,4,13.95,65.6,42612.0
2026-05-16,DS1022,Lucknow,Tier 2,control,176,172,3,1,13.47,69.8,40227.0
2026-05-16,DS1023,Mumbai,Tier 1,treated,305,284,13,8,13.73,71.6,65314.0
2026-05-16,DS1024,Mumbai,Tier 1,treated,320,307,6,7,14.69,52.6,73889.0
2026-05-16,DS1025,Jaipur,Tier 2,control,143,137,6,0,15.55,41.2,28377.0
2026-05-16,DS1026,Delhi NCR,Tier 1,treated,237,234,2,1,13.4,69.1,56960.0
2026-05-16,DS1027,Mumbai,Tier 1,treated,188,181,6,1,16.63,35.0,40657.0
2026-05-16,DS1028,Bhopal,Tier 2,control,238,225,9,4,15.93,41.2,34289.0
2026-05-16,DS1029,Jaipur,Tier 2,control,124,116,4,4,15.67,41.3,23005.0
2026-05-16,DS1030,Pune,Tier 1,control,344,325,13,6,17.26,35.0,63111.0
2026-05-16,DS1031,Mumbai,Tier 1,treated,246,240,4,2,13.31,64.2,40326.0
2026-05-16,DS1032,Chennai,Tier 1,control,243,235,7,1,17.7,35.0,46211.0
2026-05-16,DS1033,Jaipur,Tier 2,control,93,90,2,1,18.3,35.0,19730.0
2026-05-16,DS1034,Mumbai,Tier 1,treated,242,236,5,1,14.32,53.5,41247.0
2026-05-16,DS1035,Pune,Tier 1,control,291,279,10,2,17.46,35.0,64444.0
2026-05-16,DS1036,Lucknow,Tier 2,control,102,96,5,1,14.54,52.8,19717.0
2026-05-16,DS1037,Lucknow,Tier 2,control,185,178,4,3,18.49,35.0,43956.0
2026-05-16,DS1038,Delhi NCR,Tier 1,treated,276,263,13,0,9.85,91.0,60803.0
2026-05-16,DS1039,Lucknow,Tier 2,control,113,110,3,0,14.04,66.5,21546.0
2026-05-16,DS1040,Hyderabad,Tier 1,control,261,252,5,4,17.51,35.0,67502.0
2026-05-16,DS1041,Lucknow,Tier 2,control,124,122,2,0,17.21,35.0,21811.0
2026-05-16,DS1042,Jaipur,Tier 2,control,169,158,9,2,16.53,35.0,28935.0
2026-05-16,DS1043,Indore,Tier 2,control,124,117,5,2,12.33,78.4,29472.0
2026-05-16,DS1044,Bengaluru,Tier 1,treated,209,196,10,3,14.89,58.3,49183.0
2026-05-16,DS1045,Delhi NCR,Tier 1,treated,245,229,12,4,13.7,59.2,63534.0
2026-05-16,DS1046,Bengaluru,Tier 1,treated,171,165,5,1,15.59,47.3,41882.0
2026-05-16,DS1047,Bengaluru,Tier 1,treated,202,194,5,3,18.42,35.0,48922.0
2026-05-16,DS1048,Mumbai,Tier 1,treated,246,236,8,2,13.7,65.1,57206.0
2026-05-16,DS1049,Jaipur,Tier 2,control,174,167,5,2,14.08,66.7,34481.0
2026-05-16,DS1050,Chennai,Tier 1,control,168,158,8,2,15.24,49.8,45062.0
2026-05-16,DS1051,Chennai,Tier 1,control,266,244,19,3,16.61,35.0,61299.0
2026-05-16,DS1052,Jaipur,Tier 2,control,118,115,3,0,16.54,35.8,27747.0
2026-05-16,DS1053,Bhopal,Tier 2,control,113,106,6,1,14.13,62.1,23416.0
2026-05-16,DS1054,Pune,Tier 1,control,289,272,11,6,17.04,35.0,61847.0
2026-05-16,DS1055,Delhi NCR,Tier 1,treated,225,216,7,2,12.72,74.9,47761.0
2026-05-16,DS1056,Delhi NCR,Tier 1,treated,269,262,7,0,15.8,39.9,71100.0
2026-05-16,DS1057,Delhi NCR,Tier 1,treated,210,202,4,4,16.25,41.4,49295.0
2026-05-16,DS1058,Chennai,Tier 1,control,256,243,6,7,20.21,35.0,59604.0
2026-05-16,DS1059,Mumbai,Tier 1,treated,220,214,4,2,15.21,37.5,50638.0
2026-05-17,DS1000,Pune,Tier 1,control,255,238,13,4,16.03,35.0,63604.0
2026-05-17,DS1001,Bengaluru,Tier 1,treated,206,201,4,1,17.48,35.0,47468.0
2026-05-17,DS1002,Mumbai,Tier 1,treated,194,180,11,3,13.12,64.6,47701.0
2026-05-17,DS1003,Lucknow,Tier 2,control,87,81,4,2,15.19,43.5,14077.0
2026-05-17,DS1004,Pune,Tier 1,control,157,154,3,0,15.78,43.3,31297.0
2026-05-17,DS1005,Pune,Tier 1,control,155,143,10,2,14.9,47.9,34332.0
2026-05-17,DS1006,Pune,Tier 1,control,217,210,3,4,14.44,47.8,49038.0
2026-05-17,DS1007,Mumbai,Tier 1,treated,203,189,14,0,12.78,75.1,45128.0
2026-05-17,DS1008,Chennai,Tier 1,control,237,226,8,3,17.59,35.0,55250.0
2026-05-17,DS1009,Hyderabad,Tier 1,control,272,256,10,6,14.98,50.3,60702.0
2026-05-17,DS1010,Lucknow,Tier 2,control,85,79,3,3,17.14,35.0,15066.0
2026-05-17,DS1011,Pune,Tier 1,control,181,172,7,2,19.21,35.0,34831.0
2026-05-17,DS1012,Bengaluru,Tier 1,treated,227,217,7,3,16.17,35.0,58747.0
2026-05-17,DS1013,Pune,Tier 1,control,240,230,5,5,16.14,35.0,61902.0
2026-05-17,DS1014,Hyderabad,Tier 1,control,206,202,2,2,19.71,35.0,48103.0
2026-05-17,DS1015,Jaipur,Tier 2,control,154,149,4,1,16.57,35.0,30084.0
2026-05-17,DS1016,Mumbai,Tier 1,treated,237,229,4,4,10.91,88.5,59108.0
2026-05-17,DS1017,Chennai,Tier 1,control,166,156,9,1,13.92,62.3,31079.0
2026-05-17,DS1018,Bhopal,Tier 2,control,82,78,3,1,16.26,35.0,17936.0
2026-05-17,DS1019,Hyderabad,Tier 1,control,255,245,6,4,17.07,35.0,49867.0
2026-05-17,DS1020,Jaipur,Tier 2,control,152,150,2,0,17.75,35.0,37627.0
2026-05-17,DS1021,Bengaluru,Tier 1,treated,125,122,2,1,13.52,70.2,23933.0
2026-05-17,DS1022,Lucknow,Tier 2,control,124,115,7,2,14.16,50.0,25425.0
2026-05-17,DS1023,Mumbai,Tier 1,treated,243,227,13,3,13.81,62.9,54122.0
2026-05-17,DS1024,Mumbai,Tier 1,treated,273,262,8,3,15.47,36.1,59928.0
2026-05-17,DS1025,Jaipur,Tier 2,control,115,110,5,0,16.39,35.0,26941.0
2026-05-17,DS1026,Delhi NCR,Tier 1,treated,213,203,7,3,15.08,40.9,41839.0
2026-05-17,DS1027,Mumbai,Tier 1,treated,165,160,4,1,15.98,41.1,40485.0
2026-05-17,DS1028,Bhopal,Tier 2,control,190,176,9,5,15.99,35.0,32362.0
2026-05-17,DS1029,Jaipur,Tier 2,control,119,119,0,0,15.12,44.4,29140.0
2026-05-17,DS1030,Pune,Tier 1,control,269,259,3,7,16.56,35.0,69538.0
2026-05-17,DS1031,Mumbai,Tier 1,treated,200,193,6,1,13.96,66.4,48658.0
2026-05-17,DS1032,Chennai,Tier 1,control,210,199,4,7,16.91,35.0,44921.0
2026-05-17,DS1033,Jaipur,Tier 2,control,86,80,5,1,19.35,35.0,17050.0
2026-05-17,DS1034,Mumbai,Tier 1,treated,223,211,7,5,15.71,43.2,45811.0
2026-05-17,DS1035,Pune,Tier 1,control,258,247,8,3,16.48,35.0,43442.0
2026-05-17,DS1036,Lucknow,Tier 2,control,87,83,3,1,12.64,78.0,16015.0
2026-05-17,DS1037,Lucknow,Tier 2,control,141,135,6,0,17.36,35.0,27637.0
2026-05-17,DS1038,Delhi NCR,Tier 1,treated,208,203,2,3,11.22,85.1,45028.0
2026-05-17,DS1039,Lucknow,Tier 2,control,110,107,2,1,13.73,69.8,19736.0
2026-05-17,DS1040,Hyderabad,Tier 1,control,209,196,9,4,17.14,35.0,51222.0
2026-05-17,DS1041,Lucknow,Tier 2,control,118,111,6,1,18.29,35.0,25802.0
2026-05-17,DS1042,Jaipur,Tier 2,control,123,118,4,1,15.52,43.4,27350.0
2026-05-17,DS1043,Indore,Tier 2,control,107,100,6,1,12.81,78.7,20607.0
2026-05-17,DS1044,Bengaluru,Tier 1,treated,188,185,1,2,13.11,73.7,39372.0
2026-05-17,DS1045,Delhi NCR,Tier 1,treated,211,195,15,1,12.77,77.0,40641.0
2026-05-17,DS1046,Bengaluru,Tier 1,treated,183,176,5,2,14.93,50.0,42006.0
2026-05-17,DS1047,Bengaluru,Tier 1,treated,149,144,3,2,18.69,35.0,33567.0
2026-05-17,DS1048,Mumbai,Tier 1,treated,249,237,10,2,14.62,54.1,55725.0
2026-05-17,DS1049,Jaipur,Tier 2,control,139,130,7,2,13.9,64.0,25403.0
2026-05-17,DS1050,Chennai,Tier 1,control,158,149,7,2,15.08,48.8,36114.0
2026-05-17,DS1051,Chennai,Tier 1,control,235,220,14,1,16.23,35.3,61202.0
2026-05-17,DS1052,Jaipur,Tier 2,control,128,122,5,1,15.64,45.3,23643.0
2026-05-17,DS1053,Bhopal,Tier 2,control,105,103,0,2,13.87,64.4,22751.0
2026-05-17,DS1054,Pune,Tier 1,control,244,237,3,4,16.74,35.0,68566.0
2026-05-17,DS1055,Delhi NCR,Tier 1,treated,196,186,4,6,12.04,77.5,50369.0
2026-05-17,DS1056,Delhi NCR,Tier 1,treated,290,281,7,2,15.22,49.6,63803.0
2026-05-17,DS1057,Delhi NCR,Tier 1,treated,169,157,10,2,15.16,46.7,40169.0
2026-05-17,DS1058,Chennai,Tier 1,control,229,221,5,3,17.27,35.0,55805.0
2026-05-17,DS1059,Mumbai,Tier 1,treated,198,187,9,2,12.68,71.6,32395.0
2026-05-18,DS1000,Pune,Tier 1,control,219,212,6,1,16.66,35.0,47255.0
2026-05-18,DS1001,Bengaluru,Tier 1,treated,217,209,3,5,17.51,35.0,46343.0
2026-05-18,DS1002,Mumbai,Tier 1,treated,208,201,7,0,14.08,57.4,52036.0
2026-05-18,DS1003,Lucknow,Tier 2,control,133,130,1,2,17.03,35.0,24276.0
2026-05-18,DS1004,Pune,Tier 1,control,166,157,8,1,14.03,62.0,37152.0
2026-05-18,DS1005,Pune,Tier 1,control,168,162,5,1,15.77,46.9,39679.0
2026-05-18,DS1006,Pune,Tier 1,control,261,242,15,4,14.55,56.4,59915.0
2026-05-18,DS1007,Mumbai,Tier 1,treated,185,175,6,4,12.72,72.1,41163.0
2026-05-18,DS1008,Chennai,Tier 1,control,224,213,3,8,19.75,35.0,30626.0
2026-05-18,DS1009,Hyderabad,Tier 1,control,236,226,6,4,15.7,43.1,67293.0
2026-05-18,DS1010,Lucknow,Tier 2,control,89,87,2,0,16.73,35.0,19861.0
2026-05-18,DS1011,Pune,Tier 1,control,187,178,6,3,18.71,35.0,47889.0
2026-05-18,DS1012,Bengaluru,Tier 1,treated,210,202,4,4,15.87,39.3,51215.0
2026-05-18,DS1013,Pune,Tier 1,control,232,218,13,1,16.94,35.0,53565.0
2026-05-18,DS1014,Hyderabad,Tier 1,control,162,158,3,1,20.88,35.0,42400.0
2026-05-18,DS1015,Jaipur,Tier 2,control,157,147,7,3,15.3,44.8,35525.0
2026-05-18,DS1016,Mumbai,Tier 1,treated,225,213,9,3,14.56,58.8,58480.0
2026-05-18,DS1017,Chennai,Tier 1,control,174,169,5,0,13.39,68.1,41873.0
2026-05-18,DS1018,Bhopal,Tier 2,control,93,89,4,0,15.07,48.4,18886.0
2026-05-18,DS1019,Hyderabad,Tier 1,control,262,245,13,4,18.81,35.0,64196.0
2026-05-18,DS1020,Jaipur,Tier 2,control,132,130,1,1,18.37,35.0,25538.0
2026-05-18,DS1021,Bengaluru,Tier 1,treated,139,133,5,1,12.99,74.8,30304.0
2026-05-18,DS1022,Lucknow,Tier 2,control,177,169,6,2,14.44,50.3,45892.0
2026-05-18,DS1023,Mumbai,Tier 1,treated,213,195,17,1,13.37,67.3,45569.0
2026-05-18,DS1024,Mumbai,Tier 1,treated,271,263,7,1,14.72,55.4,55226.0
2026-05-18,DS1025,Jaipur,Tier 2,control,109,101,5,3,17.02,35.0,20704.0
2026-05-18,DS1026,Delhi NCR,Tier 1,treated,201,195,4,2,16.02,35.0,43836.0
2026-05-18,DS1027,Mumbai,Tier 1,treated,165,160,4,1,16.19,35.0,40413.0
2026-05-18,DS1028,Bhopal,Tier 2,control,201,189,10,2,15.61,41.2,38558.0
2026-05-18,DS1029,Jaipur,Tier 2,control,119,116,1,2,16.19,35.0,24409.0
2026-05-18,DS1030,Pune,Tier 1,control,318,310,7,1,16.13,35.0,67246.0
2026-05-18,DS1031,Mumbai,Tier 1,treated,201,194,5,2,14.44,62.0,55074.0
2026-05-18,DS1032,Chennai,Tier 1,control,208,202,6,0,16.76,35.0,49992.0
2026-05-18,DS1033,Jaipur,Tier 2,control,93,89,4,0,20.04,35.0,21169.0
2026-05-18,DS1034,Mumbai,Tier 1,treated,198,189,5,4,16.15,38.8,48335.0
2026-05-18,DS1035,Pune,Tier 1,control,237,226,7,4,16.1,36.5,41408.0
2026-05-18,DS1036,Lucknow,Tier 2,control,96,92,4,0,13.5,65.8,17900.0
2026-05-18,DS1037,Lucknow,Tier 2,control,133,128,4,1,16.99,35.0,26597.0
2026-05-18,DS1038,Delhi NCR,Tier 1,treated,219,207,5,7,12.98,75.3,56474.0
2026-05-18,DS1039,Lucknow,Tier 2,control,107,104,2,1,14.44,53.1,22327.0
2026-05-18,DS1040,Hyderabad,Tier 1,control,223,214,8,1,15.5,45.7,60860.0
2026-05-18,DS1041,Lucknow,Tier 2,control,104,101,2,1,16.8,35.0,15193.0
2026-05-18,DS1042,Jaipur,Tier 2,control,108,101,3,4,16.16,35.0,15106.0
2026-05-18,DS1043,Indore,Tier 2,control,120,114,5,1,13.4,67.0,18682.0
2026-05-18,DS1044,Bengaluru,Tier 1,treated,196,190,5,1,14.66,54.1,52460.0
2026-05-18,DS1045,Delhi NCR,Tier 1,treated,190,176,11,3,12.08,86.2,44317.0
2026-05-18,DS1046,Bengaluru,Tier 1,treated,161,153,4,4,15.02,60.2,38311.0
2026-05-18,DS1047,Bengaluru,Tier 1,treated,165,157,6,2,18.3,35.0,42071.0
2026-05-18,DS1048,Mumbai,Tier 1,treated,232,221,9,2,16.21,36.9,58569.0
2026-05-18,DS1049,Jaipur,Tier 2,control,141,136,5,0,14.96,51.8,23917.0
2026-05-18,DS1050,Chennai,Tier 1,control,156,145,7,4,13.73,67.0,34537.0
2026-05-18,DS1051,Chennai,Tier 1,control,197,185,8,4,15.33,50.0,45530.0
2026-05-18,DS1052,Jaipur,Tier 2,control,104,95,8,1,16.33,35.1,19211.0
2026-05-18,DS1053,Bhopal,Tier 2,control,101,96,3,2,14.12,53.7,23302.0
2026-05-18,DS1054,Pune,Tier 1,control,247,235,6,6,15.83,42.2,59503.0
2026-05-18,DS1055,Delhi NCR,Tier 1,treated,197,193,3,1,13.02,67.7,51678.0
2026-05-18,DS1056,Delhi NCR,Tier 1,treated,282,270,9,3,14.94,49.3,56130.0
2026-05-18,DS1057,Delhi NCR,Tier 1,treated,202,187,12,3,16.92,35.0,48023.0
2026-05-18,DS1058,Chennai,Tier 1,control,223,215,5,3,17.55,35.0,50925.0
2026-05-18,DS1059,Mumbai,Tier 1,treated,189,180,7,2,13.01,67.0,48297.0
2026-05-19,DS1000,Pune,Tier 1,control,242,234,7,1,15.61,46.7,52855.0
2026-05-19,DS1001,Bengaluru,Tier 1,treated,227,209,16,2,17.59,35.0,60122.0
2026-05-19,DS1002,Mumbai,Tier 1,treated,185,173,5,7,14.51,58.9,36188.0
2026-05-19,DS1003,Lucknow,Tier 2,control,116,108,4,4,16.0,39.8,21648.0
2026-05-19,DS1004,Pune,Tier 1,control,154,146,4,4,14.95,50.2,30770.0
2026-05-19,DS1005,Pune,Tier 1,control,143,138,5,0,15.47,50.5,34823.0
2026-05-19,DS1006,Pune,Tier 1,control,231,219,9,3,15.28,47.0,50093.0
2026-05-19,DS1007,Mumbai,Tier 1,treated,202,196,4,2,12.72,65.1,44759.0
2026-05-19,DS1008,Chennai,Tier 1,control,204,197,2,5,17.72,35.0,54490.0
2026-05-19,DS1009,Hyderabad,Tier 1,control,228,222,4,2,15.61,43.4,48897.0
2026-05-19,DS1010,Lucknow,Tier 2,control,83,79,3,1,19.21,35.0,16516.0
2026-05-19,DS1011,Pune,Tier 1,control,202,190,9,3,18.35,35.0,51385.0
2026-05-19,DS1012,Bengaluru,Tier 1,treated,215,208,4,3,14.67,58.8,42243.0
2026-05-19,DS1013,Pune,Tier 1,control,225,217,7,1,17.21,35.0,49153.0
2026-05-19,DS1014,Hyderabad,Tier 1,control,210,203,5,2,20.49,35.0,54474.0
2026-05-19,DS1015,Jaipur,Tier 2,control,154,146,7,1,14.13,54.1,27350.0
2026-05-19,DS1016,Mumbai,Tier 1,treated,235,227,4,4,12.22,86.2,44156.0
2026-05-19,DS1017,Chennai,Tier 1,control,135,132,1,2,14.85,59.0,27948.0
2026-05-19,DS1018,Bhopal,Tier 2,control,100,97,2,1,15.5,50.1,18409.0
2026-05-19,DS1019,Hyderabad,Tier 1,control,300,284,14,2,18.57,35.0,65773.0
2026-05-19,DS1020,Jaipur,Tier 2,control,115,110,5,0,18.92,35.0,18874.0
2026-05-19,DS1021,Bengaluru,Tier 1,treated,149,141,8,0,13.16,66.5,33859.0
2026-05-19,DS1022,Lucknow,Tier 2,control,164,151,9,4,15.38,41.6,23527.0
2026-05-19,DS1023,Mumbai,Tier 1,treated,223,213,9,1,11.63,83.6,48295.0
2026-05-19,DS1024,Mumbai,Tier 1,treated,239,233,3,3,16.02,36.1,50400.0
2026-05-19,DS1025,Jaipur,Tier 2,control,112,107,1,4,16.86,35.0,27829.0
2026-05-19,DS1026,Delhi NCR,Tier 1,treated,218,205,13,0,15.03,46.5,52517.0
2026-05-19,DS1027,Mumbai,Tier 1,treated,182,176,4,2,14.4,59.5,42662.0
2026-05-19,DS1028,Bhopal,Tier 2,control,203,194,7,2,14.5,54.4,44106.0
2026-05-19,DS1029,Jaipur,Tier 2,control,121,116,1,4,16.12,35.9,21692.0
2026-05-19,DS1030,Pune,Tier 1,control,289,282,7,0,16.63,35.1,71965.0
2026-05-19,DS1031,Mumbai,Tier 1,treated,204,199,3,2,14.59,56.0,50727.0
2026-05-19,DS1032,Chennai,Tier 1,control,224,214,7,3,17.72,35.0,53850.0
2026-05-19,DS1033,Jaipur,Tier 2,control,88,87,1,0,18.76,35.0,15410.0
2026-05-19,DS1034,Mumbai,Tier 1,treated,207,200,5,2,15.11,43.3,42697.0
2026-05-19,DS1035,Pune,Tier 1,control,258,237,14,7,15.02,44.7,58672.0
2026-05-19,DS1036,Lucknow,Tier 2,control,99,95,3,1,13.48,66.5,25551.0
2026-05-19,DS1037,Lucknow,Tier 2,control,150,143,4,3,15.71,35.8,26236.0
2026-05-19,DS1038,Delhi NCR,Tier 1,treated,226,217,6,3,12.11,89.7,57182.0
2026-05-19,DS1039,Lucknow,Tier 2,control,89,85,3,1,14.26,63.3,17057.0
2026-05-19,DS1040,Hyderabad,Tier 1,control,212,201,10,1,17.82,35.0,48274.0
2026-05-19,DS1041,Lucknow,Tier 2,control,114,109,5,0,18.09,35.0,22522.0
2026-05-19,DS1042,Jaipur,Tier 2,control,125,119,6,0,16.0,35.0,33007.0
2026-05-19,DS1043,Indore,Tier 2,control,113,105,6,2,12.65,73.0,19243.0
2026-05-19,DS1044,Bengaluru,Tier 1,treated,162,156,5,1,13.64,72.0,37095.0
2026-05-19,DS1045,Delhi NCR,Tier 1,treated,206,191,14,1,15.18,45.7,46959.0
2026-05-19,DS1046,Bengaluru,Tier 1,treated,178,172,4,2,13.58,69.1,36932.0
2026-05-19,DS1047,Bengaluru,Tier 1,treated,154,144,9,1,18.95,35.0,32791.0
2026-05-19,DS1048,Mumbai,Tier 1,treated,195,182,8,5,15.22,51.0,45315.0
2026-05-19,DS1049,Jaipur,Tier 2,control,152,142,8,2,15.24,41.7,25591.0
2026-05-19,DS1050,Chennai,Tier 1,control,143,133,7,3,14.29,54.1,31269.0
2026-05-19,DS1051,Chennai,Tier 1,control,227,215,9,3,16.56,35.1,44694.0
2026-05-19,DS1052,Jaipur,Tier 2,control,115,109,4,2,15.96,45.1,20407.0
2026-05-19,DS1053,Bhopal,Tier 2,control,100,94,3,3,15.77,35.6,18220.0
2026-05-19,DS1054,Pune,Tier 1,control,238,230,4,4,17.41,35.0,65075.0
2026-05-19,DS1055,Delhi NCR,Tier 1,treated,217,202,9,6,12.81,68.9,52883.0
2026-05-19,DS1056,Delhi NCR,Tier 1,treated,291,281,7,3,18.4,35.0,70741.0
2026-05-19,DS1057,Delhi NCR,Tier 1,treated,187,179,7,1,16.37,35.0,49188.0
2026-05-19,DS1058,Chennai,Tier 1,control,209,203,6,0,16.96,35.0,48667.0
2026-05-19,DS1059,Mumbai,Tier 1,treated,217,202,11,4,14.46,50.3,58608.0
2026-05-20,DS1000,Pune,Tier 1,control,253,243,8,2,17.12,35.0,58567.0
2026-05-20,DS1001,Bengaluru,Tier 1,treated,203,192,10,1,19.47,35.0,39574.0
2026-05-20,DS1002,Mumbai,Tier 1,treated,195,185,8,2,15.91,41.9,39161.0
2026-05-20,DS1003,Lucknow,Tier 2,control,108,105,3,0,17.86,35.0,20792.0
2026-05-20,DS1004,Pune,Tier 1,control,172,166,5,1,16.04,35.0,45429.0
2026-05-20,DS1005,Pune,Tier 1,control,185,173,10,2,16.27,36.9,49086.0
2026-05-20,DS1006,Pune,Tier 1,control,235,221,10,4,13.62,68.1,52322.0
2026-05-20,DS1007,Mumbai,Tier 1,treated,212,208,4,0,11.81,83.2,44870.0
2026-05-20,DS1008,Chennai,Tier 1,control,224,207,13,4,17.7,35.0,53389.0
2026-05-20,DS1009,Hyderabad,Tier 1,control,275,261,10,4,15.26,42.2,60615.0
2026-05-20,DS1010,Lucknow,Tier 2,control,88,86,0,2,18.19,35.0,17996.0
2026-05-20,DS1011,Pune,Tier 1,control,192,182,8,2,18.55,35.0,38480.0
2026-05-20,DS1012,Bengaluru,Tier 1,treated,232,222,8,2,13.84,61.3,54153.0
2026-05-20,DS1013,Pune,Tier 1,control,264,249,10,5,17.54,35.0,64365.0
2026-05-20,DS1014,Hyderabad,Tier 1,control,213,201,9,3,17.79,35.0,47673.0
2026-05-20,DS1015,Jaipur,Tier 2,control,141,138,2,1,16.27,35.0,24966.0
2026-05-20,DS1016,Mumbai,Tier 1,treated,208,197,9,2,13.85,60.3,56682.0
2026-05-20,DS1017,Chennai,Tier 1,control,164,159,5,0,14.28,54.8,43208.0
2026-05-20,DS1018,Bhopal,Tier 2,control,110,102,6,2,16.88,35.0,17771.0
2026-05-20,DS1019,Hyderabad,Tier 1,control,249,237,11,1,17.57,35.0,54379.0
2026-05-20,DS1020,Jaipur,Tier 2,control,123,118,5,0,15.85,40.9,18484.0
2026-05-20,DS1021,Bengaluru,Tier 1,treated,142,138,3,1,12.63,74.2,30641.0
2026-05-20,DS1022,Lucknow,Tier 2,control,180,178,2,0,14.4,55.6,39058.0
2026-05-20,DS1023,Mumbai,Tier 1,treated,254,240,9,5,14.37,61.5,71793.0
2026-05-20,DS1024,Mumbai,Tier 1,treated,263,256,5,2,15.64,36.6,60035.0
2026-05-20,DS1025,Jaipur,Tier 2,control,130,127,2,1,16.26,37.7,25132.0
2026-05-20,DS1026,Delhi NCR,Tier 1,treated,209,203,4,2,15.85,49.6,47107.0
2026-05-20,DS1027,Mumbai,Tier 1,treated,170,159,5,6,15.71,44.2,40534.0
2026-05-20,DS1028,Bhopal,Tier 2,control,161,152,6,3,17.15,35.0,30843.0
2026-05-20,DS1029,Jaipur,Tier 2,control,118,115,1,2,15.92,43.7,22114.0
2026-05-20,DS1030,Pune,Tier 1,control,283,272,6,5,15.7,42.7,66123.0
2026-05-20,DS1031,Mumbai,Tier 1,treated,189,180,6,3,15.0,48.0,45989.0
2026-05-20,DS1032,Chennai,Tier 1,control,213,208,5,0,17.52,35.0,54841.0
2026-05-20,DS1033,Jaipur,Tier 2,control,83,78,3,2,18.46,35.0,15790.0
2026-05-20,DS1034,Mumbai,Tier 1,treated,241,224,13,4,15.27,48.0,36005.0
2026-05-20,DS1035,Pune,Tier 1,control,283,266,13,4,15.57,42.0,62762.0
2026-05-20,DS1036,Lucknow,Tier 2,control,98,95,2,1,13.46,67.0,18655.0
2026-05-20,DS1037,Lucknow,Tier 2,control,157,151,4,2,16.28,35.0,34925.0
2026-05-20,DS1038,Delhi NCR,Tier 1,treated,226,220,5,1,12.1,82.3,42812.0
2026-05-20,DS1039,Lucknow,Tier 2,control,84,77,6,1,13.96,57.8,14690.0
2026-05-20,DS1040,Hyderabad,Tier 1,control,213,203,8,2,17.61,35.0,54782.0
2026-05-20,DS1041,Lucknow,Tier 2,control,101,95,5,1,17.4,35.0,14294.0
2026-05-20,DS1042,Jaipur,Tier 2,control,131,128,3,0,14.99,51.7,31940.0
2026-05-20,DS1043,Indore,Tier 2,control,99,98,1,0,13.31,64.1,21458.0
2026-05-20,DS1044,Bengaluru,Tier 1,treated,185,177,5,3,16.28,35.0,38836.0
2026-05-20,DS1045,Delhi NCR,Tier 1,treated,217,205,10,2,13.74,62.0,49695.0
2026-05-20,DS1046,Bengaluru,Tier 1,treated,172,159,8,5,13.98,63.9,35035.0
2026-05-20,DS1047,Bengaluru,Tier 1,treated,176,163,7,6,18.52,35.0,37725.0
2026-05-20,DS1048,Mumbai,Tier 1,treated,189,183,4,2,13.94,62.4,38921.0
2026-05-20,DS1049,Jaipur,Tier 2,control,146,143,3,0,14.46,60.5,29019.0
2026-05-20,DS1050,Chennai,Tier 1,control,155,150,2,3,13.98,60.3,32725.0
2026-05-20,DS1051,Chennai,Tier 1,control,216,210,5,1,15.83,36.5,50208.0
2026-05-20,DS1052,Jaipur,Tier 2,control,118,111,4,3,15.77,48.7,24308.0
2026-05-20,DS1053,Bhopal,Tier 2,control,102,97,5,0,13.88,64.1,18007.0
2026-05-20,DS1054,Pune,Tier 1,control,273,264,9,0,17.13,35.0,53778.0
2026-05-20,DS1055,Delhi NCR,Tier 1,treated,201,194,5,2,12.54,75.1,40232.0
2026-05-20,DS1056,Delhi NCR,Tier 1,treated,265,249,13,3,16.86,35.0,63593.0
2026-05-20,DS1057,Delhi NCR,Tier 1,treated,185,176,8,1,16.38,35.0,43680.0
2026-05-20,DS1058,Chennai,Tier 1,control,265,258,6,1,16.88,35.0,66805.0
2026-05-20,DS1059,Mumbai,Tier 1,treated,216,210,5,1,14.24,56.4,46068.0
2026-05-21,DS1000,Pune,Tier 1,control,225,215,7,3,18.35,35.0,46329.0
2026-05-21,DS1001,Bengaluru,Tier 1,treated,225,212,10,3,17.35,35.0,67495.0
2026-05-21,DS1002,Mumbai,Tier 1,treated,181,167,11,3,14.46,55.4,38890.0
2026-05-21,DS1003,Lucknow,Tier 2,control,111,104,6,1,16.46,35.0,24229.0
2026-05-21,DS1004,Pune,Tier 1,control,160,150,5,5,15.63,51.4,31317.0
2026-05-21,DS1005,Pune,Tier 1,control,151,140,8,3,18.17,35.0,31189.0
2026-05-21,DS1006,Pune,Tier 1,control,221,214,5,2,15.62,41.6,44364.0
2026-05-21,DS1007,Mumbai,Tier 1,treated,206,199,5,2,12.06,74.5,48833.0
2026-05-21,DS1008,Chennai,Tier 1,control,215,204,8,3,17.56,35.0,60704.0
2026-05-21,DS1009,Hyderabad,Tier 1,control,248,238,7,3,14.84,53.4,55443.0
2026-05-21,DS1010,Lucknow,Tier 2,control,86,81,3,2,17.95,35.0,13029.0
2026-05-21,DS1011,Pune,Tier 1,control,175,164,9,2,19.04,35.0,38829.0
2026-05-21,DS1012,Bengaluru,Tier 1,treated,244,233,9,2,15.52,44.7,51367.0
2026-05-21,DS1013,Pune,Tier 1,control,243,232,10,1,17.76,35.0,58304.0
2026-05-21,DS1014,Hyderabad,Tier 1,control,207,193,10,4,18.74,35.0,52567.0
2026-05-21,DS1015,Jaipur,Tier 2,control,159,153,5,1,16.87,35.0,26680.0
2026-05-21,DS1016,Mumbai,Tier 1,treated,232,223,8,1,12.59,80.0,49102.0
2026-05-21,DS1017,Chennai,Tier 1,control,174,161,9,4,13.63,66.6,38048.0
2026-05-21,DS1018,Bhopal,Tier 2,control,100,99,0,1,16.5,39.8,19311.0
2026-05-21,DS1019,Hyderabad,Tier 1,control,264,253,8,3,18.15,35.0,52351.0
2026-05-21,DS1020,Jaipur,Tier 2,control,156,148,6,2,17.91,35.0,33557.0
2026-05-21,DS1021,Bengaluru,Tier 1,treated,123,120,1,2,13.54,66.5,32627.0
2026-05-21,DS1022,Lucknow,Tier 2,control,191,184,5,2,15.37,46.3,37940.0
2026-05-21,DS1023,Mumbai,Tier 1,treated,238,228,8,2,15.62,35.0,52977.0
2026-05-21,DS1024,Mumbai,Tier 1,treated,255,243,9,3,15.21,49.9,46262.0
2026-05-21,DS1025,Jaipur,Tier 2,control,107,100,7,0,17.74,35.0,23144.0
2026-05-21,DS1026,Delhi NCR,Tier 1,treated,208,200,7,1,16.01,35.0,35142.0
2026-05-21,DS1027,Mumbai,Tier 1,treated,163,159,2,2,15.35,48.1,39605.0
2026-05-21,DS1028,Bhopal,Tier 2,control,192,178,9,5,16.55,39.9,33336.0
2026-05-21,DS1029,Jaipur,Tier 2,control,122,112,6,4,16.12,37.1,22558.0
2026-05-21,DS1030,Pune,Tier 1,control,271,260,7,4,17.55,35.0,56144.0
2026-05-21,DS1031,Mumbai,Tier 1,treated,197,190,6,1,12.94,70.6,39947.0
2026-05-21,DS1032,Chennai,Tier 1,control,245,233,7,5,16.86,35.0,39656.0
2026-05-21,DS1033,Jaipur,Tier 2,control,82,74,7,1,18.56,35.0,16167.0
2026-05-21,DS1034,Mumbai,Tier 1,treated,211,204,5,2,14.98,45.8,46186.0
2026-05-21,DS1035,Pune,Tier 1,control,260,250,9,1,15.08,48.5,64608.0
2026-05-21,DS1036,Lucknow,Tier 2,control,96,93,3,0,14.75,51.8,18619.0
2026-05-21,DS1037,Lucknow,Tier 2,control,153,146,5,2,17.38,35.0,31023.0
2026-05-21,DS1038,Delhi NCR,Tier 1,treated,228,220,4,4,12.41,84.4,50892.0
2026-05-21,DS1039,Lucknow,Tier 2,control,98,93,3,2,13.65,64.6,16049.0
2026-05-21,DS1040,Hyderabad,Tier 1,control,222,205,13,4,18.78,35.0,57779.0
2026-05-21,DS1041,Lucknow,Tier 2,control,119,114,3,2,16.29,35.0,26653.0
2026-05-21,DS1042,Jaipur,Tier 2,control,118,114,3,1,14.34,66.8,28154.0
2026-05-21,DS1043,Indore,Tier 2,control,99,97,2,0,-1.481,45.4,22054.0
2026-05-21,DS1044,Bengaluru,Tier 1,treated,204,193,6,5,12.14,78.9,43596.0
2026-05-21,DS1045,Delhi NCR,Tier 1,treated,200,186,11,3,13.81,64.3,43414.0
2026-05-21,DS1046,Bengaluru,Tier 1,treated,184,174,9,1,16.04,36.9,47758.0
2026-05-21,DS1047,Bengaluru,Tier 1,treated,143,140,0,3,19.0,35.0,35311.0
2026-05-21,DS1048,Mumbai,Tier 1,treated,213,201,10,2,14.79,49.6,35536.0
2026-05-21,DS1049,Jaipur,Tier 2,control,168,162,5,1,15.35,52.2,31445.0
2026-05-21,DS1050,Chennai,Tier 1,control,137,129,6,2,15.69,45.5,31758.0
2026-05-21,DS1051,Chennai,Tier 1,control,223,215,7,1,15.03,51.1,43295.0
2026-05-21,DS1052,Jaipur,Tier 2,control,115,109,4,2,16.68,35.0,20496.0
2026-05-21,DS1053,Bhopal,Tier 2,control,95,91,2,2,15.28,42.6,20317.0
2026-05-21,DS1054,Pune,Tier 1,control,238,225,9,4,16.46,35.7,47023.0
2026-05-21,DS1055,Delhi NCR,Tier 1,treated,178,171,5,2,13.79,56.7,36993.0
2026-05-21,DS1056,Delhi NCR,Tier 1,treated,268,255,10,3,14.04,65.0,62275.0
2026-05-21,DS1057,Delhi NCR,Tier 1,treated,187,175,9,3,15.63,45.1,49423.0
2026-05-21,DS1058,Chennai,Tier 1,control,244,237,3,4,18.2,35.0,50839.0
2026-05-21,DS1059,Mumbai,Tier 1,treated,203,192,6,5,14.69,50.8,43087.0
2026-05-22,DS1000,Pune,Tier 1,control,309,294,9,6,18.34,35.0,72520.0
2026-05-22,DS1001,Bengaluru,Tier 1,treated,265,251,10,4,17.89,35.0,42096.0
2026-05-22,DS1002,Mumbai,Tier 1,treated,236,231,4,1,14.31,58.3,60859.0
2026-05-22,DS1003,Lucknow,Tier 2,control,147,141,4,2,16.55,35.0,29955.0
2026-05-22,DS1004,Pune,Tier 1,control,221,209,9,3,13.36,69.1,45235.0
2026-05-22,DS1005,Pune,Tier 1,control,181,172,7,2,17.4,35.0,36270.0
2026-05-22,DS1006,Pune,Tier 1,control,285,270,13,2,15.35,44.7,61364.0
2026-05-22,DS1007,Mumbai,Tier 1,treated,234,221,9,4,13.97,62.2,48128.0
2026-05-22,DS1008,Chennai,Tier 1,control,236,226,6,4,18.24,35.0,55216.0
2026-05-22,DS1009,Hyderabad,Tier 1,control,286,271,9,6,15.41,41.8,66055.0
2026-05-22,DS1010,Lucknow,Tier 2,control,96,91,2,3,20.24,35.0,14849.0
2026-05-22,DS1011,Pune,Tier 1,control,218,207,8,3,19.05,35.0,56012.0
2026-05-22,DS1012,Bengaluru,Tier 1,treated,275,267,4,4,14.81,59.5,69637.0
2026-05-22,DS1013,Pune,Tier 1,control,309,303,4,2,16.59,38.9,65365.0
2026-05-22,DS1014,Hyderabad,Tier 1,control,251,237,12,2,21.0,35.0,48669.0
2026-05-22,DS1015,Jaipur,Tier 2,control,170,164,3,3,17.39,35.0,35179.0
2026-05-22,DS1016,Mumbai,Tier 1,treated,269,256,10,3,13.83,64.8,64884.0
2026-05-22,DS1017,Chennai,Tier 1,control,210,203,6,1,13.21,72.1,49079.0
2026-05-22,DS1018,Bhopal,Tier 2,control,119,114,2,3,16.21,35.0,24776.0
2026-05-22,DS1019,Hyderabad,Tier 1,control,281,263,12,6,17.67,35.0,74579.0
2026-05-22,DS1020,Jaipur,Tier 2,control,178,168,7,3,18.23,35.0,23042.0
2026-05-22,DS1021,Bengaluru,Tier 1,treated,156,149,2,5,14.59,62.9,32209.0
2026-05-22,DS1022,Lucknow,Tier 2,control,172,163,4,5,16.08,35.0,25027.0
2026-05-22,DS1023,Mumbai,Tier 1,treated,312,301,9,2,12.8,74.4,84018.0
2026-05-22,DS1024,Mumbai,Tier 1,treated,304,291,9,4,13.44,73.1,62134.0
2026-05-22,DS1025,Jaipur,Tier 2,control,135,130,3,2,16.42,35.0,28746.0
2026-05-22,DS1026,Delhi NCR,Tier 1,treated,238,230,8,0,14.15,64.7,59786.0
2026-05-22,DS1027,Mumbai,Tier 1,treated,221,213,5,3,13.51,69.7,48262.0
2026-05-22,DS1028,Bhopal,Tier 2,control,228,218,8,2,15.59,45.1,49255.0
2026-05-22,DS1029,Jaipur,Tier 2,control,153,148,3,2,17.32,35.0,25295.0
2026-05-22,DS1030,Pune,Tier 1,control,367,349,15,3,17.04,35.0,85754.0
2026-05-22,DS1031,Mumbai,Tier 1,treated,203,195,4,4,15.98,46.8,45982.0
2026-05-22,DS1032,Chennai,Tier 1,control,283,266,14,3,17.97,35.0,64467.0
2026-05-22,DS1033,Jaipur,Tier 2,control,97,91,5,1,19.1,35.0,16474.0
2026-05-22,DS1034,Mumbai,Tier 1,treated,228,220,4,4,16.51,35.0,55403.0
2026-05-22,DS1035,Pune,Tier 1,control,321,309,6,6,17.13,35.0,78461.0
2026-05-22,DS1036,Lucknow,Tier 2,control,91,87,3,1,13.62,67.5,14470.0
2026-05-22,DS1037,Lucknow,Tier 2,control,177,169,5,3,18.48,35.0,39286.0
2026-05-22,DS1038,Delhi NCR,Tier 1,treated,265,256,8,1,12.94,75.2,63228.0
2026-05-22,DS1039,Lucknow,Tier 2,control,111,105,4,2,12.49,75.8,21552.0
2026-05-22,DS1040,Hyderabad,Tier 1,control,234,222,9,3,18.3,35.0,56814.0
2026-05-22,DS1041,Lucknow,Tier 2,control,123,119,4,0,16.28,36.7,24406.0
2026-05-22,DS1042,Jaipur,Tier 2,control,154,147,5,2,17.24,35.0,33979.0
2026-05-22,DS1043,Indore,Tier 2,control,124,114,9,1,14.35,56.5,24192.0
2026-05-22,DS1044,Bengaluru,Tier 1,treated,211,204,7,0,13.6,67.1,48431.0
2026-05-22,DS1045,Delhi NCR,Tier 1,treated,216,206,8,2,13.94,66.0,50378.0
2026-05-22,DS1046,Bengaluru,Tier 1,treated,199,189,9,1,14.85,47.5,43754.0
2026-05-22,DS1047,Bengaluru,Tier 1,treated,193,187,2,4,20.04,35.0,48786.0
2026-05-22,DS1048,Mumbai,Tier 1,treated,278,262,13,3,14.63,55.8,65057.0
2026-05-22,DS1049,Jaipur,Tier 2,control,158,152,5,1,16.49,35.0,27250.0
2026-05-22,DS1050,Chennai,Tier 1,control,176,167,8,1,15.08,48.4,34328.0
2026-05-22,DS1051,Chennai,Tier 1,control,265,252,11,2,17.2,35.0,66956.0
2026-05-22,DS1052,Jaipur,Tier 2,control,127,120,5,2,16.61,35.0,25927.0
2026-05-22,DS1053,Bhopal,Tier 2,control,108,105,3,0,14.27,51.4,20878.0
2026-05-22,DS1054,Pune,Tier 1,control,295,279,14,2,16.09,39.1,68379.0
2026-05-22,DS1055,Delhi NCR,Tier 1,treated,218,216,2,0,13.27,74.3,56983.0
2026-05-22,DS1056,Delhi NCR,Tier 1,treated,319,307,9,3,17.27,35.0,82269.0
2026-05-22,DS1057,Delhi NCR,Tier 1,treated,232,223,8,1,15.81,42.7,55070.0
2026-05-22,DS1058,Chennai,Tier 1,control,281,267,9,5,18.43,35.0,60761.0
2026-05-22,DS1059,Mumbai,Tier 1,treated,225,213,11,1,13.61,59.4,51374.0
2026-05-23,DS1000,Pune,Tier 1,control,261,247,11,3,17.18,35.0,55913.0
2026-05-23,DS1001,Bengaluru,Tier 1,treated,246,230,12,4,17.61,35.0,42738.0
2026-05-23,DS1002,Mumbai,Tier 1,treated,214,205,7,2,15.69,47.3,53020.0
2026-05-23,DS1003,Lucknow,Tier 2,control,142,139,3,0,15.67,44.5,28079.0
2026-05-23,DS1004,Pune,Tier 1,control,179,175,3,1,15.82,35.0,47776.0
2026-05-23,DS1005,Pune,Tier 1,control,173,165,5,3,17.7,35.0,40152.0
2026-05-23,DS1006,Pune,Tier 1,control,308,291,14,3,14.07,55.0,84073.0
2026-05-23,DS1007,Mumbai,Tier 1,treated,229,219,7,3,12.68,76.2,56676.0
2026-05-23,DS1008,Chennai,Tier 1,control,236,225,8,3,18.8,35.0,48466.0
2026-05-23,DS1009,Hyderabad,Tier 1,control,314,300,12,2,14.84,53.5,63291.0
2026-05-23,DS1010,Lucknow,Tier 2,control,89,86,2,1,18.52,35.0,19779.0
2026-05-23,DS1011,Pune,Tier 1,control,218,209,7,2,19.17,35.0,57223.0
2026-05-23,DS1012,Bengaluru,Tier 1,treated,279,269,6,4,14.61,56.0,60137.0
2026-05-23,DS1013,Pune,Tier 1,control,265,255,8,2,18.9,35.0,69519.0
2026-05-23,DS1014,Hyderabad,Tier 1,control,231,216,10,5,20.4,35.0,59994.0
2026-05-23,DS1015,Jaipur,Tier 2,control,165,157,7,1,17.08,35.0,37198.0
2026-05-23,DS1016,Mumbai,Tier 1,treated,258,245,9,4,12.45,76.3,69244.0
2026-05-23,DS1017,Chennai,Tier 1,control,204,194,6,4,13.25,65.2,45095.0
2026-05-23,DS1018,Bhopal,Tier 2,control,128,123,4,1,17.78,35.0,26432.0
2026-05-23,DS1019,Hyderabad,Tier 1,control,284,278,5,1,19.15,35.0,70489.0
2026-05-23,DS1020,Jaipur,Tier 2,control,192,183,7,2,17.44,35.0,41905.0
2026-05-23,DS1021,Bengaluru,Tier 1,treated,167,156,7,4,12.6,74.3,37715.0
2026-05-23,DS1022,Lucknow,Tier 2,control,166,162,2,2,15.95,35.0,37881.0
2026-05-23,DS1023,Mumbai,Tier 1,treated,278,260,10,8,14.7,59.3,55784.0
2026-05-23,DS1024,Mumbai,Tier 1,treated,307,295,10,2,15.07,62.1,69151.0
2026-05-23,DS1025,Jaipur,Tier 2,control,139,132,4,3,16.26,38.6,25195.0
2026-05-23,DS1026,Delhi NCR,Tier 1,treated,251,242,8,1,15.43,42.3,55641.0
2026-05-23,DS1027,Mumbai,Tier 1,treated,219,207,10,2,15.09,50.2,51186.0
2026-05-23,DS1028,Bhopal,Tier 2,control,198,187,10,1,17.5,35.0,48017.0
2026-05-23,DS1029,Jaipur,Tier 2,control,121,120,0,1,15.7,40.2,27327.0
2026-05-23,DS1030,Pune,Tier 1,control,319,308,8,3,17.29,35.0,63820.0
2026-05-23,DS1031,Mumbai,Tier 1,treated,234,225,8,1,14.41,59.9,57027.0
2026-05-23,DS1032,Chennai,Tier 1,control,242,231,9,2,18.64,35.0,55577.0
2026-05-23,DS1033,Jaipur,Tier 2,control,97,92,4,1,18.73,35.0,15767.0
2026-05-23,DS1034,Mumbai,Tier 1,treated,228,210,13,5,15.11,43.2,61006.0
2026-05-23,DS1035,Pune,Tier 1,control,295,285,5,5,17.17,35.0,63739.0
2026-05-23,DS1036,Lucknow,Tier 2,control,124,115,9,0,12.49,75.4,26570.0
2026-05-23,DS1037,Lucknow,Tier 2,control,207,195,6,6,17.01,35.0,36798.0
2026-05-23,DS1038,Delhi NCR,Tier 1,treated,275,269,5,1,12.62,73.7,63156.0
2026-05-23,DS1039,Lucknow,Tier 2,control,106,104,1,1,12.25,77.7,20821.0
2026-05-23,DS1040,Hyderabad,Tier 1,control,213,202,8,3,17.86,35.0,52744.0
2026-05-23,DS1041,Lucknow,Tier 2,control,136,130,4,2,17.36,35.0,26570.0
2026-05-23,DS1042,Jaipur,Tier 2,control,124,120,4,0,16.11,39.0,25167.0
2026-05-23,DS1043,Indore,Tier 2,control,136,130,4,2,13.64,63.3,25726.0
2026-05-23,DS1044,Bengaluru,Tier 1,treated,210,201,7,2,15.02,46.1,42133.0
2026-05-23,DS1045,Delhi NCR,Tier 1,treated,252,241,6,5,12.81,70.7,46943.0
2026-05-23,DS1046,Bengaluru,Tier 1,treated,193,181,12,0,16.12,35.0,43860.0
2026-05-23,DS1047,Bengaluru,Tier 1,treated,188,180,5,3,16.64,35.0,43031.0
2026-05-23,DS1048,Mumbai,Tier 1,treated,271,262,6,3,15.94,35.4,54935.0
2026-05-23,DS1049,Jaipur,Tier 2,control,184,175,5,4,14.94,51.9,28653.0
2026-05-23,DS1050,Chennai,Tier 1,control,190,182,5,3,14.98,52.1,37797.0
2026-05-23,DS1051,Chennai,Tier 1,control,247,233,7,7,16.29,36.3,44929.0
2026-05-23,DS1052,Jaipur,Tier 2,control,115,108,5,2,15.69,41.5,18016.0
2026-05-23,DS1053,Bhopal,Tier 2,control,112,108,4,0,15.45,45.7,23431.0
2026-05-23,DS1054,Pune,Tier 1,control,329,319,6,4,17.16,35.0,92613.0
2026-05-23,DS1055,Delhi NCR,Tier 1,treated,252,246,3,3,13.49,72.4,47948.0
2026-05-23,DS1056,Delhi NCR,Tier 1,treated,324,311,9,4,17.96,35.0,74295.0
2026-05-23,DS1057,Delhi NCR,Tier 1,treated,220,213,4,3,16.02,43.3,56355.0
2026-05-23,DS1058,Chennai,Tier 1,control,250,241,7,2,17.35,35.0,55121.0
2026-05-23,DS1059,Mumbai,Tier 1,treated,254,244,9,1,14.3,66.0,50342.0
2026-05-24,DS1000,Pune,Tier 1,control,234,222,9,3,17.29,35.0,58703.0
2026-05-24,DS1001,Bengaluru,Tier 1,treated,210,202,4,4,18.69,35.0,47686.0
2026-05-24,DS1002,Mumbai,Tier 1,treated,211,199,11,1,13.84,58.6,55908.0
2026-05-24,DS1003,Lucknow,Tier 2,control,129,122,7,0,17.26,35.0,30149.0
2026-05-24,DS1004,Pune,Tier 1,control,164,161,2,1,15.11,47.6,31991.0
2026-05-24,DS1005,Pune,Tier 1,control,160,154,5,1,17.48,35.0,36142.0
2026-05-24,DS1006,Pune,Tier 1,control,242,229,6,7,16.12,35.0,60618.0
2026-05-24,DS1007,Mumbai,Tier 1,treated,206,192,9,5,12.89,70.4,39736.0
2026-05-24,DS1008,Chennai,Tier 1,control,219,206,8,5,17.07,35.0,63810.0
2026-05-24,DS1009,Hyderabad,Tier 1,control,271,261,9,1,17.06,35.0,57374.0
2026-05-24,DS1010,Lucknow,Tier 2,control,77,71,4,2,19.45,35.0,14802.0
2026-05-24,DS1011,Pune,Tier 1,control,189,181,7,1,19.13,35.0,43093.0
2026-05-24,DS1012,Bengaluru,Tier 1,treated,218,210,6,2,16.34,38.0,43239.0
2026-05-24,DS1013,Pune,Tier 1,control,216,209,6,1,16.64,35.4,49951.0
2026-05-24,DS1014,Hyderabad,Tier 1,control,230,222,7,1,19.41,35.0,45101.0
2026-05-24,DS1015,Jaipur,Tier 2,control,144,142,1,1,15.98,35.0,33393.0
2026-05-24,DS1016,Mumbai,Tier 1,treated,223,215,6,2,13.9,69.0,49114.0
2026-05-24,DS1017,Chennai,Tier 1,control,187,181,5,1,14.2,50.6,47822.0
2026-05-24,DS1018,Bhopal,Tier 2,control,113,107,5,1,17.15,35.0,20284.0
2026-05-24,DS1019,Hyderabad,Tier 1,control,258,247,9,2,18.74,35.0,64764.0
2026-05-24,DS1020,Jaipur,Tier 2,control,146,138,7,1,16.65,35.0,29487.0
2026-05-24,DS1021,Bengaluru,Tier 1,treated,161,158,0,3,12.21,75.3,30582.0
2026-05-24,DS1022,Lucknow,Tier 2,control,146,137,7,2,14.31,64.2,27007.0
2026-05-24,DS1023,Mumbai,Tier 1,treated,239,225,9,5,12.52,67.7,60931.0
2026-05-24,DS1024,Mumbai,Tier 1,treated,276,262,12,2,14.78,53.4,63925.0
2026-05-24,DS1025,Jaipur,Tier 2,control,105,99,5,1,16.02,35.1,14245.0
2026-05-24,DS1026,Delhi NCR,Tier 1,treated,205,193,8,4,14.33,54.6,39896.0
2026-05-24,DS1027,Mumbai,Tier 1,treated,174,169,4,1,14.88,54.5,38532.0
2026-05-24,DS1028,Bhopal,Tier 2,control,173,169,4,0,15.57,35.0,38207.0
2026-05-24,DS1029,Jaipur,Tier 2,control,124,115,6,3,16.5,35.0,22503.0
2026-05-24,DS1030,Pune,Tier 1,control,282,268,10,4,16.66,37.4,71579.0
2026-05-24,DS1031,Mumbai,Tier 1,treated,179,172,5,2,14.35,56.6,31069.0
2026-05-24,DS1032,Chennai,Tier 1,control,214,202,11,1,17.09,35.0,49115.0
2026-05-24,DS1033,Jaipur,Tier 2,control,96,93,2,1,19.7,35.0,20418.0
2026-05-24,DS1034,Mumbai,Tier 1,treated,240,229,7,4,14.14,59.5,46826.0
2026-05-24,DS1035,Pune,Tier 1,control,290,272,12,6,15.18,43.5,67473.0
2026-05-24,DS1036,Lucknow,Tier 2,control,100,92,6,2,14.39,54.8,16800.0
2026-05-24,DS1037,Lucknow,Tier 2,control,155,149,4,2,17.31,35.0,29458.0
2026-05-24,DS1038,Delhi NCR,Tier 1,treated,228,222,4,2,11.36,87.0,46318.0
2026-05-24,DS1039,Lucknow,Tier 2,control,110,103,3,4,14.44,55.0,26945.0
2026-05-24,DS1040,Hyderabad,Tier 1,control,195,181,13,1,18.78,35.0,29873.0
2026-05-24,DS1041,Lucknow,Tier 2,control,122,115,3,4,17.34,35.0,24068.0
2026-05-24,DS1042,Jaipur,Tier 2,control,116,110,4,2,15.7,45.6,19702.0
2026-05-24,DS1043,Indore,Tier 2,control,107,103,3,1,14.82,52.8,19738.0
2026-05-24,DS1044,Bengaluru,Tier 1,treated,186,180,5,1,16.54,36.0,46636.0
2026-05-24,DS1045,Delhi NCR,Tier 1,treated,206,190,12,4,13.77,65.7,42030.0
2026-05-24,DS1046,Bengaluru,Tier 1,treated,173,163,8,2,15.57,42.1,39594.0
2026-05-24,DS1047,Bengaluru,Tier 1,treated,158,147,5,6,17.87,35.0,40041.0
2026-05-24,DS1048,Mumbai,Tier 1,treated,223,213,6,4,15.28,48.3,47286.0
2026-05-24,DS1049,Jaipur,Tier 2,control,133,128,2,3,15.25,51.0,29745.0
2026-05-24,DS1050,Chennai,Tier 1,control,186,175,9,2,14.52,65.1,42507.0
2026-05-24,DS1051,Chennai,Tier 1,control,205,193,10,2,15.39,45.1,44011.0
2026-05-24,DS1052,Jaipur,Tier 2,control,116,112,3,1,15.4,45.1,20957.0
2026-05-24,DS1053,Bhopal,Tier 2,control,101,94,6,1,15.29,44.5,10391.0
2026-05-24,DS1054,Pune,Tier 1,control,245,233,7,5,15.97,35.0,59837.0
2026-05-24,DS1055,Delhi NCR,Tier 1,treated,194,189,4,1,13.66,68.0,47294.0
2026-05-24,DS1056,Delhi NCR,Tier 1,treated,264,249,14,1,17.48,35.0,70053.0
2026-05-24,DS1057,Delhi NCR,Tier 1,treated,169,158,7,4,15.37,47.0,31138.0
2026-05-24,DS1058,Chennai,Tier 1,control,218,208,8,2,18.63,35.0,46703.0
2026-05-24,DS1059,Mumbai,Tier 1,treated,211,200,7,4,13.54,64.8,40039.0
2026-05-25,DS1000,Pune,Tier 1,control,273,252,17,4,15.95,42.3,57815.0
2026-05-25,DS1001,Bengaluru,Tier 1,treated,209,202,5,2,19.46,35.0,43107.0
2026-05-25,DS1002,Mumbai,Tier 1,treated,207,194,12,1,14.95,55.9,46050.0
2026-05-25,DS1003,Lucknow,Tier 2,control,115,112,2,1,17.36,35.0,20039.0
2026-05-25,DS1004,Pune,Tier 1,control,166,160,3,3,16.06,43.0,42315.0
2026-05-25,DS1005,Pune,Tier 1,control,158,154,4,0,17.41,35.0,38388.0
2026-05-25,DS1006,Pune,Tier 1,control,250,239,9,2,13.66,67.1,63633.0
2026-05-25,DS1007,Mumbai,Tier 1,treated,216,199,9,8,12.23,78.7,44167.0
2026-05-25,DS1008,Chennai,Tier 1,control,249,234,12,3,19.78,35.0,61836.0
2026-05-25,DS1009,Hyderabad,Tier 1,control,243,230,10,3,15.1,49.0,61650.0
2026-05-25,DS1010,Lucknow,Tier 2,control,97,93,4,0,18.12,35.0,18037.0
2026-05-25,DS1011,Pune,Tier 1,control,180,171,5,4,20.39,35.0,38509.0
2026-05-25,DS1012,Bengaluru,Tier 1,treated,215,204,8,3,15.67,43.7,44321.0
2026-05-25,DS1013,Pune,Tier 1,control,223,213,6,4,17.88,35.0,56746.0
2026-05-25,DS1014,Hyderabad,Tier 1,control,231,225,5,1,20.38,35.0,57692.0
2026-05-25,DS1015,Jaipur,Tier 2,control,146,139,5,2,16.86,35.0,30897.0
2026-05-25,DS1016,Mumbai,Tier 1,treated,229,218,8,3,13.63,58.8,46606.0
2026-05-25,DS1017,Chennai,Tier 1,control,143,135,4,4,15.37,51.0,30867.0
2026-05-25,DS1018,Bhopal,Tier 2,control,118,115,3,0,16.68,35.0,23848.0
2026-05-25,DS1019,Hyderabad,Tier 1,control,264,256,6,2,17.02,35.0,61640.0
2026-05-25,DS1020,Jaipur,Tier 2,control,130,128,2,0,18.99,35.0,25245.0
2026-05-25,DS1021,Bengaluru,Tier 1,treated,157,152,3,2,13.43,70.2,40296.0
2026-05-25,DS1022,Lucknow,Tier 2,control,157,149,5,3,17.31,35.0,29422.0
2026-05-25,DS1023,Mumbai,Tier 1,treated,212,205,3,4,10.75,82.0,53417.0
2026-05-25,DS1024,Mumbai,Tier 1,treated,256,247,9,0,14.98,50.5,61198.0
2026-05-25,DS1025,Jaipur,Tier 2,control,115,111,3,1,16.06,37.5,22537.0
2026-05-25,DS1026,Delhi NCR,Tier 1,treated,233,224,7,2,16.46,37.3,70185.0
2026-05-25,DS1027,Mumbai,Tier 1,treated,148,142,5,1,15.95,44.4,27584.0
2026-05-25,DS1028,Bhopal,Tier 2,control,193,186,6,1,16.09,37.0,38345.0
2026-05-25,DS1029,Jaipur,Tier 2,control,131,126,4,1,16.35,35.0,23877.0
2026-05-25,DS1030,Pune,Tier 1,control,288,277,8,3,15.73,37.0,69082.0
2026-05-25,DS1031,Mumbai,Tier 1,treated,197,190,6,1,14.08,65.6,45724.0
2026-05-25,DS1032,Chennai,Tier 1,control,245,231,9,5,17.07,35.0,66365.0
2026-05-25,DS1033,Jaipur,Tier 2,control,84,80,4,0,20.41,35.0,16839.0
2026-05-25,DS1034,Mumbai,Tier 1,treated,201,190,6,5,15.9,40.2,41933.0
2026-05-25,DS1035,Pune,Tier 1,control,266,258,8,0,16.89,35.0,65192.0
2026-05-25,DS1036,Lucknow,Tier 2,control,103,100,2,1,13.24,71.2,21231.0
2026-05-25,DS1037,Lucknow,Tier 2,control,151,146,3,2,15.57,46.7,33937.0
2026-05-25,DS1038,Delhi NCR,Tier 1,treated,208,199,6,3,12.46,71.9,49421.0
2026-05-25,DS1039,Lucknow,Tier 2,control,97,96,1,0,13.21,67.0,19438.0
2026-05-25,DS1040,Hyderabad,Tier 1,control,205,195,7,3,18.81,35.0,32773.0
2026-05-25,DS1041,Lucknow,Tier 2,control,121,118,3,0,16.04,38.2,24137.0
2026-05-25,DS1042,Jaipur,Tier 2,control,124,120,3,1,15.12,46.3,27519.0
2026-05-25,DS1043,Indore,Tier 2,control,111,106,5,0,12.61,73.7,27867.0
2026-05-25,DS1044,Bengaluru,Tier 1,treated,174,167,3,4,14.18,63.9,46763.0
2026-05-25,DS1045,Delhi NCR,Tier 1,treated,216,209,7,0,14.25,51.8,57772.0
2026-05-25,DS1046,Bengaluru,Tier 1,treated,169,162,5,2,16.21,40.1,34588.0
2026-05-25,DS1047,Bengaluru,Tier 1,treated,179,175,2,2,17.81,35.0,46190.0
2026-05-25,DS1048,Mumbai,Tier 1,treated,215,205,6,4,15.39,39.4,47262.0
2026-05-25,DS1049,Jaipur,Tier 2,control,137,132,2,3,15.59,50.3,33784.0
2026-05-25,DS1050,Chennai,Tier 1,control,162,149,10,3,14.78,53.9,45661.0
2026-05-25,DS1051,Chennai,Tier 1,control,197,194,2,1,16.67,36.9,48888.0
2026-05-25,DS1052,Jaipur,Tier 2,control,108,103,5,0,16.86,35.0,21002.0
2026-05-25,DS1053,Bhopal,Tier 2,control,105,96,6,3,15.54,38.1,20600.0
2026-05-25,DS1054,Pune,Tier 1,control,244,231,11,2,17.43,35.0,55797.0
2026-05-25,DS1055,Delhi NCR,Tier 1,treated,185,175,8,2,13.81,61.5,47658.0
2026-05-25,DS1056,Delhi NCR,Tier 1,treated,268,257,9,2,17.46,35.0,51334.0
2026-05-25,DS1057,Delhi NCR,Tier 1,treated,184,177,5,2,15.98,50.3,35547.0
2026-05-25,DS1058,Chennai,Tier 1,control,223,212,7,4,18.08,35.0,49269.0
2026-05-25,DS1059,Mumbai,Tier 1,treated,205,196,5,4,14.52,54.1,46976.0
2026-05-26,DS1000,Pune,Tier 1,control,258,246,9,3,17.92,35.0,57281.0
2026-05-26,DS1001,Bengaluru,Tier 1,treated,199,187,9,3,18.19,35.0,43486.0
2026-05-26,DS1002,Mumbai,Tier 1,treated,193,188,3,2,14.89,49.0,39846.0
2026-05-26,DS1003,Lucknow,Tier 2,control,111,106,3,2,17.21,35.0,21234.0
2026-05-26,DS1004,Pune,Tier 1,control,162,154,4,4,15.16,50.4,34870.0
2026-05-26,DS1005,Pune,Tier 1,control,160,156,3,1,16.7,35.0,31809.0
2026-05-26,DS1006,Pune,Tier 1,control,253,239,10,4,14.1,58.1,55126.0
2026-05-26,DS1007,Mumbai,Tier 1,treated,204,198,5,1,13.15,75.7,45272.0
2026-05-26,DS1008,Chennai,Tier 1,control,206,198,6,2,19.57,35.0,31992.0
2026-05-26,DS1009,Hyderabad,Tier 1,control,256,245,9,2,15.16,50.1,62351.0
2026-05-26,DS1010,Lucknow,Tier 2,control,84,82,1,1,17.84,35.0,18962.0
2026-05-26,DS1011,Pune,Tier 1,control,179,172,7,0,18.66,35.0,41484.0
2026-05-26,DS1012,Bengaluru,Tier 1,treated,235,225,8,2,14.73,55.9,48824.0
2026-05-26,DS1013,Pune,Tier 1,control,279,263,12,4,17.19,35.0,75741.0
2026-05-26,DS1014,Hyderabad,Tier 1,control,211,201,5,5,21.55,35.0,42772.0
2026-05-26,DS1015,Jaipur,Tier 2,control,128,124,4,0,15.62,42.2,24667.0
2026-05-26,DS1016,Mumbai,Tier 1,treated,208,199,5,4,15.38,40.7,47198.0
2026-05-26,DS1017,Chennai,Tier 1,control,192,179,11,2,13.05,70.2,41380.0
2026-05-26,DS1018,Bhopal,Tier 2,control,104,99,2,3,16.28,35.0,23462.0
2026-05-26,DS1019,Hyderabad,Tier 1,control,250,235,9,6,18.84,35.0,64801.0
2026-05-26,DS1020,Jaipur,Tier 2,control,130,128,2,0,19.25,35.0,23640.0
2026-05-26,DS1021,Bengaluru,Tier 1,treated,142,135,6,1,12.52,75.9,35723.0
2026-05-26,DS1022,Lucknow,Tier 2,control,168,162,5,1,14.17,61.0,28421.0
2026-05-26,DS1023,Mumbai,Tier 1,treated,260,244,10,6,13.15,73.4,70400.0
2026-05-26,DS1024,Mumbai,Tier 1,treated,252,241,9,2,13.82,62.8,50578.0
2026-05-26,DS1025,Jaipur,Tier 2,control,129,118,8,3,16.72,35.0,27522.0
2026-05-26,DS1026,Delhi NCR,Tier 1,treated,165,153,10,2,15.69,38.3,37815.0
2026-05-26,DS1027,Mumbai,Tier 1,treated,181,173,7,1,15.46,44.6,40398.0
2026-05-26,DS1028,Bhopal,Tier 2,control,186,178,6,2,15.55,37.4,29373.0
2026-05-26,DS1029,Jaipur,Tier 2,control,124,119,4,1,16.12,35.0,28786.0
2026-05-26,DS1030,Pune,Tier 1,control,271,257,9,5,16.9,35.0,64425.0
2026-05-26,DS1031,Mumbai,Tier 1,treated,189,179,9,1,15.52,46.5,42945.0
2026-05-26,DS1032,Chennai,Tier 1,control,196,188,6,2,17.75,35.0,50869.0
2026-05-26,DS1033,Jaipur,Tier 2,control,82,79,2,1,19.66,35.0,15944.0
2026-05-26,DS1034,Mumbai,Tier 1,treated,197,193,3,1,15.06,57.8,47045.0
2026-05-26,DS1035,Pune,Tier 1,control,247,234,9,4,17.13,35.0,54701.0
2026-05-26,DS1036,Lucknow,Tier 2,control,110,104,4,2,14.09,55.4,20834.0
2026-05-26,DS1037,Lucknow,Tier 2,control,155,149,6,0,17.76,35.0,35102.0
2026-05-26,DS1038,Delhi NCR,Tier 1,treated,234,225,6,3,10.99,88.7,54642.0
2026-05-26,DS1039,Lucknow,Tier 2,control,101,96,2,3,12.51,74.5,26648.0
2026-05-26,DS1040,Hyderabad,Tier 1,control,204,193,8,3,17.68,35.0,41013.0
2026-05-26,DS1041,Lucknow,Tier 2,control,116,107,9,0,17.91,35.0,20569.0
2026-05-26,DS1042,Jaipur,Tier 2,control,127,121,4,2,15.97,43.1,23114.0
2026-05-26,DS1043,Indore,Tier 2,control,99,94,3,2,13.15,72.8,17372.0
2026-05-26,DS1044,Bengaluru,Tier 1,treated,185,178,4,3,13.73,60.1,38741.0
2026-05-26,DS1045,Delhi NCR,Tier 1,treated,187,177,7,3,12.85,72.0,46769.0
2026-05-26,DS1046,Bengaluru,Tier 1,treated,198,189,7,2,16.3,35.0,42795.0
2026-05-26,DS1047,Bengaluru,Tier 1,treated,179,176,2,1,17.94,35.0,47608.0
2026-05-26,DS1048,Mumbai,Tier 1,treated,239,224,13,2,16.28,37.9,61924.0
2026-05-26,DS1049,Jaipur,Tier 2,control,139,134,5,0,16.36,35.0,23256.0
2026-05-26,DS1050,Chennai,Tier 1,control,179,169,9,1,14.76,46.2,32371.0
2026-05-26,DS1051,Chennai,Tier 1,control,222,211,7,4,16.21,35.0,52770.0
2026-05-26,DS1052,Jaipur,Tier 2,control,117,112,4,1,16.29,35.0,26532.0
2026-05-26,DS1053,Bhopal,Tier 2,control,124,117,5,2,14.81,52.6,27679.0
2026-05-26,DS1054,Pune,Tier 1,control,245,236,7,2,16.24,37.8,55631.0
2026-05-26,DS1055,Delhi NCR,Tier 1,treated,171,167,4,0,12.42,80.0,38762.0
2026-05-26,DS1056,Delhi NCR,Tier 1,treated,238,229,6,3,18.77,35.0,57616.0
2026-05-26,DS1057,Delhi NCR,Tier 1,treated,207,189,15,3,17.24,35.0,33281.0
2026-05-26,DS1058,Chennai,Tier 1,control,214,204,7,3,19.29,35.0,58718.0
2026-05-26,DS1059,Mumbai,Tier 1,treated,200,193,5,2,12.66,71.8,59439.0
2026-05-27,DS1000,Pune,Tier 1,control,218,208,8,2,17.04,35.0,55387.0
2026-05-27,DS1001,Bengaluru,Tier 1,treated,233,222,10,1,16.11,35.5,46658.0
2026-05-27,DS1002,Mumbai,Tier 1,treated,221,209,10,2,14.05,59.6,49743.0
2026-05-27,DS1003,Lucknow,Tier 2,control,138,130,6,2,15.59,48.5,24666.0
2026-05-27,DS1004,Pune,Tier 1,control,167,157,8,2,14.48,63.7,38517.0
2026-05-27,DS1005,Pune,Tier 1,control,165,155,6,4,17.33,35.0,37246.0
2026-05-27,DS1006,Pune,Tier 1,control,240,228,9,3,13.7,64.1,54443.0
2026-05-27,DS1007,Mumbai,Tier 1,treated,198,193,3,2,12.53,75.3,42943.0
2026-05-27,DS1008,Chennai,Tier 1,control,239,228,9,2,19.05,35.0,53498.0
2026-05-27,DS1009,Hyderabad,Tier 1,control,248,240,6,2,16.71,35.0,54779.0
2026-05-27,DS1010,Lucknow,Tier 2,control,81,78,3,0,18.21,35.0,15273.0
2026-05-27,DS1011,Pune,Tier 1,control,183,177,4,2,19.69,35.0,36645.0
2026-05-27,DS1012,Bengaluru,Tier 1,treated,206,196,7,3,11.96,86.2,54649.0
2026-05-27,DS1013,Pune,Tier 1,control,247,236,7,4,17.25,35.0,52726.0
2026-05-27,DS1014,Hyderabad,Tier 1,control,210,199,9,2,20.31,35.0,41578.0
2026-05-27,DS1015,Jaipur,Tier 2,control,165,160,5,0,16.63,35.0,29326.0
2026-05-27,DS1016,Mumbai,Tier 1,treated,226,215,8,3,13.12,71.5,43106.0
2026-05-27,DS1017,Chennai,Tier 1,control,174,163,10,1,14.74,48.4,33658.0
2026-05-27,DS1018,Bhopal,Tier 2,control,91,87,3,1,16.93,35.0,15029.0
2026-05-27,DS1019,Hyderabad,Tier 1,control,221,209,9,3,18.69,35.0,54265.0
2026-05-27,DS1020,Jaipur,Tier 2,control,148,143,5,0,18.06,35.0,26272.0
2026-05-27,DS1021,Bengaluru,Tier 1,treated,145,136,6,3,12.76,73.1,37961.0
2026-05-27,DS1022,Lucknow,Tier 2,control,164,154,7,3,16.07,37.5,25472.0
2026-05-27,DS1023,Mumbai,Tier 1,treated,242,228,9,5,14.69,51.2,66594.0
2026-05-27,DS1024,Mumbai,Tier 1,treated,274,260,9,5,15.45,46.4,59405.0
2026-05-27,DS1025,Jaipur,Tier 2,control,132,129,2,1,18.06,35.0,28116.0
2026-05-27,DS1026,Delhi NCR,Tier 1,treated,219,208,10,1,15.72,41.6,58149.0
2026-05-27,DS1027,Mumbai,Tier 1,treated,177,168,8,1,14.56,58.7,38217.0
2026-05-27,DS1028,Bhopal,Tier 2,control,176,170,5,1,14.66,52.1,41270.0
2026-05-27,DS1029,Jaipur,Tier 2,control,123,120,1,2,17.67,35.0,24129.0
2026-05-27,DS1030,Pune,Tier 1,control,279,268,8,3,16.96,35.0,63639.0
2026-05-27,DS1031,Mumbai,Tier 1,treated,194,184,9,1,14.47,52.3,45559.0
2026-05-27,DS1032,Chennai,Tier 1,control,217,202,12,3,15.57,41.3,52953.0
2026-05-27,DS1033,Jaipur,Tier 2,control,86,82,2,2,17.51,35.0,15075.0
2026-05-27,DS1034,Mumbai,Tier 1,treated,201,192,8,1,16.07,35.0,42863.0
2026-05-27,DS1035,Pune,Tier 1,control,265,246,16,3,17.62,35.0,51870.0
2026-05-27,DS1036,Lucknow,Tier 2,control,93,89,4,0,13.61,70.0,24251.0
2026-05-27,DS1037,Lucknow,Tier 2,control,162,156,4,2,16.16,39.6,29681.0
2026-05-27,DS1038,Delhi NCR,Tier 1,treated,233,226,5,2,11.34,86.7,63335.0
2026-05-27,DS1039,Lucknow,Tier 2,control,110,104,5,1,13.0,71.2,18050.0
2026-05-27,DS1040,Hyderabad,Tier 1,control,192,187,4,1,18.74,35.0,42425.0
2026-05-27,DS1041,Lucknow,Tier 2,control,118,108,8,2,18.48,35.0,21433.0
2026-05-27,DS1042,Jaipur,Tier 2,control,120,116,3,1,15.55,52.5,16716.0
2026-05-27,DS1043,Indore,Tier 2,control,102,97,5,0,15.08,47.5,16846.0
2026-05-27,DS1044,Bengaluru,Tier 1,treated,189,187,1,1,12.33,80.2,49630.0
2026-05-27,DS1045,Delhi NCR,Tier 1,treated,185,178,6,1,15.85,35.0,45464.0
2026-05-27,DS1046,Bengaluru,Tier 1,treated,168,161,6,1,17.38,35.0,37868.0
2026-05-27,DS1047,Bengaluru,Tier 1,treated,172,164,5,3,18.31,35.0,44903.0
2026-05-27,DS1048,Mumbai,Tier 1,treated,210,198,11,1,15.81,40.2,52239.0
2026-05-27,DS1049,Jaipur,Tier 2,control,142,132,7,3,15.11,52.2,29571.0
2026-05-27,DS1050,Chennai,Tier 1,control,145,139,4,2,13.63,77.6,32800.0
2026-05-27,DS1051,Chennai,Tier 1,control,244,232,10,2,16.84,35.0,61110.0
2026-05-27,DS1052,Jaipur,Tier 2,control,115,110,4,1,16.56,36.8,30501.0
2026-05-27,DS1053,Bhopal,Tier 2,control,97,90,6,1,14.42,61.6,19866.0
2026-05-27,DS1054,Pune,Tier 1,control,217,206,9,2,16.59,35.0,54138.0
2026-05-27,DS1055,Delhi NCR,Tier 1,treated,212,203,7,2,12.43,76.6,42077.0
2026-05-27,DS1056,Delhi NCR,Tier 1,treated,254,246,7,1,16.33,36.9,62228.0
2026-05-27,DS1057,Delhi NCR,Tier 1,treated,187,176,9,2,15.4,39.1,49260.0
2026-05-27,DS1058,Chennai,Tier 1,control,237,224,8,5,16.52,35.0,55616.0
2026-05-27,DS1059,Mumbai,Tier 1,treated,238,230,4,4,15.55,44.1,48062.0
2026-05-28,DS1000,Pune,Tier 1,control,225,215,8,2,18.22,35.0,50457.0
2026-05-28,DS1001,Bengaluru,Tier 1,treated,209,203,6,0,17.14,35.0,42935.0
2026-05-28,DS1002,Mumbai,Tier 1,treated,190,185,4,1,15.82,35.0,46502.0
2026-05-28,DS1003,Lucknow,Tier 2,control,131,123,7,1,16.66,35.0,26125.0
2026-05-28,DS1004,Pune,Tier 1,control,170,158,4,8,14.07,53.8,44317.0
2026-05-28,DS1005,Pune,Tier 1,control,170,163,5,2,17.42,35.0,46861.0
2026-05-28,DS1006,Pune,Tier 1,control,243,229,13,1,14.89,51.9,52220.0
2026-05-28,DS1007,Mumbai,Tier 1,treated,217,205,11,1,13.18,79.3,47656.0
2026-05-28,DS1008,Chennai,Tier 1,control,226,216,6,4,17.54,35.0,52242.0
2026-05-28,DS1009,Hyderabad,Tier 1,control,242,225,13,4,15.66,45.2,49886.0
2026-05-28,DS1010,Lucknow,Tier 2,control,71,68,0,3,17.77,35.0,15817.0
2026-05-28,DS1011,Pune,Tier 1,control,192,180,6,6,18.29,35.0,39236.0
2026-05-28,DS1012,Bengaluru,Tier 1,treated,238,228,5,5,14.47,51.6,48693.0
2026-05-28,DS1013,Pune,Tier 1,control,222,216,3,3,16.23,35.0,51443.0
2026-05-28,DS1014,Hyderabad,Tier 1,control,211,203,6,2,19.59,35.0,53903.0
2026-05-28,DS1015,Jaipur,Tier 2,control,143,134,7,2,16.77,35.0,24107.0
2026-05-28,DS1016,Mumbai,Tier 1,treated,243,238,4,1,13.37,61.7,65395.0
2026-05-28,DS1017,Chennai,Tier 1,control,187,179,2,6,13.6,69.4,41942.0
2026-05-28,DS1018,Bhopal,Tier 2,control,111,105,4,2,16.65,35.0,24070.0
2026-05-28,DS1019,Hyderabad,Tier 1,control,248,239,7,2,19.44,35.0,61469.0
2026-05-28,DS1020,Jaipur,Tier 2,control,120,115,3,2,16.85,35.0,21976.0
2026-05-28,DS1021,Bengaluru,Tier 1,treated,154,144,6,4,11.32,91.7,39890.0
2026-05-28,DS1022,Lucknow,Tier 2,control,164,154,7,3,16.95,35.0,26375.0
2026-05-28,DS1023,Mumbai,Tier 1,treated,255,243,10,2,15.16,47.3,59042.0
2026-05-28,DS1024,Mumbai,Tier 1,treated,273,261,5,7,15.36,46.5,69304.0
2026-05-28,DS1025,Jaipur,Tier 2,control,107,105,2,0,16.59,43.3,15874.0
2026-05-28,DS1026,Delhi NCR,Tier 1,treated,194,188,5,1,14.61,53.0,53630.0
2026-05-28,DS1027,Mumbai,Tier 1,treated,169,165,4,0,14.96,50.2,39122.0
2026-05-28,DS1028,Bhopal,Tier 2,control,188,176,10,2,16.4,35.1,30408.0
2026-05-28,DS1029,Jaipur,Tier 2,control,124,119,4,1,16.43,35.0,25067.0
2026-05-28,DS1030,Pune,Tier 1,control,286,270,10,6,17.22,35.0,46263.0
2026-05-28,DS1031,Mumbai,Tier 1,treated,198,189,7,2,14.21,64.3,39755.0
2026-05-28,DS1032,Chennai,Tier 1,control,232,220,9,3,18.76,35.0,40541.0
2026-05-28,DS1033,Jaipur,Tier 2,control,81,78,3,0,19.38,35.0,15091.0
2026-05-28,DS1034,Mumbai,Tier 1,treated,190,183,6,1,15.19,49.2,46055.0
2026-05-28,DS1035,Pune,Tier 1,control,274,261,7,6,17.46,35.0,66165.0
2026-05-28,DS1036,Lucknow,Tier 2,control,110,105,4,1,13.4,62.0,22677.0
2026-05-28,DS1037,Lucknow,Tier 2,control,171,160,9,2,16.21,38.5,27967.0
2026-05-28,DS1038,Delhi NCR,Tier 1,treated,247,236,10,1,14.09,66.2,49602.0
2026-05-28,DS1039,Lucknow,Tier 2,control,99,93,4,2,12.88,71.2,19015.0
2026-05-28,DS1040,Hyderabad,Tier 1,control,199,188,9,2,18.45,35.0,43334.0
2026-05-28,DS1041,Lucknow,Tier 2,control,109,102,6,1,19.78,35.0,17016.0
2026-05-28,DS1042,Jaipur,Tier 2,control,122,117,4,1,15.08,50.6,20862.0
2026-05-28,DS1043,Indore,Tier 2,control,133,119,11,3,13.65,67.5,26466.0
2026-05-28,DS1044,Bengaluru,Tier 1,treated,207,194,4,9,13.34,72.3,42608.0
2026-05-28,DS1045,Delhi NCR,Tier 1,treated,196,188,7,1,15.78,37.1,39588.0
2026-05-28,DS1046,Bengaluru,Tier 1,treated,174,166,5,3,15.48,45.9,42091.0
2026-05-28,DS1047,Bengaluru,Tier 1,treated,172,167,4,1,17.08,35.0,47692.0
2026-05-28,DS1048,Mumbai,Tier 1,treated,234,220,9,5,14.31,57.8,48634.0
2026-05-28,DS1049,Jaipur,Tier 2,control,133,126,4,3,15.09,43.9,26797.0
2026-05-28,DS1050,Chennai,Tier 1,control,149,138,5,6,14.35,56.1,31076.0
2026-05-28,DS1051,Chennai,Tier 1,control,209,200,7,2,17.83,35.0,50147.0
2026-05-28,DS1052,Jaipur,Tier 2,control,124,118,5,1,16.14,35.0,25278.0
2026-05-28,DS1053,Bhopal,Tier 2,control,111,104,6,1,14.52,60.9,24197.0
2026-05-28,DS1054,Pune,Tier 1,control,258,247,8,3,17.37,35.0,63381.0
2026-05-28,DS1055,Delhi NCR,Tier 1,treated,172,168,3,1,13.94,69.8,42055.0
2026-05-28,DS1056,Delhi NCR,Tier 1,treated,288,272,12,4,16.75,35.0,66685.0
2026-05-28,DS1057,Delhi NCR,Tier 1,treated,208,196,10,2,14.87,48.8,53256.0
2026-05-28,DS1058,Chennai,Tier 1,control,237,229,6,2,17.35,35.0,45857.0
2026-05-28,DS1059,Mumbai,Tier 1,treated,225,211,13,1,13.57,65.2,49695.0
2026-05-29,DS1000,Pune,Tier 1,control,284,268,14,2,16.28,35.0,61307.0
2026-05-29,DS1001,Bengaluru,Tier 1,treated,242,231,6,5,17.57,35.0,60499.0
2026-05-29,DS1002,Mumbai,Tier 1,treated,251,244,5,2,13.33,79.6,48153.0
2026-05-29,DS1003,Lucknow,Tier 2,control,142,135,7,0,15.39,59.1,27223.0
2026-05-29,DS1004,Pune,Tier 1,control,197,192,3,2,14.37,52.7,47560.0
2026-05-29,DS1005,Pune,Tier 1,control,208,196,10,2,16.86,35.0,51778.0
2026-05-29,DS1006,Pune,Tier 1,control,292,280,8,4,14.36,42.1,58783.0
2026-05-29,DS1007,Mumbai,Tier 1,treated,229,218,9,2,12.72,73.1,49905.0
2026-05-29,DS1008,Chennai,Tier 1,control,250,233,11,6,20.16,35.0,62249.0
2026-05-29,DS1009,Hyderabad,Tier 1,control,300,278,18,4,15.68,47.8,87674.0
2026-05-29,DS1010,Lucknow,Tier 2,control,87,82,3,2,18.1,35.0,14480.0
2026-05-29,DS1011,Pune,Tier 1,control,230,220,6,4,17.85,35.0,62560.0
2026-05-29,DS1012,Bengaluru,Tier 1,treated,271,258,9,4,15.41,45.6,53521.0
2026-05-29,DS1013,Pune,Tier 1,control,269,258,7,4,18.86,35.0,62821.0
2026-05-29,DS1014,Hyderabad,Tier 1,control,268,253,10,5,17.45,35.0,55000.0
2026-05-29,DS1015,Jaipur,Tier 2,control,173,164,6,3,17.03,35.0,34106.0
2026-05-29,DS1016,Mumbai,Tier 1,treated,243,229,11,3,14.01,60.8,53226.0
2026-05-29,DS1017,Chennai,Tier 1,control,192,181,8,3,16.0,36.0,43673.0
2026-05-29,DS1018,Bhopal,Tier 2,control,137,128,8,1,15.89,36.7,25106.0
2026-05-29,DS1019,Hyderabad,Tier 1,control,312,296,13,3,19.0,35.0,73574.0
2026-05-29,DS1020,Jaipur,Tier 2,control,193,178,12,3,18.24,35.0,36695.0
2026-05-29,DS1021,Bengaluru,Tier 1,treated,186,179,5,2,12.24,83.1,46787.0
2026-05-29,DS1022,Lucknow,Tier 2,control,185,176,6,3,16.96,35.0,33060.0
2026-05-29,DS1023,Mumbai,Tier 1,treated,268,257,9,2,13.13,67.6,56264.0
2026-05-29,DS1024,Mumbai,Tier 1,treated,297,281,13,3,15.17,39.2,65828.0
2026-05-29,DS1025,Jaipur,Tier 2,control,139,134,3,2,15.62,42.3,23237.0
2026-05-29,DS1026,Delhi NCR,Tier 1,treated,248,242,5,1,14.17,63.8,60982.0
2026-05-29,DS1027,Mumbai,Tier 1,treated,203,194,8,1,15.78,38.5,34810.0
2026-05-29,DS1028,Bhopal,Tier 2,control,235,220,10,5,18.74,35.0,47609.0
2026-05-29,DS1029,Jaipur,Tier 2,control,145,139,4,2,17.3,35.0,34609.0
2026-05-29,DS1030,Pune,Tier 1,control,319,305,7,7,16.34,35.0,84068.0
2026-05-29,DS1031,Mumbai,Tier 1,treated,206,200,4,2,13.62,66.1,40025.0
2026-05-29,DS1032,Chennai,Tier 1,control,276,264,9,3,16.48,35.0,63763.0
2026-05-29,DS1033,Jaipur,Tier 2,control,93,86,6,1,18.73,35.0,18902.0
2026-05-29,DS1034,Mumbai,Tier 1,treated,258,241,12,5,14.25,57.7,62941.0
2026-05-29,DS1035,Pune,Tier 1,control,322,306,11,5,16.52,36.3,76482.0
2026-05-29,DS1036,Lucknow,Tier 2,control,115,109,6,0,14.62,52.0,20916.0
2026-05-29,DS1037,Lucknow,Tier 2,control,161,153,8,0,16.61,35.0,35117.0
2026-05-29,DS1038,Delhi NCR,Tier 1,treated,269,249,16,4,10.9,90.1,59217.0
2026-05-29,DS1039,Lucknow,Tier 2,control,130,122,7,1,14.21,56.6,20905.0
2026-05-29,DS1040,Hyderabad,Tier 1,control,235,225,8,2,17.77,35.0,68209.0
2026-05-29,DS1041,Lucknow,Tier 2,control,124,117,6,1,18.12,35.0,25052.0
2026-05-29,DS1042,Jaipur,Tier 2,control,159,154,3,2,16.46,35.0,37758.0
2026-05-29,DS1043,Indore,Tier 2,control,127,113,12,2,12.52,75.7,19002.0
2026-05-29,DS1044,Bengaluru,Tier 1,treated,243,233,10,0,14.43,53.3,60514.0
2026-05-29,DS1045,Delhi NCR,Tier 1,treated,223,214,8,1,12.77,69.9,47040.0
2026-05-29,DS1046,Bengaluru,Tier 1,treated,209,202,3,4,14.88,49.8,62248.0
2026-05-29,DS1047,Bengaluru,Tier 1,treated,189,183,2,4,18.26,35.0,42510.0
2026-05-29,DS1048,Mumbai,Tier 1,treated,250,242,6,2,14.56,54.6,69147.0
2026-05-29,DS1049,Jaipur,Tier 2,control,195,192,3,0,16.19,35.0,42335.0
2026-05-29,DS1050,Chennai,Tier 1,control,191,182,8,1,14.61,59.4,40334.0
2026-05-29,DS1051,Chennai,Tier 1,control,245,232,9,4,15.8,48.4,65529.0
2026-05-29,DS1052,Jaipur,Tier 2,control,136,125,6,5,16.76,35.0,22770.0
2026-05-29,DS1053,Bhopal,Tier 2,control,138,135,2,1,14.59,54.0,30670.0
2026-05-29,DS1054,Pune,Tier 1,control,264,251,8,5,16.65,35.0,65520.0
2026-05-29,DS1055,Delhi NCR,Tier 1,treated,237,233,4,0,14.26,55.3,54484.0
2026-05-29,DS1056,Delhi NCR,Tier 1,treated,325,312,11,2,16.96,35.0,77686.0
2026-05-29,DS1057,Delhi NCR,Tier 1,treated,251,236,11,4,15.22,50.0,54563.0
2026-05-29,DS1058,Chennai,Tier 1,control,256,246,8,2,17.91,35.0,49948.0
2026-05-29,DS1059,Mumbai,Tier 1,treated,254,241,9,4,14.87,46.8,64387.0
2026-05-30,DS1000,Pune,Tier 1,control,278,260,12,6,17.41,35.0,63143.0
2026-05-30,DS1001,Bengaluru,Tier 1,treated,247,232,12,3,17.45,35.0,53500.0
2026-05-30,DS1002,Mumbai,Tier 1,treated,250,236,9,5,15.57,43.8,44731.0
2026-05-30,DS1003,Lucknow,Tier 2,control,135,130,1,4,15.74,35.8,25276.0
2026-05-30,DS1004,Pune,Tier 1,control,171,161,6,4,14.83,52.1,35892.0
2026-05-30,DS1005,Pune,Tier 1,control,172,167,3,2,17.04,35.0,45960.0
2026-05-30,DS1006,Pune,Tier 1,control,303,292,8,3,14.95,47.2,88035.0
2026-05-30,DS1007,Mumbai,Tier 1,treated,237,229,7,1,14.25,65.0,46518.0
2026-05-30,DS1008,Chennai,Tier 1,control,260,250,8,2,18.03,35.0,60508.0
2026-05-30,DS1009,Hyderabad,Tier 1,control,323,306,12,5,13.93,62.2,68165.0
2026-05-30,DS1010,Lucknow,Tier 2,control,105,98,2,5,17.96,35.0,18073.0
2026-05-30,DS1011,Pune,Tier 1,control,260,245,11,4,18.44,35.0,67202.0
2026-05-30,DS1012,Bengaluru,Tier 1,treated,278,270,7,1,15.54,42.7,79786.0
2026-05-30,DS1013,Pune,Tier 1,control,269,254,9,6,19.74,35.0,60220.0
2026-05-30,DS1014,Hyderabad,Tier 1,control,216,208,5,3,21.64,35.0,53992.0
2026-05-30,DS1015,Jaipur,Tier 2,control,192,184,7,1,17.64,35.0,32250.0
2026-05-30,DS1016,Mumbai,Tier 1,treated,269,254,10,5,13.55,61.6,55943.0
2026-05-30,DS1017,Chennai,Tier 1,control,204,196,7,1,13.85,66.3,52973.0
2026-05-30,DS1018,Bhopal,Tier 2,control,153,148,4,1,17.55,35.0,31784.0
2026-05-30,DS1019,Hyderabad,Tier 1,control,308,294,10,4,19.66,35.0,66966.0
2026-05-30,DS1020,Jaipur,Tier 2,control,169,162,4,3,17.65,35.0,33113.0
2026-05-30,DS1021,Bengaluru,Tier 1,treated,183,169,14,0,12.74,75.1,43309.0
2026-05-30,DS1022,Lucknow,Tier 2,control,192,181,10,1,16.76,35.0,43965.0
2026-05-30,DS1023,Mumbai,Tier 1,treated,286,271,13,2,14.93,56.2,61617.0
2026-05-30,DS1024,Mumbai,Tier 1,treated,301,294,4,3,14.57,61.3,71531.0
2026-05-30,DS1025,Jaipur,Tier 2,control,130,126,4,0,16.2,35.2,26418.0
2026-05-30,DS1026,Delhi NCR,Tier 1,treated,232,226,5,1,16.41,36.6,58080.0
2026-05-30,DS1027,Mumbai,Tier 1,treated,192,183,7,2,16.61,40.2,43008.0
2026-05-30,DS1028,Bhopal,Tier 2,control,236,227,7,2,15.89,39.9,47738.0
2026-05-30,DS1029,Jaipur,Tier 2,control,134,129,4,1,15.17,46.6,27702.0
2026-05-30,DS1030,Pune,Tier 1,control,337,319,11,7,18.65,35.0,72118.0
2026-05-30,DS1031,Mumbai,Tier 1,treated,225,221,4,0,14.0,62.1,49190.0
2026-05-30,DS1032,Chennai,Tier 1,control,267,250,10,7,16.94,35.0,64428.0
2026-05-30,DS1033,Jaipur,Tier 2,control,115,110,4,1,19.82,35.0,25939.0
2026-05-30,DS1034,Mumbai,Tier 1,treated,240,227,8,5,16.95,35.0,53741.0
2026-05-30,DS1035,Pune,Tier 1,control,301,288,10,3,15.59,35.3,73655.0
2026-05-30,DS1036,Lucknow,Tier 2,control,111,105,6,0,13.04,72.6,24787.0
2026-05-30,DS1037,Lucknow,Tier 2,control,144,141,3,0,18.5,35.0,27461.0
2026-05-30,DS1038,Delhi NCR,Tier 1,treated,285,275,7,3,12.08,81.3,72909.0
2026-05-30,DS1039,Lucknow,Tier 2,control,111,102,8,1,13.5,66.5,18399.0
2026-05-30,DS1040,Hyderabad,Tier 1,control,251,242,8,1,19.02,35.0,49991.0
2026-05-30,DS1041,Lucknow,Tier 2,control,138,134,3,1,18.69,35.0,30001.0
2026-05-30,DS1042,Jaipur,Tier 2,control,150,143,5,2,16.48,35.9,26129.0
2026-05-30,DS1043,Indore,Tier 2,control,139,129,4,6,13.56,67.5,28678.0
2026-05-30,DS1044,Bengaluru,Tier 1,treated,226,213,10,3,14.53,55.0,56522.0
2026-05-30,DS1045,Delhi NCR,Tier 1,treated,230,213,15,2,13.58,67.9,55140.0
2026-05-30,DS1046,Bengaluru,Tier 1,treated,214,210,2,2,14.81,59.2,54531.0
2026-05-30,DS1047,Bengaluru,Tier 1,treated,191,181,6,4,17.65,35.0,32804.0
2026-05-30,DS1048,Mumbai,Tier 1,treated,281,266,13,2,16.26,35.0,63442.0
2026-05-30,DS1049,Jaipur,Tier 2,control,177,170,5,2,15.78,35.0,31091.0
2026-05-30,DS1050,Chennai,Tier 1,control,159,151,5,3,15.15,57.3,39155.0
2026-05-30,DS1051,Chennai,Tier 1,control,268,254,11,3,15.62,35.0,59189.0
2026-05-30,DS1052,Jaipur,Tier 2,control,127,120,6,1,17.27,35.0,23955.0
2026-05-30,DS1053,Bhopal,Tier 2,control,104,93,6,5,14.39,60.2,17572.0
2026-05-30,DS1054,Pune,Tier 1,control,314,303,9,2,15.32,40.1,77021.0
2026-05-30,DS1055,Delhi NCR,Tier 1,treated,218,211,5,2,11.06,80.7,56319.0
2026-05-30,DS1056,Delhi NCR,Tier 1,treated,338,318,16,4,16.59,35.0,46712.0
2026-05-30,DS1057,Delhi NCR,Tier 1,treated,221,214,5,2,17.67,35.0,61286.0
2026-05-30,DS1058,Chennai,Tier 1,control,263,255,5,3,19.49,35.0,50749.0
2026-05-30,DS1059,Mumbai,Tier 1,treated,240,230,9,1,14.12,55.7,49950.0
2026-05-31,DS1000,Pune,Tier 1,control,249,238,8,3,17.69,35.0,70382.0
2026-05-31,DS1001,Bengaluru,Tier 1,treated,234,219,8,7,18.09,35.0,47089.0
2026-05-31,DS1002,Mumbai,Tier 1,treated,164,154,9,1,13.58,67.5,42537.0
2026-05-31,DS1003,Lucknow,Tier 2,control,117,111,5,1,16.58,35.0,26092.0
2026-05-31,DS1004,Pune,Tier 1,control,156,149,4,3,15.94,39.3,31902.0
2026-05-31,DS1005,Pune,Tier 1,control,148,143,1,4,17.38,35.0,32278.0
2026-05-31,DS1006,Pune,Tier 1,control,211,198,9,4,14.64,51.8,48773.0
2026-05-31,DS1007,Mumbai,Tier 1,treated,242,225,15,2,12.64,81.6,54862.0
2026-05-31,DS1008,Chennai,Tier 1,control,233,226,3,4,18.92,35.0,65082.0
2026-05-31,DS1009,Hyderabad,Tier 1,control,247,241,4,2,15.09,52.1,64513.0
2026-05-31,DS1010,Lucknow,Tier 2,control,84,79,4,1,16.42,35.0,15880.0
2026-05-31,DS1011,Pune,Tier 1,control,212,201,10,1,18.31,35.0,47034.0
2026-05-31,DS1012,Bengaluru,Tier 1,treated,212,206,5,1,14.67,56.1,44742.0
2026-05-31,DS1013,Pune,Tier 1,control,255,237,10,8,18.25,35.0,56484.0
2026-05-31,DS1014,Hyderabad,Tier 1,control,212,206,5,1,19.62,35.0,53565.0
2026-05-31,DS1015,Jaipur,Tier 2,control,163,156,5,2,16.42,35.0,31645.0
2026-05-31,DS1016,Mumbai,Tier 1,treated,217,209,5,3,14.27,54.7,49362.0
2026-05-31,DS1017,Chennai,Tier 1,control,149,142,5,2,13.07,67.4,36884.0
2026-05-31,DS1018,Bhopal,Tier 2,control,101,99,2,0,16.88,35.0,18399.0
2026-05-31,DS1019,Hyderabad,Tier 1,control,267,251,12,4,17.14,35.0,56738.0
2026-05-31,DS1020,Jaipur,Tier 2,control,141,130,9,2,17.69,35.0,22338.0
2026-05-31,DS1021,Bengaluru,Tier 1,treated,148,138,8,2,13.9,60.7,28444.0
2026-05-31,DS1022,Lucknow,Tier 2,control,148,142,4,2,15.08,49.1,37509.0
2026-05-31,DS1023,Mumbai,Tier 1,treated,266,247,15,4,12.76,69.8,51067.0
2026-05-31,DS1024,Mumbai,Tier 1,treated,273,263,7,3,15.57,47.8,67996.0
2026-05-31,DS1025,Jaipur,Tier 2,control,124,112,9,3,14.63,55.2,24648.0
2026-05-31,DS1026,Delhi NCR,Tier 1,treated,237,224,8,5,14.62,58.8,50548.0
2026-05-31,DS1027,Mumbai,Tier 1,treated,154,145,7,2,16.87,35.0,38599.0
2026-05-31,DS1028,Bhopal,Tier 2,control,160,145,13,2,16.57,35.0,34194.0
2026-05-31,DS1029,Jaipur,Tier 2,control,134,132,1,1,15.54,49.9,25394.0
2026-05-31,DS1030,Pune,Tier 1,control,269,261,6,2,17.2,35.0,64265.0
2026-05-31,DS1031,Mumbai,Tier 1,treated,204,194,9,1,16.05,36.3,41125.0
2026-05-31,DS1032,Chennai,Tier 1,control,203,193,6,4,16.37,35.0,49508.0
2026-05-31,DS1033,Jaipur,Tier 2,control,81,75,6,0,21.02,35.0,13335.0
2026-05-31,DS1034,Mumbai,Tier 1,treated,214,206,7,1,14.87,52.4,52893.0
2026-05-31,DS1035,Pune,Tier 1,control,286,275,9,2,17.03,35.0,74360.0
2026-05-31,DS1036,Lucknow,Tier 2,control,114,109,5,0,14.35,69.1,21687.0
2026-05-31,DS1037,Lucknow,Tier 2,control,147,137,9,1,17.11,35.0,30636.0
2026-05-31,DS1038,Delhi NCR,Tier 1,treated,217,208,5,4,12.01,84.0,54763.0
2026-05-31,DS1039,Lucknow,Tier 2,control,119,110,7,2,14.19,57.0,17375.0
2026-05-31,DS1040,Hyderabad,Tier 1,control,194,184,6,4,17.27,35.0,46944.0
2026-05-31,DS1041,Lucknow,Tier 2,control,122,115,6,1,16.99,35.0,28044.0
2026-05-31,DS1042,Jaipur,Tier 2,control,126,116,4,6,15.63,46.4,25961.0
2026-05-31,DS1043,Indore,Tier 2,control,119,116,2,1,15.41,44.4,28544.0
2026-05-31,DS1044,Bengaluru,Tier 1,treated,192,188,3,1,13.02,66.4,34841.0
2026-05-31,DS1045,Delhi NCR,Tier 1,treated,227,216,9,2,13.46,66.5,44505.0
2026-05-31,DS1046,Bengaluru,Tier 1,treated,182,173,7,2,16.2,40.3,37060.0
2026-05-31,DS1047,Bengaluru,Tier 1,treated,165,158,5,2,17.51,35.0,34724.0
2026-05-31,DS1048,Mumbai,Tier 1,treated,203,196,7,0,15.11,35.0,49552.0
2026-05-31,DS1049,Jaipur,Tier 2,control,156,150,4,2,15.13,58.0,33198.0
2026-05-31,DS1050,Chennai,Tier 1,control,171,163,5,3,15.25,46.3,43083.0
2026-05-31,DS1051,Chennai,Tier 1,control,241,231,7,3,16.17,35.7,57245.0
2026-05-31,DS1052,Jaipur,Tier 2,control,101,95,4,2,15.91,36.9,21091.0
2026-05-31,DS1053,Bhopal,Tier 2,control,82,77,5,0,16.32,35.0,14973.0
2026-05-31,DS1054,Pune,Tier 1,control,229,218,9,2,17.83,35.0,49609.0
2026-05-31,DS1055,Delhi NCR,Tier 1,treated,180,171,5,4,11.94,85.8,41349.0
2026-05-31,DS1056,Delhi NCR,Tier 1,treated,296,283,11,2,15.65,43.9,75466.0
2026-05-31,DS1057,Delhi NCR,Tier 1,treated,205,195,6,4,16.24,35.0,42875.0
2026-05-31,DS1058,Chennai,Tier 1,control,253,240,10,3,16.9,35.0,66553.0
2026-05-31,DS1059,Mumbai,Tier 1,treated,220,211,9,0,14.74,48.6,62854.0
2026-06-01,DS1000,Pune,Tier 1,control,249,238,8,3,17.17,35.0,57169.0
2026-06-01,DS1001,Bengaluru,Tier 1,treated,220,210,7,3,18.95,35.0,51486.0
2026-06-01,DS1002,Mumbai,Tier 1,treated,201,194,6,1,13.08,67.3,42607.0
2026-06-01,DS1003,Lucknow,Tier 2,control,115,106,7,2,14.66,59.1,23043.0
2026-06-01,DS1004,Pune,Tier 1,control,168,160,6,2,14.66,44.9,39192.0
2026-06-01,DS1005,Pune,Tier 1,control,166,160,3,3,17.11,35.0,38914.0
2026-06-01,DS1006,Pune,Tier 1,control,269,257,8,4,14.74,56.2,64411.0
2026-06-01,DS1007,Mumbai,Tier 1,treated,208,197,5,6,12.37,75.2,52897.0
2026-06-01,DS1008,Chennai,Tier 1,control,221,213,6,2,17.9,35.0,55516.0
2026-06-01,DS1009,Hyderabad,Tier 1,control,266,251,12,3,16.0,38.7,68416.0
2026-06-01,DS1010,Lucknow,Tier 2,control,95,89,6,0,17.76,35.0,12365.0
2026-06-01,DS1011,Pune,Tier 1,control,190,179,6,5,19.22,35.0,41417.0
2026-06-01,DS1012,Bengaluru,Tier 1,treated,204,192,7,5,15.47,47.0,42702.0
2026-06-01,DS1013,Pune,Tier 1,control,222,215,6,1,17.38,35.0,53176.0
2026-06-01,DS1014,Hyderabad,Tier 1,control,216,203,10,3,18.79,35.0,44298.0
2026-06-01,DS1015,Jaipur,Tier 2,control,139,130,8,1,17.14,35.0,31274.0
2026-06-01,DS1016,Mumbai,Tier 1,treated,227,224,2,1,15.05,50.0,62673.0
2026-06-01,DS1017,Chennai,Tier 1,control,168,157,7,4,15.47,45.1,40123.0
2026-06-01,DS1018,Bhopal,Tier 2,control,96,90,6,0,17.3,35.0,18716.0
2026-06-01,DS1019,Hyderabad,Tier 1,control,249,232,11,6,19.89,35.0,60606.0
2026-06-01,DS1020,Jaipur,Tier 2,control,134,122,10,2,17.76,35.0,24909.0
2026-06-01,DS1021,Bengaluru,Tier 1,treated,146,138,7,1,14.27,57.5,24753.0
2026-06-01,DS1022,Lucknow,Tier 2,control,153,143,8,2,16.85,35.0,29872.0
2026-06-01,DS1023,Mumbai,Tier 1,treated,242,226,13,3,15.49,43.0,53111.0
2026-06-01,DS1024,Mumbai,Tier 1,treated,299,280,13,6,16.65,35.0,68135.0
2026-06-01,DS1025,Jaipur,Tier 2,control,104,100,3,1,16.33,35.0,21535.0
2026-06-01,DS1026,Delhi NCR,Tier 1,treated,212,203,4,5,15.21,48.3,47311.0
2026-06-01,DS1027,Mumbai,Tier 1,treated,156,148,7,1,14.32,67.0,39311.0
2026-06-01,DS1028,Bhopal,Tier 2,control,171,165,6,0,16.59,35.0,30663.0
2026-06-01,DS1029,Jaipur,Tier 2,control,123,118,3,2,16.55,35.0,23135.0
2026-06-01,DS1030,Pune,Tier 1,control,298,285,11,2,17.62,35.0,74546.0
2026-06-01,DS1031,Mumbai,Tier 1,treated,195,193,2,0,12.86,77.7,46484.0
2026-06-01,DS1032,Chennai,Tier 1,control,215,207,7,1,18.89,35.0,49564.0
2026-06-01,DS1033,Jaipur,Tier 2,control,82,81,1,0,19.5,35.0,16363.0
2026-06-01,DS1034,Mumbai,Tier 1,treated,216,202,11,3,15.63,43.3,38038.0
2026-06-01,DS1035,Pune,Tier 1,control,269,251,14,4,18.12,35.0,58186.0
2026-06-01,DS1036,Lucknow,Tier 2,control,99,93,4,2,14.04,58.5,22362.0
2026-06-01,DS1037,Lucknow,Tier 2,control,157,150,5,2,16.72,38.4,24445.0
2026-06-01,DS1038,Delhi NCR,Tier 1,treated,252,239,10,3,12.15,75.4,48193.0
2026-06-01,DS1039,Lucknow,Tier 2,control,105,100,2,3,14.52,50.4,28106.0
2026-06-01,DS1040,Hyderabad,Tier 1,control,195,189,4,2,18.96,35.0,41714.0
2026-06-01,DS1041,Lucknow,Tier 2,control,108,102,5,1,18.16,35.0,21291.0
2026-06-01,DS1042,Jaipur,Tier 2,control,105,100,4,1,16.94,35.0,19795.0
2026-06-01,DS1043,Indore,Tier 2,control,106,101,5,0,12.45,73.9,26134.0
2026-06-01,DS1044,Bengaluru,Tier 1,treated,197,189,7,1,13.74,63.5,48870.0
2026-06-01,DS1045,Delhi NCR,Tier 1,treated,218,202,12,4,11.88,76.2,44712.0
2026-06-01,DS1046,Bengaluru,Tier 1,treated,173,159,11,3,15.44,35.0,36925.0
2026-06-01,DS1047,Bengaluru,Tier 1,treated,182,169,9,4,18.08,35.0,36834.0
2026-06-01,DS1048,Mumbai,Tier 1,treated,213,199,10,4,17.11,35.0,45835.0
2026-06-01,DS1049,Jaipur,Tier 2,control,169,162,4,3,15.64,48.0,28230.0
2026-06-01,DS1050,Chennai,Tier 1,control,169,160,5,4,14.01,58.6,36503.0
2026-06-01,DS1051,Chennai,Tier 1,control,234,224,8,2,17.94,35.0,48764.0
2026-06-01,DS1052,Jaipur,Tier 2,control,100,97,2,1,16.9,35.0,22917.0
2026-06-01,DS1053,Bhopal,Tier 2,control,123,114,5,4,16.0,43.8,26239.0
2026-06-01,DS1054,Pune,Tier 1,control,270,258,8,4,15.59,40.5,66403.0
2026-06-01,DS1055,Delhi NCR,Tier 1,treated,204,197,5,2,12.5,76.7,44428.0
2026-06-01,DS1056,Delhi NCR,Tier 1,treated,280,268,8,4,16.83,35.0,61802.0
2026-06-01,DS1057,Delhi NCR,Tier 1,treated,190,184,3,3,18.33,35.0,52667.0
2026-06-01,DS1058,Chennai,Tier 1,control,253,247,5,1,18.49,35.0,62760.0
2026-06-01,DS1059,Mumbai,Tier 1,treated,203,192,8,3,14.85,53.8,50649.0
2026-06-02,DS1000,Pune,Tier 1,control,230,219,10,1,19.35,35.0,49057.0
2026-06-02,DS1001,Bengaluru,Tier 1,treated,230,220,7,3,18.25,35.0,57032.0
2026-06-02,DS1002,Mumbai,Tier 1,treated,204,196,6,2,15.9,46.9,44687.0
2026-06-02,DS1003,Lucknow,Tier 2,control,110,106,2,2,16.47,36.9,22044.0
2026-06-02,DS1004,Pune,Tier 1,control,179,170,8,1,16.48,38.1,37631.0
2026-06-02,DS1005,Pune,Tier 1,control,150,143,7,0,16.97,35.0,38850.0
2026-06-02,DS1006,Pune,Tier 1,control,274,260,10,4,14.95,50.4,62132.0
2026-06-02,DS1007,Mumbai,Tier 1,treated,216,209,6,1,12.22,85.7,42799.0
2026-06-02,DS1008,Chennai,Tier 1,control,220,211,6,3,20.49,35.0,49149.0
2026-06-02,DS1009,Hyderabad,Tier 1,control,266,251,10,5,14.96,55.0,55545.0
2026-06-02,DS1010,Lucknow,Tier 2,control,83,80,2,1,18.5,35.0,18433.0
2026-06-02,DS1011,Pune,Tier 1,control,174,164,7,3,19.44,35.0,36969.0
2026-06-02,DS1012,Bengaluru,Tier 1,treated,206,197,8,1,15.99,40.0,52637.0
2026-06-02,DS1013,Pune,Tier 1,control,236,228,5,3,17.29,35.0,39504.0
2026-06-02,DS1014,Hyderabad,Tier 1,control,200,196,3,1,20.7,35.0,40422.0
2026-06-02,DS1015,Jaipur,Tier 2,control,147,141,3,3,16.48,39.0,31592.0
2026-06-02,DS1016,Mumbai,Tier 1,treated,195,186,6,3,14.03,62.2,43146.0
2026-06-02,DS1017,Chennai,Tier 1,control,167,158,6,3,14.36,59.8,40284.0
2026-06-02,DS1018,Bhopal,Tier 2,control,118,114,4,0,16.96,35.0,20207.0
2026-06-02,DS1019,Hyderabad,Tier 1,control,246,235,9,2,20.76,35.0,48177.0
2026-06-02,DS1020,Jaipur,Tier 2,control,151,146,3,2,19.61,35.0,30560.0
2026-06-02,DS1021,Bengaluru,Tier 1,treated,142,134,5,3,-1.3310000000000002,64.0,30843.0
2026-06-02,DS1022,Lucknow,Tier 2,control,162,154,6,2,14.8,52.9,38868.0
2026-06-02,DS1023,Mumbai,Tier 1,treated,245,232,10,3,15.53,50.0,50266.0
2026-06-02,DS1024,Mumbai,Tier 1,treated,266,254,11,1,14.66,56.2,51683.0
2026-06-02,DS1025,Jaipur,Tier 2,control,135,129,5,1,16.27,35.1,22386.0
2026-06-02,DS1026,Delhi NCR,Tier 1,treated,186,182,1,3,16.53,35.0,34385.0
2026-06-02,DS1027,Mumbai,Tier 1,treated,171,168,1,2,15.19,46.0,33800.0
2026-06-02,DS1028,Bhopal,Tier 2,control,177,167,6,4,18.39,35.0,31711.0
2026-06-02,DS1029,Jaipur,Tier 2,control,115,106,6,3,17.25,35.0,21628.0
2026-06-02,DS1030,Pune,Tier 1,control,328,316,5,7,18.6,35.0,69352.0
2026-06-02,DS1031,Mumbai,Tier 1,treated,210,199,8,3,15.71,43.8,49865.0
2026-06-02,DS1032,Chennai,Tier 1,control,250,237,7,6,17.29,35.0,56466.0
2026-06-02,DS1033,Jaipur,Tier 2,control,90,86,2,2,19.08,35.0,14060.0
2026-06-02,DS1034,Mumbai,Tier 1,treated,188,176,10,2,15.87,45.3,41911.0
2026-06-02,DS1035,Pune,Tier 1,control,265,254,9,2,17.73,35.0,51792.0
2026-06-02,DS1036,Lucknow,Tier 2,control,104,97,5,2,13.74,61.9,22701.0
2026-06-02,DS1037,Lucknow,Tier 2,control,130,127,3,0,18.07,35.0,28163.0
2026-06-02,DS1038,Delhi NCR,Tier 1,treated,211,198,12,1,11.3,88.2,41731.0
2026-06-02,DS1039,Lucknow,Tier 2,control,109,104,4,1,15.96,37.9,26502.0
2026-06-02,DS1040,Hyderabad,Tier 1,control,201,197,4,0,17.82,35.0,36545.0
2026-06-02,DS1041,Lucknow,Tier 2,control,124,121,1,2,17.81,35.0,26862.0
2026-06-02,DS1042,Jaipur,Tier 2,control,136,131,4,1,16.79,35.0,25083.0
2026-06-02,DS1043,Indore,Tier 2,control,111,106,4,1,14.39,53.5,23913.0
2026-06-02,DS1044,Bengaluru,Tier 1,treated,201,192,8,1,13.33,69.9,45554.0
2026-06-02,DS1045,Delhi NCR,Tier 1,treated,230,219,8,3,12.38,76.7,46212.0
2026-06-02,DS1046,Bengaluru,Tier 1,treated,198,186,11,1,15.63,52.7,29558.0
2026-06-02,DS1047,Bengaluru,Tier 1,treated,171,162,8,1,18.96,35.0,39789.0
2026-06-02,DS1048,Mumbai,Tier 1,treated,237,227,8,2,15.34,55.9,54520.0
2026-06-02,DS1049,Jaipur,Tier 2,control,160,152,4,4,14.78,54.9,31133.0
2026-06-02,DS1050,Chennai,Tier 1,control,159,151,6,2,15.93,39.9,32057.0
2026-06-02,DS1051,Chennai,Tier 1,control,240,231,8,1,17.26,35.0,67389.0
2026-06-02,DS1052,Jaipur,Tier 2,control,125,121,3,1,15.59,47.1,25123.0
2026-06-02,DS1053,Bhopal,Tier 2,control,99,90,5,4,13.4,66.1,19436.0
2026-06-02,DS1054,Pune,Tier 1,control,253,239,11,3,15.4,46.7,60475.0
2026-06-02,DS1055,Delhi NCR,Tier 1,treated,187,178,7,2,12.19,81.6,46055.0
2026-06-02,DS1056,Delhi NCR,Tier 1,treated,266,255,10,1,17.95,35.0,53098.0
2026-06-02,DS1057,Delhi NCR,Tier 1,treated,201,199,1,1,16.08,43.4,43288.0
2026-06-02,DS1058,Chennai,Tier 1,control,233,231,2,0,19.16,35.0,51198.0
2026-06-02,DS1059,Mumbai,Tier 1,treated,236,221,7,8,17.37,35.0,49855.0
2026-06-03,DS1000,Pune,Tier 1,control,235,223,11,1,17.86,35.0,51872.0
2026-06-03,DS1001,Bengaluru,Tier 1,treated,212,205,6,1,17.77,35.0,46501.0
2026-06-03,DS1002,Mumbai,Tier 1,treated,190,181,6,3,15.52,43.7,40980.0
2026-06-03,DS1003,Lucknow,Tier 2,control,122,113,8,1,17.21,35.0,25632.0
2026-06-03,DS1004,Pune,Tier 1,control,189,184,2,3,14.01,61.3,53205.0
2026-06-03,DS1005,Pune,Tier 1,control,149,144,4,1,17.15,35.0,34460.0
2026-06-03,DS1006,Pune,Tier 1,control,251,244,6,1,14.86,53.1,55192.0
2026-06-03,DS1007,Mumbai,Tier 1,treated,208,199,8,1,12.58,79.9,48246.0
2026-06-03,DS1008,Chennai,Tier 1,control,219,208,8,3,18.59,35.0,51124.0
2026-06-03,DS1009,Hyderabad,Tier 1,control,255,248,5,2,14.67,51.3,60760.0
2026-06-03,DS1010,Lucknow,Tier 2,control,87,84,2,1,19.29,35.0,12869.0
2026-06-03,DS1011,Pune,Tier 1,control,185,173,8,4,17.74,35.0,33101.0
2026-06-03,DS1012,Bengaluru,Tier 1,treated,222,209,11,2,16.01,37.5,51926.0
2026-06-03,DS1013,Pune,Tier 1,control,199,190,8,1,16.98,35.0,45018.0
2026-06-03,DS1014,Hyderabad,Tier 1,control,207,202,4,1,19.11,35.0,50303.0
2026-06-03,DS1015,Jaipur,Tier 2,control,157,141,12,4,15.9,35.0,29813.0
2026-06-03,DS1016,Mumbai,Tier 1,treated,214,210,2,2,14.56,55.4,56349.0
2026-06-03,DS1017,Chennai,Tier 1,control,172,165,4,3,13.93,63.0,34781.0
2026-06-03,DS1018,Bhopal,Tier 2,control,112,107,5,0,16.14,38.8,21419.0
2026-06-03,DS1019,Hyderabad,Tier 1,control,255,243,9,3,18.7,35.0,60880.0
2026-06-03,DS1020,Jaipur,Tier 2,control,115,107,6,2,18.39,35.0,19435.0
2026-06-03,DS1021,Bengaluru,Tier 1,treated,161,155,6,0,12.92,67.4,40916.0
2026-06-03,DS1022,Lucknow,Tier 2,control,143,137,4,2,14.85,46.2,33022.0
2026-06-03,DS1023,Mumbai,Tier 1,treated,263,252,7,4,14.28,59.6,59795.0
2026-06-03,DS1024,Mumbai,Tier 1,treated,286,276,9,1,15.5,38.3,70202.0
2026-06-03,DS1025,Jaipur,Tier 2,control,106,104,2,0,16.96,35.0,21666.0
2026-06-03,DS1026,Delhi NCR,Tier 1,treated,195,185,7,3,15.95,42.9,50108.0
2026-06-03,DS1027,Mumbai,Tier 1,treated,185,177,6,2,14.49,56.7,45462.0
2026-06-03,DS1028,Bhopal,Tier 2,control,205,197,8,0,17.52,35.0,45076.0
2026-06-03,DS1029,Jaipur,Tier 2,control,118,113,5,0,14.62,57.2,25705.0
2026-06-03,DS1030,Pune,Tier 1,control,294,284,8,2,17.66,35.0,77190.0
2026-06-03,DS1031,Mumbai,Tier 1,treated,190,177,8,5,15.35,40.1,44910.0
2026-06-03,DS1032,Chennai,Tier 1,control,218,212,3,3,16.52,35.0,50048.0
2026-06-03,DS1033,Jaipur,Tier 2,control,102,101,1,0,18.19,35.0,22008.0
2026-06-03,DS1034,Mumbai,Tier 1,treated,210,199,9,2,16.73,35.0,47927.0
2026-06-03,DS1035,Pune,Tier 1,control,253,240,13,0,16.61,35.0,60271.0
2026-06-03,DS1036,Lucknow,Tier 2,control,89,88,1,0,14.0,65.1,17364.0
2026-06-03,DS1037,Lucknow,Tier 2,control,153,149,2,2,17.61,35.0,33022.0
2026-06-03,DS1038,Delhi NCR,Tier 1,treated,212,208,4,0,12.63,69.6,47442.0
2026-06-03,DS1039,Lucknow,Tier 2,control,71,71,0,0,14.63,62.8,12741.0
2026-06-03,DS1040,Hyderabad,Tier 1,control,196,187,6,3,18.01,35.0,48753.0
2026-06-03,DS1041,Lucknow,Tier 2,control,114,108,6,0,17.84,35.0,22806.0
2026-06-03,DS1042,Jaipur,Tier 2,control,127,124,3,0,15.15,52.4,26040.0
2026-06-03,DS1043,Indore,Tier 2,control,115,110,4,1,13.43,70.6,25863.0
2026-06-03,DS1044,Bengaluru,Tier 1,treated,184,173,10,1,14.67,57.1,41460.0
2026-06-03,DS1045,Delhi NCR,Tier 1,treated,201,195,6,0,14.24,54.2,36472.0
2026-06-03,DS1046,Bengaluru,Tier 1,treated,165,159,6,0,17.18,35.0,35782.0
2026-06-03,DS1047,Bengaluru,Tier 1,treated,159,152,7,0,18.38,35.0,39356.0
2026-06-03,DS1048,Mumbai,Tier 1,treated,216,206,7,3,15.53,44.1,44010.0
2026-06-03,DS1049,Jaipur,Tier 2,control,136,132,2,2,16.08,40.1,32884.0
2026-06-03,DS1050,Chennai,Tier 1,control,177,168,5,4,11.73,77.2,38778.0
2026-06-03,DS1051,Chennai,Tier 1,control,231,223,6,2,16.02,38.7,57014.0
2026-06-03,DS1052,Jaipur,Tier 2,control,105,100,5,0,16.22,41.9,27778.0
2026-06-03,DS1053,Bhopal,Tier 2,control,90,84,3,3,14.32,57.6,15417.0
2026-06-03,DS1054,Pune,Tier 1,control,257,249,4,4,17.99,35.0,65189.0
2026-06-03,DS1055,Delhi NCR,Tier 1,treated,200,192,7,1,13.26,77.0,43341.0
2026-06-03,DS1056,Delhi NCR,Tier 1,treated,283,271,10,2,16.27,35.0,64419.0
2026-06-03,DS1057,Delhi NCR,Tier 1,treated,185,177,7,1,15.64,40.6,41217.0
2026-06-03,DS1058,Chennai,Tier 1,control,242,228,12,2,19.24,35.0,48579.0
2026-06-03,DS1059,Mumbai,Tier 1,treated,185,182,0,3,13.41,68.9,42979.0
2026-06-04,DS1000,Pune,Tier 1,control,228,219,7,2,16.68,35.0,46203.0
2026-06-04,DS1001,Bengaluru,Tier 1,treated,215,203,12,0,18.65,35.0,51471.0
2026-06-04,DS1002,Mumbai,Tier 1,treated,194,189,3,2,13.91,68.9,42404.0
2026-06-04,DS1003,Lucknow,Tier 2,control,133,126,7,0,16.19,38.8,19878.0
2026-06-04,DS1004,Pune,Tier 1,control,163,155,5,3,16.85,35.0,34775.0
2026-06-04,DS1005,Pune,Tier 1,control,174,163,9,2,17.02,35.0,26318.0
2026-06-04,DS1006,Pune,Tier 1,control,270,256,9,5,15.69,45.0,61398.0
2026-06-04,DS1007,Mumbai,Tier 1,treated,214,204,8,2,13.52,70.6,43652.0
2026-06-04,DS1008,Chennai,Tier 1,control,180,173,5,2,19.03,35.0,39506.0
2026-06-04,DS1009,Hyderabad,Tier 1,control,264,253,8,3,14.94,48.2,65356.0
2026-06-04,DS1010,Lucknow,Tier 2,control,88,87,1,0,19.36,35.0,22969.0
2026-06-04,DS1011,Pune,Tier 1,control,189,181,6,2,20.05,35.0,51876.0
2026-06-04,DS1012,Bengaluru,Tier 1,treated,213,204,5,4,17.32,35.0,45907.0
2026-06-04,DS1013,Pune,Tier 1,control,235,224,6,5,16.38,35.0,50110.0
2026-06-04,DS1014,Hyderabad,Tier 1,control,204,198,5,1,17.85,35.0,46740.0
2026-06-04,DS1015,Jaipur,Tier 2,control,154,145,7,2,16.55,36.3,29614.0
2026-06-04,DS1016,Mumbai,Tier 1,treated,237,228,8,1,15.03,49.5,59472.0
2026-06-04,DS1017,Chennai,Tier 1,control,167,158,9,0,14.82,53.6,39281.0
2026-06-04,DS1018,Bhopal,Tier 2,control,111,105,4,2,16.5,35.0,20391.0
2026-06-04,DS1019,Hyderabad,Tier 1,control,263,254,8,1,19.71,35.0,47521.0
2026-06-04,DS1020,Jaipur,Tier 2,control,140,133,5,2,18.98,35.0,25304.0
2026-06-04,DS1021,Bengaluru,Tier 1,treated,143,139,2,2,14.25,56.8,36363.0
2026-06-04,DS1022,Lucknow,Tier 2,control,147,144,2,1,14.24,58.9,28497.0
2026-06-04,DS1023,Mumbai,Tier 1,treated,225,207,12,6,16.19,35.0,43376.0
2026-06-04,DS1024,Mumbai,Tier 1,treated,262,252,8,2,14.84,51.9,60162.0
2026-06-04,DS1025,Jaipur,Tier 2,control,131,123,6,2,17.47,35.0,21187.0
2026-06-04,DS1026,Delhi NCR,Tier 1,treated,218,210,4,4,16.39,35.0,44857.0
2026-06-04,DS1027,Mumbai,Tier 1,treated,175,167,5,3,16.36,36.6,38330.0
2026-06-04,DS1028,Bhopal,Tier 2,control,163,155,4,4,17.12,35.0,27215.0
2026-06-04,DS1029,Jaipur,Tier 2,control,119,117,2,0,16.38,35.0,24813.0
2026-06-04,DS1030,Pune,Tier 1,control,271,260,7,4,17.13,35.0,67082.0
2026-06-04,DS1031,Mumbai,Tier 1,treated,195,185,7,3,15.26,55.8,45097.0
2026-06-04,DS1032,Chennai,Tier 1,control,230,218,9,3,17.94,35.0,44378.0
2026-06-04,DS1033,Jaipur,Tier 2,control,97,94,3,0,19.09,35.0,17640.0
2026-06-04,DS1034,Mumbai,Tier 1,treated,196,180,12,4,15.02,50.2,39143.0
2026-06-04,DS1035,Pune,Tier 1,control,236,227,8,1,17.38,35.0,52214.0
2026-06-04,DS1036,Lucknow,Tier 2,control,103,101,2,0,13.01,69.2,20952.0
2026-06-04,DS1037,Lucknow,Tier 2,control,146,142,2,2,17.24,35.0,26909.0
2026-06-04,DS1038,Delhi NCR,Tier 1,treated,236,226,9,1,12.91,74.1,48376.0
2026-06-04,DS1039,Lucknow,Tier 2,control,110,105,5,0,15.74,47.5,24539.0
2026-06-04,DS1040,Hyderabad,Tier 1,control,199,192,4,3,17.28,35.0,42778.0
2026-06-04,DS1041,Lucknow,Tier 2,control,120,113,4,3,18.21,35.0,27736.0
2026-06-04,DS1042,Jaipur,Tier 2,control,127,122,3,2,14.98,37.7,27860.0
2026-06-04,DS1043,Indore,Tier 2,control,106,105,0,1,13.35,71.9,24487.0
2026-06-04,DS1044,Bengaluru,Tier 1,treated,178,171,6,1,14.6,63.9,34438.0
2026-06-04,DS1045,Delhi NCR,Tier 1,treated,184,173,4,7,14.05,61.5,37466.0
2026-06-04,DS1046,Bengaluru,Tier 1,treated,189,181,5,3,16.22,35.4,41361.0
2026-06-04,DS1047,Bengaluru,Tier 1,treated,169,160,7,2,18.7,35.0,39999.0
2026-06-04,DS1048,Mumbai,Tier 1,treated,200,190,6,4,14.07,58.7,42812.0
2026-06-04,DS1049,Jaipur,Tier 2,control,149,145,2,2,16.61,35.0,29524.0
2026-06-04,DS1050,Chennai,Tier 1,control,143,134,8,1,15.65,36.6,33595.0
2026-06-04,DS1051,Chennai,Tier 1,control,209,198,9,2,16.46,35.0,35470.0
2026-06-04,DS1052,Jaipur,Tier 2,control,81,79,1,1,17.54,35.0,16622.0
2026-06-04,DS1053,Bhopal,Tier 2,control,113,108,3,2,14.48,56.2,22656.0
2026-06-04,DS1054,Pune,Tier 1,control,255,246,8,1,18.83,35.0,60960.0
2026-06-04,DS1055,Delhi NCR,Tier 1,treated,193,184,6,3,12.75,73.0,50798.0
2026-06-04,DS1056,Delhi NCR,Tier 1,treated,282,263,14,5,16.97,35.0,70522.0
2026-06-04,DS1057,Delhi NCR,Tier 1,treated,192,182,8,2,14.34,59.1,45405.0
2026-06-04,DS1058,Chennai,Tier 1,control,208,204,4,0,18.82,35.0,49888.0
2026-06-04,DS1059,Mumbai,Tier 1,treated,207,198,6,3,14.29,61.1,32425.0
2026-06-05,DS1000,Pune,Tier 1,control,267,254,9,4,17.19,35.0,60060.0
2026-06-05,DS1001,Bengaluru,Tier 1,treated,249,238,8,3,16.42,39.0,62241.0
2026-06-05,DS1002,Mumbai,Tier 1,treated,267,257,6,4,14.34,54.1,76999.0
2026-06-05,DS1003,Lucknow,Tier 2,control,131,123,7,1,16.92,35.0,26256.0
2026-06-05,DS1004,Pune,Tier 1,control,213,204,6,3,13.63,65.8,46676.0
2026-06-05,DS1005,Pune,Tier 1,control,178,171,7,0,17.25,35.0,42933.0
2026-06-05,DS1006,Pune,Tier 1,control,303,283,15,5,13.82,61.3,71421.0
2026-06-05,DS1007,Mumbai,Tier 1,treated,264,254,8,2,11.97,79.8,61385.0
2026-06-05,DS1008,Chennai,Tier 1,control,284,270,6,8,18.76,35.0,49708.0
2026-06-05,DS1009,Hyderabad,Tier 1,control,321,309,8,4,16.15,39.1,80081.0
2026-06-05,DS1010,Lucknow,Tier 2,control,116,110,5,1,17.08,35.0,19920.0
2026-06-05,DS1011,Pune,Tier 1,control,221,210,9,2,21.04,35.0,56804.0
2026-06-05,DS1012,Bengaluru,Tier 1,treated,248,243,2,3,14.3,58.8,57269.0
2026-06-05,DS1013,Pune,Tier 1,control,292,279,9,4,16.92,35.0,76710.0
2026-06-05,DS1014,Hyderabad,Tier 1,control,259,250,7,2,19.57,35.0,60519.0
2026-06-05,DS1015,Jaipur,Tier 2,control,174,166,6,2,16.78,35.0,31349.0
2026-06-05,DS1016,Mumbai,Tier 1,treated,277,269,5,3,14.15,61.9,74374.0
2026-06-05,DS1017,Chennai,Tier 1,control,216,203,11,2,15.33,45.1,48314.0
2026-06-05,DS1018,Bhopal,Tier 2,control,130,123,4,3,16.78,35.0,23628.0
2026-06-05,DS1019,Hyderabad,Tier 1,control,314,302,10,2,18.88,35.0,81927.0
2026-06-05,DS1020,Jaipur,Tier 2,control,145,136,7,2,17.97,35.0,27890.0
2026-06-05,DS1021,Bengaluru,Tier 1,treated,169,165,4,0,13.91,72.3,34844.0
2026-06-05,DS1022,Lucknow,Tier 2,control,161,154,4,3,14.9,52.5,31164.0
2026-06-05,DS1023,Mumbai,Tier 1,treated,259,249,7,3,15.71,39.3,64225.0
2026-06-05,DS1024,Mumbai,Tier 1,treated,340,329,7,4,15.58,42.3,82852.0
2026-06-05,DS1025,Jaipur,Tier 2,control,151,143,7,1,15.39,42.8,28645.0
2026-06-05,DS1026,Delhi NCR,Tier 1,treated,236,221,12,3,13.91,65.2,54522.0
2026-06-05,DS1027,Mumbai,Tier 1,treated,208,194,13,1,14.8,61.0,47231.0
2026-06-05,DS1028,Bhopal,Tier 2,control,211,199,8,4,15.48,39.8,51567.0
2026-06-05,DS1029,Jaipur,Tier 2,control,141,137,4,0,17.2,35.0,24766.0
2026-06-05,DS1030,Pune,Tier 1,control,295,285,9,1,17.41,35.0,67714.0
2026-06-05,DS1031,Mumbai,Tier 1,treated,210,196,10,4,15.47,49.8,41229.0
2026-06-05,DS1032,Chennai,Tier 1,control,236,231,3,2,17.72,35.0,50958.0
2026-06-05,DS1033,Jaipur,Tier 2,control,86,81,3,2,19.64,35.0,15837.0
2026-06-05,DS1034,Mumbai,Tier 1,treated,264,257,6,1,15.08,49.3,72000.0
2026-06-05,DS1035,Pune,Tier 1,control,312,299,11,2,16.96,35.0,56222.0
2026-06-05,DS1036,Lucknow,Tier 2,control,108,102,4,2,14.53,58.3,17170.0
2026-06-05,DS1037,Lucknow,Tier 2,control,169,157,8,4,18.77,35.0,31693.0
2026-06-05,DS1038,Delhi NCR,Tier 1,treated,299,287,8,4,11.27,85.2,73882.0
2026-06-05,DS1039,Lucknow,Tier 2,control,131,127,3,1,14.34,53.8,21823.0
2026-06-05,DS1040,Hyderabad,Tier 1,control,223,213,8,2,18.86,35.0,55779.0
2026-06-05,DS1041,Lucknow,Tier 2,control,145,136,6,3,17.85,35.0,22261.0
2026-06-05,DS1042,Jaipur,Tier 2,control,136,132,2,2,15.92,37.9,33259.0
2026-06-05,DS1043,Indore,Tier 2,control,150,144,4,2,12.72,75.4,28910.0
2026-06-05,DS1044,Bengaluru,Tier 1,treated,208,196,9,3,13.27,59.4,47229.0
2026-06-05,DS1045,Delhi NCR,Tier 1,treated,226,216,7,3,11.64,88.5,55721.0
2026-06-05,DS1046,Bengaluru,Tier 1,treated,223,213,7,3,17.51,35.0,47497.0
2026-06-05,DS1047,Bengaluru,Tier 1,treated,176,172,4,0,19.62,35.0,44534.0
2026-06-05,DS1048,Mumbai,Tier 1,treated,262,250,11,1,16.33,35.0,62929.0
2026-06-05,DS1049,Jaipur,Tier 2,control,183,177,4,2,14.1,59.7,35551.0
2026-06-05,DS1050,Chennai,Tier 1,control,182,172,8,2,15.22,49.3,38551.0
2026-06-05,DS1051,Chennai,Tier 1,control,269,258,8,3,17.1,35.0,47050.0
2026-06-05,DS1052,Jaipur,Tier 2,control,138,134,3,1,15.46,45.4,22803.0
2026-06-05,DS1053,Bhopal,Tier 2,control,138,131,6,1,15.18,52.6,28990.0
2026-06-05,DS1054,Pune,Tier 1,control,290,275,9,6,19.21,35.0,66848.0
2026-06-05,DS1055,Delhi NCR,Tier 1,treated,291,282,8,1,11.85,83.5,65744.0
2026-06-05,DS1056,Delhi NCR,Tier 1,treated,359,343,11,5,16.87,35.0,76636.0
2026-06-05,DS1057,Delhi NCR,Tier 1,treated,228,215,12,1,16.45,35.0,57892.0
2026-06-05,DS1058,Chennai,Tier 1,control,265,256,9,0,19.57,35.0,63257.0
2026-06-05,DS1059,Mumbai,Tier 1,treated,260,248,7,5,14.76,54.2,64559.0
2026-06-06,DS1000,Pune,Tier 1,control,299,286,8,5,17.53,35.0,76529.0
2026-06-06,DS1001,Bengaluru,Tier 1,treated,252,241,9,2,18.24,35.0,50593.0
2026-06-06,DS1002,Mumbai,Tier 1,treated,254,238,10,6,15.67,42.5,57824.0
2026-06-06,DS1003,Lucknow,Tier 2,control,110,105,4,1,16.98,35.0,25371.0
2026-06-06,DS1004,Pune,Tier 1,control,229,224,4,1,13.9,63.1,45469.0
2026-06-06,DS1005,Pune,Tier 1,control,168,160,5,3,18.59,35.0,43674.0
2026-06-06,DS1006,Pune,Tier 1,control,276,260,12,4,15.0,50.0,60961.0
2026-06-06,DS1007,Mumbai,Tier 1,treated,269,258,6,5,13.1,69.5,52218.0
2026-06-06,DS1008,Chennai,Tier 1,control,261,248,11,2,18.7,35.0,57391.0
2026-06-06,DS1009,Hyderabad,Tier 1,control,304,295,5,4,13.8,72.3,55890.0
2026-06-06,DS1010,Lucknow,Tier 2,control,109,109,0,0,18.34,35.0,22991.0
2026-06-06,DS1011,Pune,Tier 1,control,231,215,12,4,19.03,35.0,54897.0
2026-06-06,DS1012,Bengaluru,Tier 1,treated,283,271,10,2,15.94,40.4,69933.0
2026-06-06,DS1013,Pune,Tier 1,control,255,242,10,3,16.9,35.0,70529.0
2026-06-06,DS1014,Hyderabad,Tier 1,control,257,247,8,2,19.82,35.0,62537.0
2026-06-06,DS1015,Jaipur,Tier 2,control,185,179,5,1,16.5,35.0,38164.0
2026-06-06,DS1016,Mumbai,Tier 1,treated,290,278,8,4,13.9,58.1,62362.0
2026-06-06,DS1017,Chennai,Tier 1,control,218,206,8,4,15.79,43.0,54561.0
2026-06-06,DS1018,Bhopal,Tier 2,control,131,122,5,4,16.34,36.6,25338.0
2026-06-06,DS1019,Hyderabad,Tier 1,control,313,298,12,3,19.09,35.0,59826.0
2026-06-06,DS1020,Jaipur,Tier 2,control,195,184,8,3,17.29,35.0,37009.0
2026-06-06,DS1021,Bengaluru,Tier 1,treated,166,157,8,1,13.93,61.8,32361.0
2026-06-06,DS1022,Lucknow,Tier 2,control,174,163,7,4,16.34,35.0,29548.0
2026-06-06,DS1023,Mumbai,Tier 1,treated,273,260,11,2,13.85,58.6,59978.0
2026-06-06,DS1024,Mumbai,Tier 1,treated,324,308,11,5,14.86,50.7,79674.0
2026-06-06,DS1025,Jaipur,Tier 2,control,140,133,6,1,17.39,35.0,26741.0
2026-06-06,DS1026,Delhi NCR,Tier 1,treated,248,238,7,3,14.51,60.9,51518.0
2026-06-06,DS1027,Mumbai,Tier 1,treated,215,209,4,2,15.76,39.6,55756.0
2026-06-06,DS1028,Bhopal,Tier 2,control,210,195,13,2,17.95,35.0,38053.0
2026-06-06,DS1029,Jaipur,Tier 2,control,144,135,6,3,16.58,35.7,23758.0
2026-06-06,DS1030,Pune,Tier 1,control,348,333,11,4,16.96,35.0,75909.0
2026-06-06,DS1031,Mumbai,Tier 1,treated,214,202,7,5,11.92,78.7,50816.0
2026-06-06,DS1032,Chennai,Tier 1,control,257,237,15,5,18.04,35.0,55473.0
2026-06-06,DS1033,Jaipur,Tier 2,control,119,116,2,1,18.49,35.0,26235.0
2026-06-06,DS1034,Mumbai,Tier 1,treated,223,211,9,3,14.65,54.8,63341.0
2026-06-06,DS1035,Pune,Tier 1,control,329,319,5,5,17.48,35.0,75157.0
2026-06-06,DS1036,Lucknow,Tier 2,control,113,111,1,1,14.82,48.5,27269.0
2026-06-06,DS1037,Lucknow,Tier 2,control,169,165,3,1,18.03,35.0,37694.0
2026-06-06,DS1038,Delhi NCR,Tier 1,treated,259,245,11,3,10.55,93.1,61292.0
2026-06-06,DS1039,Lucknow,Tier 2,control,126,121,3,2,16.17,40.8,21284.0
2026-06-06,DS1040,Hyderabad,Tier 1,control,258,243,12,3,18.77,35.0,54755.0
2026-06-06,DS1041,Lucknow,Tier 2,control,132,131,1,0,17.73,35.0,26174.0
2026-06-06,DS1042,Jaipur,Tier 2,control,165,159,5,1,17.27,35.0,22392.0
2026-06-06,DS1043,Indore,Tier 2,control,124,118,4,2,14.86,52.5,24826.0
2026-06-06,DS1044,Bengaluru,Tier 1,treated,222,217,4,1,14.79,55.9,45477.0
2026-06-06,DS1045,Delhi NCR,Tier 1,treated,224,207,13,4,13.38,68.7,50609.0
2026-06-06,DS1046,Bengaluru,Tier 1,treated,202,188,12,2,17.09,35.0,41822.0
2026-06-06,DS1047,Bengaluru,Tier 1,treated,209,203,3,3,16.82,35.0,49971.0
2026-06-06,DS1048,Mumbai,Tier 1,treated,270,259,6,5,16.23,37.8,57091.0
2026-06-06,DS1049,Jaipur,Tier 2,control,185,171,10,4,15.36,43.5,42076.0
2026-06-06,DS1050,Chennai,Tier 1,control,188,181,3,4,15.03,53.8,38577.0
2026-06-06,DS1051,Chennai,Tier 1,control,249,237,9,3,16.46,35.0,52710.0
2026-06-06,DS1052,Jaipur,Tier 2,control,134,130,2,2,16.46,38.5,33520.0
2026-06-06,DS1053,Bhopal,Tier 2,control,116,115,1,0,14.08,66.5,17268.0
2026-06-06,DS1054,Pune,Tier 1,control,307,290,10,7,17.81,35.0,57962.0
2026-06-06,DS1055,Delhi NCR,Tier 1,treated,251,239,7,5,12.47,72.9,55717.0
2026-06-06,DS1056,Delhi NCR,Tier 1,treated,325,306,13,6,16.14,36.0,61576.0
2026-06-06,DS1057,Delhi NCR,Tier 1,treated,247,235,9,3,17.6,35.0,43492.0
2026-06-06,DS1058,Chennai,Tier 1,control,285,277,4,4,19.7,35.0,67402.0
2026-06-06,DS1059,Mumbai,Tier 1,treated,265,253,7,5,14.03,58.2,59044.0
2026-06-07,DS1000,Pune,Tier 1,control,235,223,7,5,17.13,35.0,39039.0
2026-06-07,DS1001,Bengaluru,Tier 1,treated,214,206,6,2,18.13,35.0,53549.0
2026-06-07,DS1002,Mumbai,Tier 1,treated,231,221,8,2,14.44,60.2,55259.0
2026-06-07,DS1003,Lucknow,Tier 2,control,143,138,5,0,17.84,35.0,26293.0
2026-06-07,DS1004,Pune,Tier 1,control,160,149,8,3,14.6,53.7,36334.0
2026-06-07,DS1005,Pune,Tier 1,control,157,146,9,2,17.19,35.0,33103.0
2026-06-07,DS1006,Pune,Tier 1,control,256,251,4,1,15.25,51.7,48847.0
2026-06-07,DS1007,Mumbai,Tier 1,treated,220,204,10,6,12.43,81.3,39016.0
2026-06-07,DS1008,Chennai,Tier 1,control,249,243,2,4,18.58,35.0,48536.0
2026-06-07,DS1009,Hyderabad,Tier 1,control,253,242,9,2,18.36,35.0,68120.0
2026-06-07,DS1010,Lucknow,Tier 2,control,103,97,6,0,19.07,35.0,17381.0
2026-06-07,DS1011,Pune,Tier 1,control,196,188,7,1,19.15,35.0,46062.0
2026-06-07,DS1012,Bengaluru,Tier 1,treated,217,209,6,2,16.24,35.0,48038.0
2026-06-07,DS1013,Pune,Tier 1,control,241,239,2,0,18.53,35.0,62905.0
2026-06-07,DS1014,Hyderabad,Tier 1,control,196,189,3,4,19.35,35.0,42684.0
2026-06-07,DS1015,Jaipur,Tier 2,control,137,132,3,2,16.97,35.0,22997.0
2026-06-07,DS1016,Mumbai,Tier 1,treated,234,224,8,2,15.27,39.7,55041.0
2026-06-07,DS1017,Chennai,Tier 1,control,185,172,10,3,14.61,54.7,38954.0
2026-06-07,DS1018,Bhopal,Tier 2,control,108,104,4,0,17.49,35.0,16206.0
2026-06-07,DS1019,Hyderabad,Tier 1,control,267,256,7,4,18.8,35.0,57291.0
2026-06-07,DS1020,Jaipur,Tier 2,control,136,134,2,0,19.07,35.0,25645.0
2026-06-07,DS1021,Bengaluru,Tier 1,treated,150,146,1,3,14.37,59.8,29446.0
2026-06-07,DS1022,Lucknow,Tier 2,control,159,151,6,2,16.3,35.4,29863.0
2026-06-07,DS1023,Mumbai,Tier 1,treated,231,225,5,1,12.85,80.1,44355.0
2026-06-07,DS1024,Mumbai,Tier 1,treated,270,257,9,4,13.54,58.8,70824.0
2026-06-07,DS1025,Jaipur,Tier 2,control,131,127,3,1,18.36,35.0,35181.0
2026-06-07,DS1026,Delhi NCR,Tier 1,treated,212,207,4,1,15.84,47.3,48258.0
2026-06-07,DS1027,Mumbai,Tier 1,treated,180,175,5,0,16.77,35.0,37048.0
2026-06-07,DS1028,Bhopal,Tier 2,control,191,183,7,1,17.48,35.0,36781.0
2026-06-07,DS1029,Jaipur,Tier 2,control,113,109,4,0,16.49,35.0,21011.0
2026-06-07,DS1030,Pune,Tier 1,control,250,240,7,3,17.66,35.0,56455.0
2026-06-07,DS1031,Mumbai,Tier 1,treated,204,187,12,5,15.6,50.3,42092.0
2026-06-07,DS1032,Chennai,Tier 1,control,212,204,5,3,17.66,35.0,52980.0
2026-06-07,DS1033,Jaipur,Tier 2,control,83,80,2,1,20.86,35.0,15459.0
2026-06-07,DS1034,Mumbai,Tier 1,treated,195,188,5,2,17.22,35.0,49378.0
2026-06-07,DS1035,Pune,Tier 1,control,266,257,7,2,16.57,35.0,74186.0
2026-06-07,DS1036,Lucknow,Tier 2,control,88,86,1,1,12.93,75.4,15173.0
2026-06-07,DS1037,Lucknow,Tier 2,control,148,143,3,2,18.52,35.0,22800.0
2026-06-07,DS1038,Delhi NCR,Tier 1,treated,249,244,5,0,12.17,77.3,63950.0
2026-06-07,DS1039,Lucknow,Tier 2,control,115,112,3,0,14.26,63.2,22983.0
2026-06-07,DS1040,Hyderabad,Tier 1,control,216,206,8,2,17.46,35.0,43562.0
2026-06-07,DS1041,Lucknow,Tier 2,control,125,124,1,0,17.58,35.0,25220.0
2026-06-07,DS1042,Jaipur,Tier 2,control,125,118,7,0,17.62,35.0,26052.0
2026-06-07,DS1043,Indore,Tier 2,control,106,99,4,3,14.07,59.3,23939.0
2026-06-07,DS1044,Bengaluru,Tier 1,treated,170,156,10,4,15.16,48.1,34201.0
2026-06-07,DS1045,Delhi NCR,Tier 1,treated,220,210,9,1,12.32,77.2,45309.0
2026-06-07,DS1046,Bengaluru,Tier 1,treated,178,174,3,1,16.52,35.8,48871.0
2026-06-07,DS1047,Bengaluru,Tier 1,treated,169,164,3,2,18.12,35.0,31410.0
2026-06-07,DS1048,Mumbai,Tier 1,treated,212,198,12,2,15.04,49.7,37234.0
2026-06-07,DS1049,Jaipur,Tier 2,control,124,121,3,0,16.61,36.9,27298.0
2026-06-07,DS1050,Chennai,Tier 1,control,174,163,8,3,13.11,66.9,34632.0
2026-06-07,DS1051,Chennai,Tier 1,control,222,217,4,1,17.39,35.0,54348.0
2026-06-07,DS1052,Jaipur,Tier 2,control,118,109,8,1,16.05,47.7,21819.0
2026-06-07,DS1053,Bhopal,Tier 2,control,101,96,4,1,14.71,51.5,19688.0
2026-06-07,DS1054,Pune,Tier 1,control,255,245,7,3,16.4,35.5,39843.0
2026-06-07,DS1055,Delhi NCR,Tier 1,treated,217,208,6,3,12.18,78.8,46542.0
2026-06-07,DS1056,Delhi NCR,Tier 1,treated,268,255,11,2,17.17,35.0,66649.0
2026-06-07,DS1057,Delhi NCR,Tier 1,treated,196,184,11,1,17.75,35.0,41252.0
2026-06-07,DS1058,Chennai,Tier 1,control,251,242,5,4,18.36,35.0,70617.0
2026-06-07,DS1059,Mumbai,Tier 1,treated,208,198,9,1,14.1,59.5,55380.0
2026-06-08,DS1000,Pune,Tier 1,control,247,237,9,1,17.7,35.0,62542.0
2026-06-08,DS1001,Bengaluru,Tier 1,treated,218,208,8,2,17.41,35.0,52548.0
2026-06-08,DS1002,Mumbai,Tier 1,treated,199,186,9,4,13.75,60.4,43390.0
2026-06-08,DS1003,Lucknow,Tier 2,control,143,136,6,1,16.09,36.6,24484.0
2026-06-08,DS1004,Pune,Tier 1,control,201,192,7,2,14.65,57.6,56877.0
2026-06-08,DS1005,Pune,Tier 1,control,182,176,5,1,18.12,35.0,43920.0
2026-06-08,DS1006,Pune,Tier 1,control,280,265,13,2,14.44,62.3,74560.0
2026-06-08,DS1007,Mumbai,Tier 1,treated,200,194,5,1,11.76,86.7,43966.0
2026-06-08,DS1008,Chennai,Tier 1,control,221,209,10,2,18.42,35.0,54421.0
2026-06-08,DS1009,Hyderabad,Tier 1,control,264,249,11,4,14.93,51.0,63152.0
2026-06-08,DS1010,Lucknow,Tier 2,control,89,87,1,1,19.56,35.0,14535.0
2026-06-08,DS1011,Pune,Tier 1,control,193,189,3,1,19.55,35.0,42642.0
2026-06-08,DS1012,Bengaluru,Tier 1,treated,216,208,6,2,14.75,54.9,47251.0
2026-06-08,DS1013,Pune,Tier 1,control,245,238,5,2,17.53,35.0,52418.0
2026-06-08,DS1014,Hyderabad,Tier 1,control,210,198,8,4,20.82,35.0,55964.0
2026-06-08,DS1015,Jaipur,Tier 2,control,167,163,4,0,16.51,35.0,27835.0
2026-06-08,DS1016,Mumbai,Tier 1,treated,208,195,9,4,14.45,49.3,50495.0
2026-06-08,DS1017,Chennai,Tier 1,control,166,158,7,1,15.53,39.1,37806.0
2026-06-08,DS1018,Bhopal,Tier 2,control,94,92,2,0,16.31,36.2,19428.0
2026-06-08,DS1019,Hyderabad,Tier 1,control,270,260,6,4,18.8,35.0,57554.0
2026-06-08,DS1020,Jaipur,Tier 2,control,154,146,6,2,16.56,40.2,25172.0
2026-06-08,DS1021,Bengaluru,Tier 1,treated,135,130,3,2,12.46,77.8,28827.0
2026-06-08,DS1022,Lucknow,Tier 2,control,165,158,6,1,16.15,35.0,27526.0
2026-06-08,DS1023,Mumbai,Tier 1,treated,255,241,10,4,15.77,45.6,62921.0
2026-06-08,DS1024,Mumbai,Tier 1,treated,279,275,2,2,14.74,58.4,65524.0
2026-06-08,DS1025,Jaipur,Tier 2,control,115,108,4,3,15.66,43.8,19579.0
2026-06-08,DS1026,Delhi NCR,Tier 1,treated,197,186,3,8,14.72,47.2,44335.0
2026-06-08,DS1027,Mumbai,Tier 1,treated,194,185,6,3,15.53,41.7,43985.0
2026-06-08,DS1028,Bhopal,Tier 2,control,204,196,8,0,17.01,35.0,30646.0
2026-06-08,DS1029,Jaipur,Tier 2,control,121,116,4,1,17.35,35.0,26606.0
2026-06-08,DS1030,Pune,Tier 1,control,308,294,11,3,16.6,35.0,62752.0
2026-06-08,DS1031,Mumbai,Tier 1,treated,203,192,9,2,16.26,38.0,39469.0
2026-06-08,DS1032,Chennai,Tier 1,control,232,225,6,1,17.65,35.0,63228.0
2026-06-08,DS1033,Jaipur,Tier 2,control,84,77,2,5,19.28,35.0,14992.0
2026-06-08,DS1034,Mumbai,Tier 1,treated,210,199,8,3,16.06,39.2,55842.0
2026-06-08,DS1035,Pune,Tier 1,control,234,224,6,4,16.39,35.0,53922.0
2026-06-08,DS1036,Lucknow,Tier 2,control,94,90,4,0,14.3,57.6,23248.0
2026-06-08,DS1037,Lucknow,Tier 2,control,118,112,4,2,18.31,35.0,22797.0
2026-06-08,DS1038,Delhi NCR,Tier 1,treated,261,251,6,4,12.09,79.6,52647.0
2026-06-08,DS1039,Lucknow,Tier 2,control,100,92,6,2,14.1,58.6,20644.0
2026-06-08,DS1040,Hyderabad,Tier 1,control,209,201,5,3,17.62,35.0,38131.0
2026-06-08,DS1041,Lucknow,Tier 2,control,123,115,5,3,20.01,35.0,23966.0
2026-06-08,DS1042,Jaipur,Tier 2,control,112,99,9,4,15.79,42.8,20046.0
2026-06-08,DS1043,Indore,Tier 2,control,125,116,4,5,13.3,68.3,28183.0
2026-06-08,DS1044,Bengaluru,Tier 1,treated,198,191,5,2,14.76,55.2,40802.0
2026-06-08,DS1045,Delhi NCR,Tier 1,treated,226,212,11,3,13.62,65.9,49474.0
2026-06-08,DS1046,Bengaluru,Tier 1,treated,183,171,11,1,17.43,35.0,39667.0
2026-06-08,DS1047,Bengaluru,Tier 1,treated,154,148,5,1,19.01,35.0,35210.0
2026-06-08,DS1048,Mumbai,Tier 1,treated,209,194,12,3,15.12,40.6,43207.0
2026-06-08,DS1049,Jaipur,Tier 2,control,123,120,1,2,15.66,42.1,23994.0
2026-06-08,DS1050,Chennai,Tier 1,control,146,135,7,4,14.58,55.7,31729.0
2026-06-08,DS1051,Chennai,Tier 1,control,235,226,8,1,17.5,35.0,59979.0
2026-06-08,DS1052,Jaipur,Tier 2,control,101,100,1,0,15.65,35.0,22360.0
2026-06-08,DS1053,Bhopal,Tier 2,control,101,98,3,0,13.8,64.7,23913.0
2026-06-08,DS1054,Pune,Tier 1,control,241,223,15,3,17.67,35.0,57680.0
2026-06-08,DS1055,Delhi NCR,Tier 1,treated,216,206,9,1,13.25,63.8,54620.0
2026-06-08,DS1056,Delhi NCR,Tier 1,treated,289,271,12,6,19.19,35.0,65335.0
2026-06-08,DS1057,Delhi NCR,Tier 1,treated,195,183,8,4,16.66,35.0,34031.0
2026-06-08,DS1058,Chennai,Tier 1,control,233,224,7,2,19.32,35.0,57265.0
2026-06-08,DS1059,Mumbai,Tier 1,treated,193,187,3,3,15.51,37.3,41455.0
2026-06-09,DS1000,Pune,Tier 1,control,235,226,7,2,15.97,44.6,54736.0
2026-06-09,DS1001,Bengaluru,Tier 1,treated,215,194,18,3,19.37,35.0,45127.0
2026-06-09,DS1002,Mumbai,Tier 1,treated,200,187,10,3,14.45,61.7,39080.0
2026-06-09,DS1003,Lucknow,Tier 2,control,136,125,8,3,17.05,35.0,25267.0
2026-06-09,DS1004,Pune,Tier 1,control,166,154,10,2,15.49,36.3,38686.0
2026-06-09,DS1005,Pune,Tier 1,control,154,151,2,1,19.37,35.0,35838.0
2026-06-09,DS1006,Pune,Tier 1,control,278,268,6,4,14.94,48.7,72637.0
2026-06-09,DS1007,Mumbai,Tier 1,treated,236,228,5,3,14.25,51.8,55709.0
2026-06-09,DS1008,Chennai,Tier 1,control,217,210,5,2,19.03,35.0,42236.0
2026-06-09,DS1009,Hyderabad,Tier 1,control,281,267,9,5,15.95,42.0,68828.0
2026-06-09,DS1010,Lucknow,Tier 2,control,76,74,1,1,17.41,35.0,15242.0
2026-06-09,DS1011,Pune,Tier 1,control,211,199,8,4,19.62,35.0,49995.0
2026-06-09,DS1012,Bengaluru,Tier 1,treated,263,249,9,5,15.84,36.3,62014.0
2026-06-09,DS1013,Pune,Tier 1,control,226,217,7,2,17.07,35.0,38326.0
2026-06-09,DS1014,Hyderabad,Tier 1,control,233,220,10,3,19.35,35.0,60248.0
2026-06-09,DS1015,Jaipur,Tier 2,control,146,143,1,2,17.09,35.0,27697.0
2026-06-09,DS1016,Mumbai,Tier 1,treated,249,240,9,0,13.24,73.8,68971.0
2026-06-09,DS1017,Chennai,Tier 1,control,161,158,2,1,14.97,47.6,33635.0
2026-06-09,DS1018,Bhopal,Tier 2,control,126,120,6,0,17.12,35.0,22147.0
2026-06-09,DS1019,Hyderabad,Tier 1,control,271,262,5,4,19.72,35.0,43581.0
2026-06-09,DS1020,Jaipur,Tier 2,control,136,133,2,1,18.87,35.0,25366.0
2026-06-09,DS1021,Bengaluru,Tier 1,treated,146,141,5,0,14.42,61.9,33784.0
2026-06-09,DS1022,Lucknow,Tier 2,control,163,153,9,1,16.04,36.1,31767.0
2026-06-09,DS1023,Mumbai,Tier 1,treated,231,220,7,4,15.11,49.3,42880.0
2026-06-09,DS1024,Mumbai,Tier 1,treated,301,280,17,4,14.99,45.2,67870.0
2026-06-09,DS1025,Jaipur,Tier 2,control,135,127,6,2,16.12,35.0,30769.0
2026-06-09,DS1026,Delhi NCR,Tier 1,treated,216,210,4,2,14.43,55.9,50239.0
2026-06-09,DS1027,Mumbai,Tier 1,treated,172,163,6,3,14.25,68.6,33027.0
2026-06-09,DS1028,Bhopal,Tier 2,control,169,162,6,1,18.34,35.0,36599.0
2026-06-09,DS1029,Jaipur,Tier 2,control,119,113,6,0,16.3,35.0,25239.0
2026-06-09,DS1030,Pune,Tier 1,control,288,276,8,4,18.61,35.0,69276.0
2026-06-09,DS1031,Mumbai,Tier 1,treated,203,200,3,0,14.42,52.9,48040.0
2026-06-09,DS1032,Chennai,Tier 1,control,227,219,6,2,19.03,35.0,59485.0
2026-06-09,DS1033,Jaipur,Tier 2,control,101,95,5,1,17.82,35.0,26498.0
2026-06-09,DS1034,Mumbai,Tier 1,treated,222,204,15,3,14.53,59.9,53632.0
2026-06-09,DS1035,Pune,Tier 1,control,253,242,9,2,18.25,35.0,61255.0
2026-06-09,DS1036,Lucknow,Tier 2,control,100,96,3,1,16.1,46.9,21791.0
2026-06-09,DS1037,Lucknow,Tier 2,control,156,150,5,1,19.68,35.0,20643.0
2026-06-09,DS1038,Delhi NCR,Tier 1,treated,236,219,9,8,11.93,78.6,47297.0
2026-06-09,DS1039,Lucknow,Tier 2,control,93,84,5,4,13.18,68.0,20775.0
2026-06-09,DS1040,Hyderabad,Tier 1,control,210,194,13,3,16.94,35.0,38197.0
2026-06-09,DS1041,Lucknow,Tier 2,control,105,95,9,1,20.15,35.0,20654.0
2026-06-09,DS1042,Jaipur,Tier 2,control,120,115,4,1,17.07,35.0,23051.0
2026-06-09,DS1043,Indore,Tier 2,control,133,123,6,4,13.86,59.4,28021.0
2026-06-09,DS1044,Bengaluru,Tier 1,treated,196,183,10,3,16.16,35.9,43642.0
2026-06-09,DS1045,Delhi NCR,Tier 1,treated,207,197,9,1,15.23,49.2,44873.0
2026-06-09,DS1046,Bengaluru,Tier 1,treated,173,162,8,3,15.73,36.7,48623.0
2026-06-09,DS1047,Bengaluru,Tier 1,treated,175,162,10,3,18.04,35.0,41011.0
2026-06-09,DS1048,Mumbai,Tier 1,treated,229,223,5,1,15.64,46.6,63327.0
2026-06-09,DS1049,Jaipur,Tier 2,control,142,136,5,1,16.39,36.9,23431.0
2026-06-09,DS1050,Chennai,Tier 1,control,187,175,10,2,14.24,61.9,38886.0
2026-06-09,DS1051,Chennai,Tier 1,control,224,217,6,1,17.34,35.0,51940.0
2026-06-09,DS1052,Jaipur,Tier 2,control,113,108,3,2,16.53,38.9,24485.0
2026-06-09,DS1053,Bhopal,Tier 2,control,95,91,4,0,15.03,43.6,23673.0
2026-06-09,DS1054,Pune,Tier 1,control,258,239,9,10,18.26,35.0,61420.0
2026-06-09,DS1055,Delhi NCR,Tier 1,treated,227,222,4,1,13.23,71.9,44131.0
2026-06-09,DS1056,Delhi NCR,Tier 1,treated,253,240,9,4,15.51,47.3,50795.0
2026-06-09,DS1057,Delhi NCR,Tier 1,treated,179,173,4,2,14.28,65.8,39289.0
2026-06-09,DS1058,Chennai,Tier 1,control,225,213,10,2,17.75,35.0,43617.0
2026-06-09,DS1059,Mumbai,Tier 1,treated,221,213,6,2,14.12,58.4,43828.0
2026-06-10,DS1000,Pune,Tier 1,control,228,218,7,3,19.03,35.0,57931.0
2026-06-10,DS1001,Bengaluru,Tier 1,treated,226,211,12,3,19.25,35.0,55882.0
2026-06-10,DS1002,Mumbai,Tier 1,treated,208,188,12,8,14.06,65.4,40228.0
2026-06-10,DS1003,Lucknow,Tier 2,control,115,112,2,1,17.3,35.0,32643.0
2026-06-10,DS1004,Pune,Tier 1,control,187,179,6,2,14.92,47.3,36658.0
2026-06-10,DS1005,Pune,Tier 1,control,160,154,2,4,17.4,35.0,34560.0
2026-06-10,DS1006,Pune,Tier 1,control,237,231,5,1,13.61,61.5,51892.0
2026-06-10,DS1007,Mumbai,Tier 1,treated,195,185,8,2,13.48,64.3,45948.0
2026-06-10,DS1008,Chennai,Tier 1,control,213,199,11,3,19.02,35.0,54099.0
2026-06-10,DS1009,Hyderabad,Tier 1,control,265,249,12,4,15.75,47.7,51365.0
2026-06-10,DS1010,Lucknow,Tier 2,control,90,86,4,0,19.56,35.0,20200.0
2026-06-10,DS1011,Pune,Tier 1,control,190,182,3,5,20.03,35.0,32538.0
2026-06-10,DS1012,Bengaluru,Tier 1,treated,229,213,11,5,15.51,45.4,57542.0
2026-06-10,DS1013,Pune,Tier 1,control,220,212,5,3,17.01,35.0,45354.0
2026-06-10,DS1014,Hyderabad,Tier 1,control,205,192,10,3,20.81,35.0,51141.0
2026-06-10,DS1015,Jaipur,Tier 2,control,149,142,5,2,15.45,45.1,29137.0
2026-06-10,DS1016,Mumbai,Tier 1,treated,217,207,6,4,14.73,49.1,49862.0
2026-06-10,DS1017,Chennai,Tier 1,control,163,154,5,4,13.68,62.5,37538.0
2026-06-10,DS1018,Bhopal,Tier 2,control,93,89,2,2,16.87,35.0,16910.0
2026-06-10,DS1019,Hyderabad,Tier 1,control,280,269,8,3,19.11,35.0,57513.0
2026-06-10,DS1020,Jaipur,Tier 2,control,154,146,6,2,20.65,35.0,29763.0
2026-06-10,DS1021,Bengaluru,Tier 1,treated,140,133,6,1,13.05,68.9,35731.0
2026-06-10,DS1022,Lucknow,Tier 2,control,147,143,3,1,14.4,59.4,34107.0
2026-06-10,DS1023,Mumbai,Tier 1,treated,239,229,7,3,15.34,47.5,56665.0
2026-06-10,DS1024,Mumbai,Tier 1,treated,274,261,9,4,14.8,45.0,55774.0
2026-06-10,DS1025,Jaipur,Tier 2,control,106,102,2,2,17.13,35.0,18035.0
2026-06-10,DS1026,Delhi NCR,Tier 1,treated,223,208,8,7,15.6,44.8,64147.0
2026-06-10,DS1027,Mumbai,Tier 1,treated,168,159,7,2,16.16,35.0,38734.0
2026-06-10,DS1028,Bhopal,Tier 2,control,209,203,4,2,16.91,35.0,38017.0
2026-06-10,DS1029,Jaipur,Tier 2,control,124,118,5,1,17.0,35.0,24546.0
2026-06-10,DS1030,Pune,Tier 1,control,291,284,5,2,17.89,35.0,73931.0
2026-06-10,DS1031,Mumbai,Tier 1,treated,212,198,11,3,14.43,59.0,54948.0
2026-06-10,DS1032,Chennai,Tier 1,control,241,222,11,8,16.03,36.8,52745.0
2026-06-10,DS1033,Jaipur,Tier 2,control,86,85,1,0,20.59,35.0,16516.0
2026-06-10,DS1034,Mumbai,Tier 1,treated,191,183,5,3,16.01,44.2,40683.0
2026-06-10,DS1035,Pune,Tier 1,control,258,244,11,3,18.16,35.0,59748.0
2026-06-10,DS1036,Lucknow,Tier 2,control,90,87,1,2,13.6,67.0,14662.0
2026-06-10,DS1037,Lucknow,Tier 2,control,153,145,6,2,17.62,35.0,29209.0
2026-06-10,DS1038,Delhi NCR,Tier 1,treated,241,232,7,2,11.55,80.9,53067.0
2026-06-10,DS1039,Lucknow,Tier 2,control,108,105,3,0,13.6,65.5,21523.0
2026-06-10,DS1040,Hyderabad,Tier 1,control,209,197,11,1,17.5,35.0,37537.0
2026-06-10,DS1041,Lucknow,Tier 2,control,118,113,3,2,-1.8840000000000001,35.0,19909.0
2026-06-10,DS1042,Jaipur,Tier 2,control,116,110,2,4,16.08,42.9,25477.0
2026-06-10,DS1043,Indore,Tier 2,control,113,110,2,1,13.89,68.1,21734.0
2026-06-10,DS1044,Bengaluru,Tier 1,treated,191,179,8,4,15.09,47.8,43379.0
2026-06-10,DS1045,Delhi NCR,Tier 1,treated,222,212,5,5,13.81,63.0,54146.0
2026-06-10,DS1046,Bengaluru,Tier 1,treated,197,192,4,1,16.99,35.0,44131.0
2026-06-10,DS1047,Bengaluru,Tier 1,treated,176,165,5,6,18.86,35.0,32026.0
2026-06-10,DS1048,Mumbai,Tier 1,treated,223,213,10,0,15.33,51.1,47236.0
2026-06-10,DS1049,Jaipur,Tier 2,control,162,156,6,0,14.32,50.5,36480.0
2026-06-10,DS1050,Chennai,Tier 1,control,181,171,6,4,14.59,44.3,40039.0
2026-06-10,DS1051,Chennai,Tier 1,control,228,220,7,1,17.36,35.0,46131.0
2026-06-10,DS1052,Jaipur,Tier 2,control,113,108,4,1,18.53,35.0,24031.0
2026-06-10,DS1053,Bhopal,Tier 2,control,110,106,4,0,15.03,50.0,20251.0
2026-06-10,DS1054,Pune,Tier 1,control,249,235,12,2,16.2,37.2,64148.0
2026-06-10,DS1055,Delhi NCR,Tier 1,treated,212,206,4,2,14.46,55.7,41698.0
2026-06-10,DS1056,Delhi NCR,Tier 1,treated,294,286,8,0,16.58,35.0,65430.0
2026-06-10,DS1057,Delhi NCR,Tier 1,treated,179,169,7,3,16.66,35.0,35639.0
2026-06-10,DS1058,Chennai,Tier 1,control,256,245,6,5,20.15,35.0,46039.0
2026-06-10,DS1059,Mumbai,Tier 1,treated,217,205,10,2,15.02,46.3,35216.0
2026-06-11,DS1000,Pune,Tier 1,control,256,247,7,2,17.24,35.0,51199.0
2026-06-11,DS1001,Bengaluru,Tier 1,treated,212,206,3,3,19.34,35.0,46406.0
2026-06-11,DS1002,Mumbai,Tier 1,treated,207,198,9,0,15.18,45.8,53730.0
2026-06-11,DS1003,Lucknow,Tier 2,control,121,113,6,2,17.93,35.0,27213.0
2026-06-11,DS1004,Pune,Tier 1,control,179,174,4,1,15.53,43.0,46676.0
2026-06-11,DS1005,Pune,Tier 1,control,161,155,3,3,17.97,35.0,42388.0
2026-06-11,DS1006,Pune,Tier 1,control,248,242,6,0,13.76,67.1,62092.0
2026-06-11,DS1007,Mumbai,Tier 1,treated,197,189,7,1,11.95,79.6,46106.0
2026-06-11,DS1008,Chennai,Tier 1,control,237,225,8,4,19.23,35.0,50883.0
2026-06-11,DS1009,Hyderabad,Tier 1,control,290,279,8,3,16.92,35.0,50533.0
2026-06-11,DS1010,Lucknow,Tier 2,control,82,78,4,0,17.89,35.0,15322.0
2026-06-11,DS1011,Pune,Tier 1,control,169,160,7,2,20.88,35.0,37595.0
2026-06-11,DS1012,Bengaluru,Tier 1,treated,245,227,12,6,15.21,57.2,49002.0
2026-06-11,DS1013,Pune,Tier 1,control,202,190,8,4,18.04,35.0,51613.0
2026-06-11,DS1014,Hyderabad,Tier 1,control,211,203,6,2,19.12,35.0,52183.0
2026-06-11,DS1015,Jaipur,Tier 2,control,139,136,3,0,15.19,49.5,24430.0
2026-06-11,DS1016,Mumbai,Tier 1,treated,246,236,7,3,14.33,60.9,65594.0
2026-06-11,DS1017,Chennai,Tier 1,control,167,157,6,4,15.09,46.7,33552.0
2026-06-11,DS1018,Bhopal,Tier 2,control,88,82,5,1,17.0,35.0,15724.0
2026-06-11,DS1019,Hyderabad,Tier 1,control,250,242,8,0,20.23,35.0,55785.0
2026-06-11,DS1020,Jaipur,Tier 2,control,133,128,4,1,18.52,35.0,30394.0
2026-06-11,DS1021,Bengaluru,Tier 1,treated,150,144,4,2,12.62,72.3,38766.0
2026-06-11,DS1022,Lucknow,Tier 2,control,166,158,6,2,16.1,36.1,24399.0
2026-06-11,DS1023,Mumbai,Tier 1,treated,230,223,5,2,13.76,63.9,52392.0
2026-06-11,DS1024,Mumbai,Tier 1,treated,263,256,5,2,14.26,55.9,47039.0
2026-06-11,DS1025,Jaipur,Tier 2,control,109,105,3,1,17.06,35.0,23266.0
2026-06-11,DS1026,Delhi NCR,Tier 1,treated,211,205,6,0,14.76,50.4,47788.0
2026-06-11,DS1027,Mumbai,Tier 1,treated,175,171,2,2,15.06,53.0,47256.0
2026-06-11,DS1028,Bhopal,Tier 2,control,201,193,5,3,16.45,35.0,38522.0
2026-06-11,DS1029,Jaipur,Tier 2,control,128,121,7,0,16.37,35.7,23981.0
2026-06-11,DS1030,Pune,Tier 1,control,303,287,11,5,16.86,35.0,60350.0
2026-06-11,DS1031,Mumbai,Tier 1,treated,225,215,8,2,14.91,53.0,41874.0
2026-06-11,DS1032,Chennai,Tier 1,control,202,191,8,3,16.73,35.0,41354.0
2026-06-11,DS1033,Jaipur,Tier 2,control,91,91,0,0,19.35,35.0,18006.0
2026-06-11,DS1034,Mumbai,Tier 1,treated,192,180,10,2,17.28,35.0,36616.0
2026-06-11,DS1035,Pune,Tier 1,control,242,234,4,4,17.61,35.0,75108.0
2026-06-11,DS1036,Lucknow,Tier 2,control,101,99,1,1,15.44,40.2,19325.0
2026-06-11,DS1037,Lucknow,Tier 2,control,152,141,6,5,17.96,35.0,27688.0
2026-06-11,DS1038,Delhi NCR,Tier 1,treated,272,256,10,6,13.49,68.8,60564.0
2026-06-11,DS1039,Lucknow,Tier 2,control,84,75,8,1,14.72,59.3,12589.0
2026-06-11,DS1040,Hyderabad,Tier 1,control,192,183,8,1,19.74,35.0,40672.0
2026-06-11,DS1041,Lucknow,Tier 2,control,112,108,3,1,16.94,35.0,19759.0
2026-06-11,DS1042,Jaipur,Tier 2,control,116,110,6,0,16.64,35.0,28447.0
2026-06-11,DS1043,Indore,Tier 2,control,118,110,7,1,13.34,67.3,23465.0
2026-06-11,DS1044,Bengaluru,Tier 1,treated,199,191,5,3,14.54,51.5,45427.0
2026-06-11,DS1045,Delhi NCR,Tier 1,treated,217,201,13,3,13.76,63.9,42858.0
2026-06-11,DS1046,Bengaluru,Tier 1,treated,159,150,7,2,17.02,35.0,33181.0
2026-06-11,DS1047,Bengaluru,Tier 1,treated,166,158,6,2,18.75,35.0,40394.0
2026-06-11,DS1048,Mumbai,Tier 1,treated,232,214,12,6,15.72,35.2,47932.0
2026-06-11,DS1049,Jaipur,Tier 2,control,142,139,0,3,15.7,44.9,27177.0
2026-06-11,DS1050,Chennai,Tier 1,control,156,144,9,3,13.19,73.2,37488.0
2026-06-11,DS1051,Chennai,Tier 1,control,211,202,6,3,17.37,35.0,46284.0
2026-06-11,DS1052,Jaipur,Tier 2,control,122,117,3,2,17.13,35.0,22647.0
2026-06-11,DS1053,Bhopal,Tier 2,control,124,116,6,2,16.39,40.6,23832.0
2026-06-11,DS1054,Pune,Tier 1,control,223,212,8,3,18.22,35.0,58130.0
2026-06-11,DS1055,Delhi NCR,Tier 1,treated,213,204,5,4,13.15,71.2,47681.0
2026-06-11,DS1056,Delhi NCR,Tier 1,treated,276,265,8,3,15.84,40.0,62825.0
2026-06-11,DS1057,Delhi NCR,Tier 1,treated,204,194,5,5,16.87,35.0,49081.0
2026-06-11,DS1058,Chennai,Tier 1,control,242,236,4,2,17.58,35.0,52671.0
2026-06-11,DS1059,Mumbai,Tier 1,treated,198,189,4,5,16.33,35.0,39030.0
2026-06-12,DS1000,Pune,Tier 1,control,270,262,7,1,16.79,38.3,66073.0
2026-06-12,DS1001,Bengaluru,Tier 1,treated,275,263,8,4,18.15,35.0,56143.0
2026-06-12,DS1002,Mumbai,Tier 1,treated,267,253,9,5,15.77,41.3,56834.0
2026-06-12,DS1003,Lucknow,Tier 2,control,140,132,6,2,18.14,35.0,27427.0
2026-06-12,DS1004,Pune,Tier 1,control,227,218,4,5,15.6,40.4,48523.0
2026-06-12,DS1005,Pune,Tier 1,control,198,187,8,3,17.39,35.0,46166.0
2026-06-12,DS1006,Pune,Tier 1,control,273,265,7,1,14.33,64.5,53529.0
2026-06-12,DS1007,Mumbai,Tier 1,treated,257,245,8,4,13.75,59.3,55347.0
2026-06-12,DS1008,Chennai,Tier 1,control,289,275,11,3,19.15,35.0,57996.0
2026-06-12,DS1009,Hyderabad,Tier 1,control,319,305,9,5,14.95,58.1,55322.0
2026-06-12,DS1010,Lucknow,Tier 2,control,91,90,0,1,17.78,35.0,17166.0
2026-06-12,DS1011,Pune,Tier 1,control,230,222,7,1,21.05,35.0,63613.0
2026-06-12,DS1012,Bengaluru,Tier 1,treated,271,252,13,6,16.1,35.0,60269.0
2026-06-12,DS1013,Pune,Tier 1,control,273,255,14,4,19.03,35.0,67139.0
2026-06-12,DS1014,Hyderabad,Tier 1,control,265,251,10,4,19.85,35.0,61901.0
2026-06-12,DS1015,Jaipur,Tier 2,control,189,181,6,2,16.04,41.4,40942.0
2026-06-12,DS1016,Mumbai,Tier 1,treated,283,269,13,1,12.51,73.8,70817.0
2026-06-12,DS1017,Chennai,Tier 1,control,203,195,6,2,12.76,71.1,45971.0
2026-06-12,DS1018,Bhopal,Tier 2,control,118,109,7,2,16.32,35.0,28792.0
2026-06-12,DS1019,Hyderabad,Tier 1,control,317,301,14,2,18.9,35.0,85279.0
2026-06-12,DS1020,Jaipur,Tier 2,control,144,138,5,1,16.49,35.0,30105.0
2026-06-12,DS1021,Bengaluru,Tier 1,treated,179,170,9,0,13.18,71.5,39100.0
2026-06-12,DS1022,Lucknow,Tier 2,control,193,181,9,3,13.77,63.4,43373.0
2026-06-12,DS1023,Mumbai,Tier 1,treated,292,276,13,3,14.6,51.6,62362.0
2026-06-12,DS1024,Mumbai,Tier 1,treated,313,294,17,2,15.39,35.3,85424.0
2026-06-12,DS1025,Jaipur,Tier 2,control,152,147,3,2,17.13,35.0,32307.0
2026-06-12,DS1026,Delhi NCR,Tier 1,treated,228,217,9,2,15.54,38.0,51225.0
2026-06-12,DS1027,Mumbai,Tier 1,treated,223,212,7,4,14.19,64.5,46446.0
2026-06-12,DS1028,Bhopal,Tier 2,control,223,209,13,1,16.07,42.1,40696.0
2026-06-12,DS1029,Jaipur,Tier 2,control,154,142,9,3,16.13,35.0,27416.0
2026-06-12,DS1030,Pune,Tier 1,control,343,320,18,5,17.18,35.0,88008.0
2026-06-12,DS1031,Mumbai,Tier 1,treated,249,235,11,3,15.24,41.8,49057.0
2026-06-12,DS1032,Chennai,Tier 1,control,295,284,10,1,18.73,35.0,66625.0
2026-06-12,DS1033,Jaipur,Tier 2,control,107,104,2,1,19.68,35.0,24776.0
2026-06-12,DS1034,Mumbai,Tier 1,treated,235,221,10,4,17.18,35.0,58392.0
2026-06-12,DS1035,Pune,Tier 1,control,323,309,11,3,16.99,35.0,64845.0
2026-06-12,DS1036,Lucknow,Tier 2,control,115,113,1,1,15.67,39.6,18383.0
2026-06-12,DS1037,Lucknow,Tier 2,control,199,192,4,3,18.03,35.0,49059.0
2026-06-12,DS1038,Delhi NCR,Tier 1,treated,263,251,9,3,13.81,64.0,51098.0
2026-06-12,DS1039,Lucknow,Tier 2,control,127,123,3,1,15.31,48.9,22356.0
2026-06-12,DS1040,Hyderabad,Tier 1,control,224,211,10,3,20.41,35.0,49810.0
2026-06-12,DS1041,Lucknow,Tier 2,control,161,153,7,1,16.75,35.0,27833.0
2026-06-12,DS1042,Jaipur,Tier 2,control,161,155,3,3,17.31,35.0,33309.0
2026-06-12,DS1043,Indore,Tier 2,control,147,137,8,2,13.92,62.1,29687.0
2026-06-12,DS1044,Bengaluru,Tier 1,treated,229,214,13,2,13.98,64.3,45086.0
2026-06-12,DS1045,Delhi NCR,Tier 1,treated,243,231,9,3,14.63,57.3,49586.0
2026-06-12,DS1046,Bengaluru,Tier 1,treated,237,223,7,7,16.2,42.2,56535.0
2026-06-12,DS1047,Bengaluru,Tier 1,treated,204,198,4,2,19.18,35.0,56426.0
2026-06-12,DS1048,Mumbai,Tier 1,treated,272,262,9,1,16.01,38.9,55166.0
2026-06-12,DS1049,Jaipur,Tier 2,control,187,180,5,2,16.45,35.0,39918.0
2026-06-12,DS1050,Chennai,Tier 1,control,178,163,13,2,14.87,57.4,39673.0
2026-06-12,DS1051,Chennai,Tier 1,control,295,281,11,3,16.94,35.0,75094.0
2026-06-12,DS1052,Jaipur,Tier 2,control,157,152,3,2,17.73,35.0,30581.0
2026-06-12,DS1053,Bhopal,Tier 2,control,126,123,2,1,14.96,47.1,23409.0
2026-06-12,DS1054,Pune,Tier 1,control,305,291,10,4,14.36,65.8,73700.0
2026-06-12,DS1055,Delhi NCR,Tier 1,treated,259,251,7,1,13.64,64.9,56545.0
2026-06-12,DS1056,Delhi NCR,Tier 1,treated,318,309,5,4,17.69,35.0,61283.0
2026-06-12,DS1057,Delhi NCR,Tier 1,treated,217,206,9,2,16.94,35.0,51037.0
2026-06-12,DS1058,Chennai,Tier 1,control,286,277,6,3,19.68,35.0,52470.0
2026-06-12,DS1059,Mumbai,Tier 1,treated,244,233,9,2,13.95,62.1,61050.0
2026-06-13,DS1000,Pune,Tier 1,control,260,248,8,4,17.73,35.0,59482.0
2026-06-13,DS1001,Bengaluru,Tier 1,treated,250,224,13,13,18.74,35.0,48322.0
2026-06-13,DS1002,Mumbai,Tier 1,treated,244,233,10,1,14.88,47.1,43565.0
2026-06-13,DS1003,Lucknow,Tier 2,control,146,135,8,3,17.78,35.0,32881.0
2026-06-13,DS1004,Pune,Tier 1,control,173,167,6,0,14.83,52.4,39805.0
2026-06-13,DS1005,Pune,Tier 1,control,179,172,5,2,17.02,35.0,38482.0
2026-06-13,DS1006,Pune,Tier 1,control,349,336,8,5,14.88,50.5,72410.0
2026-06-13,DS1007,Mumbai,Tier 1,treated,238,226,11,1,13.33,64.8,58283.0
2026-06-13,DS1008,Chennai,Tier 1,control,280,267,11,2,18.87,35.0,67262.0
2026-06-13,DS1009,Hyderabad,Tier 1,control,320,301,12,7,15.47,53.1,61840.0
2026-06-13,DS1010,Lucknow,Tier 2,control,113,108,3,2,19.9,35.0,21563.0
2026-06-13,DS1011,Pune,Tier 1,control,231,217,12,2,18.08,35.0,53812.0
2026-06-13,DS1012,Bengaluru,Tier 1,treated,267,252,9,6,15.4,45.0,55961.0
2026-06-13,DS1013,Pune,Tier 1,control,274,260,11,3,16.48,35.0,55512.0
2026-06-13,DS1014,Hyderabad,Tier 1,control,234,223,10,1,20.4,35.0,52099.0
2026-06-13,DS1015,Jaipur,Tier 2,control,207,205,2,0,17.01,35.0,36186.0
2026-06-13,DS1016,Mumbai,Tier 1,treated,289,274,11,4,12.37,77.3,70178.0
2026-06-13,DS1017,Chennai,Tier 1,control,210,202,3,5,14.58,55.6,37980.0
2026-06-13,DS1018,Bhopal,Tier 2,control,109,101,6,2,18.1,35.0,16841.0
2026-06-13,DS1019,Hyderabad,Tier 1,control,297,280,10,7,19.47,35.0,65060.0
2026-06-13,DS1020,Jaipur,Tier 2,control,154,147,7,0,17.65,35.0,30410.0
2026-06-13,DS1021,Bengaluru,Tier 1,treated,185,175,9,1,12.86,66.1,39988.0
2026-06-13,DS1022,Lucknow,Tier 2,control,168,154,10,4,15.82,39.7,35218.0
2026-06-13,DS1023,Mumbai,Tier 1,treated,295,283,9,3,14.92,52.0,66892.0
2026-06-13,DS1024,Mumbai,Tier 1,treated,337,324,12,1,14.38,58.0,78604.0
2026-06-13,DS1025,Jaipur,Tier 2,control,140,136,3,1,15.51,38.0,29291.0
2026-06-13,DS1026,Delhi NCR,Tier 1,treated,250,243,5,2,16.32,35.0,60168.0
2026-06-13,DS1027,Mumbai,Tier 1,treated,219,207,10,2,15.19,43.0,50946.0
2026-06-13,DS1028,Bhopal,Tier 2,control,219,207,12,0,15.88,35.0,41987.0
2026-06-13,DS1029,Jaipur,Tier 2,control,147,142,1,4,17.18,35.0,26530.0
2026-06-13,DS1030,Pune,Tier 1,control,329,314,7,8,18.55,35.0,85834.0
2026-06-13,DS1031,Mumbai,Tier 1,treated,236,223,8,5,15.28,45.7,59251.0
2026-06-13,DS1032,Chennai,Tier 1,control,282,268,9,5,16.52,35.0,51514.0
2026-06-13,DS1033,Jaipur,Tier 2,control,99,90,5,4,19.64,35.0,23195.0
2026-06-13,DS1034,Mumbai,Tier 1,treated,263,252,8,3,15.35,52.6,62754.0
2026-06-13,DS1035,Pune,Tier 1,control,298,290,6,2,17.86,35.0,56086.0
2026-06-13,DS1036,Lucknow,Tier 2,control,105,97,7,1,13.92,65.8,17710.0
2026-06-13,DS1037,Lucknow,Tier 2,control,167,162,5,0,16.62,35.0,40199.0
2026-06-13,DS1038,Delhi NCR,Tier 1,treated,281,271,9,1,10.94,91.1,64625.0
2026-06-13,DS1039,Lucknow,Tier 2,control,137,135,2,0,13.43,66.9,36561.0
2026-06-13,DS1040,Hyderabad,Tier 1,control,228,209,16,3,19.89,35.0,56992.0
2026-06-13,DS1041,Lucknow,Tier 2,control,137,128,5,4,18.29,35.0,20612.0
2026-06-13,DS1042,Jaipur,Tier 2,control,120,114,5,1,16.12,37.2,22579.0
2026-06-13,DS1043,Indore,Tier 2,control,144,133,8,3,13.98,54.3,30142.0
2026-06-13,DS1044,Bengaluru,Tier 1,treated,211,197,9,5,14.14,50.4,49192.0
2026-06-13,DS1045,Delhi NCR,Tier 1,treated,236,223,9,4,12.56,78.2,60771.0
2026-06-13,DS1046,Bengaluru,Tier 1,treated,237,225,11,1,-1.6239999999999999,35.0,60598.0
2026-06-13,DS1047,Bengaluru,Tier 1,treated,197,188,6,3,18.88,35.0,41206.0
2026-06-13,DS1048,Mumbai,Tier 1,treated,266,256,7,3,15.36,44.2,66647.0
2026-06-13,DS1049,Jaipur,Tier 2,control,163,157,2,4,15.5,46.8,37926.0
2026-06-13,DS1050,Chennai,Tier 1,control,198,187,10,1,14.26,56.5,42027.0
2026-06-13,DS1051,Chennai,Tier 1,control,269,261,7,1,16.19,35.0,59964.0
2026-06-13,DS1052,Jaipur,Tier 2,control,135,129,3,3,16.39,35.0,26848.0
2026-06-13,DS1053,Bhopal,Tier 2,control,126,124,2,0,15.83,36.7,20051.0
2026-06-13,DS1054,Pune,Tier 1,control,302,284,12,6,17.01,35.0,61409.0
2026-06-13,DS1055,Delhi NCR,Tier 1,treated,224,215,6,3,12.89,70.7,46745.0
2026-06-13,DS1056,Delhi NCR,Tier 1,treated,350,332,16,2,16.19,37.3,67680.0
2026-06-13,DS1057,Delhi NCR,Tier 1,treated,213,205,6,2,16.3,39.2,53700.0
2026-06-13,DS1058,Chennai,Tier 1,control,260,245,11,4,18.95,35.0,56660.0
2026-06-13,DS1059,Mumbai,Tier 1,treated,271,262,8,1,14.64,49.9,64970.0
2026-06-14,DS1000,Pune,Tier 1,control,244,233,5,6,17.87,35.0,58091.0
2026-06-14,DS1001,Bengaluru,Tier 1,treated,218,208,8,2,18.9,35.0,58797.0
2026-06-14,DS1002,Mumbai,Tier 1,treated,217,211,4,2,14.3,57.8,43907.0
2026-06-14,DS1003,Lucknow,Tier 2,control,120,111,7,2,16.65,37.5,20729.0
2026-06-14,DS1004,Pune,Tier 1,control,190,178,9,3,14.51,62.1,52255.0
2026-06-14,DS1005,Pune,Tier 1,control,165,158,6,1,17.46,35.0,35516.0
2026-06-14,DS1006,Pune,Tier 1,control,252,231,12,9,13.93,60.4,47339.0
2026-06-14,DS1007,Mumbai,Tier 1,treated,205,194,10,1,12.56,79.4,39579.0
2026-06-14,DS1008,Chennai,Tier 1,control,222,214,7,1,19.13,35.0,53245.0
2026-06-14,DS1009,Hyderabad,Tier 1,control,283,263,14,6,16.77,35.0,52998.0
2026-06-14,DS1010,Lucknow,Tier 2,control,74,66,7,1,19.37,35.0,13436.0
2026-06-14,DS1011,Pune,Tier 1,control,179,177,1,1,18.06,35.0,44440.0
2026-06-14,DS1012,Bengaluru,Tier 1,treated,220,206,10,4,14.72,50.8,49440.0
2026-06-14,DS1013,Pune,Tier 1,control,218,199,11,8,16.65,35.0,48305.0
2026-06-14,DS1014,Hyderabad,Tier 1,control,191,186,5,0,20.15,35.0,54537.0
2026-06-14,DS1015,Jaipur,Tier 2,control,142,137,4,1,15.95,42.0,29361.0
2026-06-14,DS1016,Mumbai,Tier 1,treated,223,218,2,3,14.27,54.9,52843.0
2026-06-14,DS1017,Chennai,Tier 1,control,175,170,4,1,13.73,62.2,41635.0
2026-06-14,DS1018,Bhopal,Tier 2,control,104,102,2,0,17.07,35.0,19842.0
2026-06-14,DS1019,Hyderabad,Tier 1,control,252,242,6,4,16.95,35.0,54648.0
2026-06-14,DS1020,Jaipur,Tier 2,control,143,138,4,1,17.65,35.0,26538.0
2026-06-14,DS1021,Bengaluru,Tier 1,treated,152,149,3,0,12.71,75.3,36082.0
2026-06-14,DS1022,Lucknow,Tier 2,control,163,152,6,5,16.04,36.4,31383.0
2026-06-14,DS1023,Mumbai,Tier 1,treated,250,240,6,4,14.97,49.3,53176.0
2026-06-14,DS1024,Mumbai,Tier 1,treated,292,280,7,5,15.72,35.1,65248.0
2026-06-14,DS1025,Jaipur,Tier 2,control,139,134,4,1,17.74,35.0,32121.0
2026-06-14,DS1026,Delhi NCR,Tier 1,treated,237,230,4,3,15.33,47.3,53626.0
2026-06-14,DS1027,Mumbai,Tier 1,treated,168,160,8,0,17.31,35.0,30579.0
2026-06-14,DS1028,Bhopal,Tier 2,control,182,175,6,1,16.77,35.0,33416.0
2026-06-14,DS1029,Jaipur,Tier 2,control,140,134,6,0,16.81,35.0,25825.0
2026-06-14,DS1030,Pune,Tier 1,control,286,271,11,4,16.47,39.6,60787.0
2026-06-14,DS1031,Mumbai,Tier 1,treated,213,207,4,2,15.3,45.4,49023.0
2026-06-14,DS1032,Chennai,Tier 1,control,229,222,4,3,18.25,35.0,53017.0
2026-06-14,DS1033,Jaipur,Tier 2,control,93,87,6,0,19.67,35.0,16503.0
2026-06-14,DS1034,Mumbai,Tier 1,treated,187,178,6,3,16.27,44.6,44923.0
2026-06-14,DS1035,Pune,Tier 1,control,244,232,9,3,16.2,36.5,50768.0
2026-06-14,DS1036,Lucknow,Tier 2,control,104,99,4,1,15.79,44.4,18619.0
2026-06-14,DS1037,Lucknow,Tier 2,control,160,152,6,2,15.96,39.7,32653.0
2026-06-14,DS1038,Delhi NCR,Tier 1,treated,198,188,6,4,12.12,77.8,42324.0
2026-06-14,DS1039,Lucknow,Tier 2,control,100,94,4,2,15.14,42.0,18454.0
2026-06-14,DS1040,Hyderabad,Tier 1,control,197,190,4,3,19.11,35.0,48925.0
2026-06-14,DS1041,Lucknow,Tier 2,control,133,121,9,3,19.37,35.0,24887.0
2026-06-14,DS1042,Jaipur,Tier 2,control,133,130,0,3,16.06,41.9,29781.0
2026-06-14,DS1043,Indore,Tier 2,control,114,108,5,1,12.84,78.0,28436.0
2026-06-14,DS1044,Bengaluru,Tier 1,treated,226,218,4,4,12.69,71.8,59677.0
2026-06-14,DS1045,Delhi NCR,Tier 1,treated,227,210,13,4,13.58,63.0,53604.0
2026-06-14,DS1046,Bengaluru,Tier 1,treated,182,172,8,2,16.47,43.0,49137.0
2026-06-14,DS1047,Bengaluru,Tier 1,treated,175,171,3,1,18.17,35.0,44692.0
2026-06-14,DS1048,Mumbai,Tier 1,treated,232,225,6,1,15.24,43.8,47939.0
2026-06-14,DS1049,Jaipur,Tier 2,control,135,129,3,3,15.72,44.0,23937.0
2026-06-14,DS1050,Chennai,Tier 1,control,153,147,6,0,14.83,51.3,35545.0
2026-06-14,DS1051,Chennai,Tier 1,control,219,212,6,1,17.42,35.0,54250.0
2026-06-14,DS1052,Jaipur,Tier 2,control,129,118,8,3,16.96,35.0,24565.0
2026-06-14,DS1053,Bhopal,Tier 2,control,95,90,4,1,14.32,55.9,16094.0
2026-06-14,DS1054,Pune,Tier 1,control,242,238,2,2,18.65,35.0,56130.0
2026-06-14,DS1055,Delhi NCR,Tier 1,treated,220,211,5,4,14.2,59.9,64511.0
2026-06-14,DS1056,Delhi NCR,Tier 1,treated,287,276,7,4,16.57,35.0,67110.0
2026-06-14,DS1057,Delhi NCR,Tier 1,treated,186,181,4,1,17.71,35.0,45555.0
2026-06-14,DS1058,Chennai,Tier 1,control,230,218,9,3,17.32,35.0,44353.0
2026-06-14,DS1059,Mumbai,Tier 1,treated,232,220,10,2,13.95,58.7,41468.0
2026-06-15,DS1000,Pune,Tier 1,control,247,243,2,2,18.29,35.0,55226.0
2026-06-15,DS1001,Bengaluru,Tier 1,treated,212,204,6,2,20.3,35.0,49379.0
2026-06-15,DS1002,Mumbai,Tier 1,treated,202,190,10,2,14.98,43.0,42677.0
2026-06-15,DS1003,Lucknow,Tier 2,control,139,136,2,1,15.05,49.3,22957.0
2026-06-15,DS1004,Pune,Tier 1,control,145,138,5,2,14.43,57.7,39608.0
2026-06-15,DS1005,Pune,Tier 1,control,145,136,4,5,18.77,35.0,36209.0
2026-06-15,DS1006,Pune,Tier 1,control,256,243,10,3,14.67,48.7,53536.0
2026-06-15,DS1007,Mumbai,Tier 1,treated,239,224,10,5,11.93,81.8,63460.0
2026-06-15,DS1008,Chennai,Tier 1,control,230,218,9,3,18.44,35.0,43160.0
2026-06-15,DS1009,Hyderabad,Tier 1,control,290,280,9,1,15.88,39.2,57693.0
2026-06-15,DS1010,Lucknow,Tier 2,control,106,100,3,3,19.85,35.0,24929.0
2026-06-15,DS1011,Pune,Tier 1,control,192,185,5,2,18.28,35.0,50965.0
2026-06-15,DS1012,Bengaluru,Tier 1,treated,196,187,5,4,17.0,35.0,49394.0
2026-06-15,DS1013,Pune,Tier 1,control,261,251,9,1,17.58,35.0,63352.0
2026-06-15,DS1014,Hyderabad,Tier 1,control,193,186,6,1,19.5,35.0,46004.0
2026-06-15,DS1015,Jaipur,Tier 2,control,150,146,4,0,15.71,35.0,29048.0
2026-06-15,DS1016,Mumbai,Tier 1,treated,225,217,3,5,12.42,77.7,43783.0
2026-06-15,DS1017,Chennai,Tier 1,control,162,154,7,1,14.87,50.9,34853.0
2026-06-15,DS1018,Bhopal,Tier 2,control,99,95,4,0,16.39,35.0,17519.0
2026-06-15,DS1019,Hyderabad,Tier 1,control,286,270,12,4,17.54,35.0,66738.0
2026-06-15,DS1020,Jaipur,Tier 2,control,156,151,3,2,18.52,35.0,24022.0
2026-06-15,DS1021,Bengaluru,Tier 1,treated,154,148,6,0,13.59,75.3,36732.0
2026-06-15,DS1022,Lucknow,Tier 2,control,139,130,6,3,15.94,42.4,34563.0
2026-06-15,DS1023,Mumbai,Tier 1,treated,268,257,9,2,14.9,50.3,50062.0
2026-06-15,DS1024,Mumbai,Tier 1,treated,292,276,11,5,15.94,38.8,54435.0
2026-06-15,DS1025,Jaipur,Tier 2,control,132,125,7,0,15.84,42.8,24738.0
2026-06-15,DS1026,Delhi NCR,Tier 1,treated,213,206,5,2,15.8,39.2,42524.0
2026-06-15,DS1027,Mumbai,Tier 1,treated,188,182,4,2,15.95,44.0,38705.0
2026-06-15,DS1028,Bhopal,Tier 2,control,223,216,6,1,16.35,37.0,31139.0
2026-06-15,DS1029,Jaipur,Tier 2,control,143,138,3,2,17.55,35.0,26525.0
2026-06-15,DS1030,Pune,Tier 1,control,274,265,6,3,18.0,35.0,56786.0
2026-06-15,DS1031,Mumbai,Tier 1,treated,235,226,8,1,15.68,41.6,53668.0
2026-06-15,DS1032,Chennai,Tier 1,control,221,214,7,0,15.72,44.7,52759.0
2026-06-15,DS1033,Jaipur,Tier 2,control,78,77,1,0,19.16,35.0,19919.0
2026-06-15,DS1034,Mumbai,Tier 1,treated,195,187,5,3,16.41,35.0,56315.0
2026-06-15,DS1035,Pune,Tier 1,control,256,246,10,0,15.67,42.5,47745.0
2026-06-15,DS1036,Lucknow,Tier 2,control,111,107,4,0,15.18,52.5,21846.0
2026-06-15,DS1037,Lucknow,Tier 2,control,167,154,10,3,16.91,35.0,34028.0
2026-06-15,DS1038,Delhi NCR,Tier 1,treated,233,221,8,4,11.51,83.1,52945.0
2026-06-15,DS1039,Lucknow,Tier 2,control,112,106,4,2,14.12,56.7,22401.0
2026-06-15,DS1040,Hyderabad,Tier 1,control,231,216,11,4,18.02,35.0,50263.0
2026-06-15,DS1041,Lucknow,Tier 2,control,120,115,5,0,17.02,35.0,23133.0
2026-06-15,DS1042,Jaipur,Tier 2,control,112,109,2,1,16.38,43.2,16312.0
2026-06-15,DS1043,Indore,Tier 2,control,118,114,4,0,14.65,61.3,25331.0
2026-06-15,DS1044,Bengaluru,Tier 1,treated,186,173,9,4,14.21,50.7,44414.0
2026-06-15,DS1045,Delhi NCR,Tier 1,treated,208,193,12,3,13.27,75.9,35499.0
2026-06-15,DS1046,Bengaluru,Tier 1,treated,165,155,8,2,16.12,39.0,37533.0
2026-06-15,DS1047,Bengaluru,Tier 1,treated,167,162,5,0,19.36,35.0,29085.0
2026-06-15,DS1048,Mumbai,Tier 1,treated,210,199,7,4,15.18,53.7,45001.0
2026-06-15,DS1049,Jaipur,Tier 2,control,142,133,6,3,18.04,35.0,23740.0
2026-06-15,DS1050,Chennai,Tier 1,control,166,153,10,3,14.43,60.2,39785.0
2026-06-15,DS1051,Chennai,Tier 1,control,212,203,7,2,19.48,35.0,51433.0
2026-06-15,DS1052,Jaipur,Tier 2,control,129,117,8,4,17.01,35.0,28452.0
2026-06-15,DS1053,Bhopal,Tier 2,control,122,120,2,0,14.58,57.3,21128.0
2026-06-15,DS1054,Pune,Tier 1,control,249,243,2,4,16.56,35.0,68113.0
2026-06-15,DS1055,Delhi NCR,Tier 1,treated,228,218,8,2,12.79,78.1,42648.0
2026-06-15,DS1056,Delhi NCR,Tier 1,treated,292,276,10,6,16.72,35.0,71505.0
2026-06-15,DS1057,Delhi NCR,Tier 1,treated,186,172,11,3,16.31,40.4,45284.0
2026-06-15,DS1058,Chennai,Tier 1,control,229,220,4,5,19.68,35.0,45655.0
2026-06-15,DS1059,Mumbai,Tier 1,treated,241,231,4,6,15.05,49.4,57021.0
2026-06-16,DS1000,Pune,Tier 1,control,251,239,6,6,17.64,35.0,66048.0
2026-06-16,DS1001,Bengaluru,Tier 1,treated,199,191,7,1,19.19,35.0,43977.0
2026-06-16,DS1002,Mumbai,Tier 1,treated,220,209,8,3,13.83,66.9,49927.0
2026-06-16,DS1003,Lucknow,Tier 2,control,133,121,10,2,16.1,35.0,32708.0
2026-06-16,DS1004,Pune,Tier 1,control,172,166,4,2,15.65,46.7,39309.0
2026-06-16,DS1005,Pune,Tier 1,control,172,166,4,2,17.1,35.0,38996.0
2026-06-16,DS1006,Pune,Tier 1,control,267,260,4,3,14.38,56.6,69149.0
2026-06-16,DS1007,Mumbai,Tier 1,treated,216,199,14,3,14.09,59.3,48641.0
2026-06-16,DS1008,Chennai,Tier 1,control,234,222,9,3,19.09,35.0,50705.0
2026-06-16,DS1009,Hyderabad,Tier 1,control,261,253,6,2,14.03,66.0,72132.0
2026-06-16,DS1010,Lucknow,Tier 2,control,82,82,0,0,18.8,35.0,17611.0
2026-06-16,DS1011,Pune,Tier 1,control,202,192,8,2,17.9,35.0,31617.0
2026-06-16,DS1012,Bengaluru,Tier 1,treated,230,223,5,2,16.47,35.0,51189.0
2026-06-16,DS1013,Pune,Tier 1,control,221,212,8,1,19.21,35.0,44705.0
2026-06-16,DS1014,Hyderabad,Tier 1,control,199,192,5,2,21.32,35.0,50370.0
2026-06-16,DS1015,Jaipur,Tier 2,control,135,132,1,2,14.36,56.6,32362.0
2026-06-16,DS1016,Mumbai,Tier 1,treated,262,255,5,2,12.44,80.8,68306.0
2026-06-16,DS1017,Chennai,Tier 1,control,195,193,2,0,15.31,47.1,36992.0
2026-06-16,DS1018,Bhopal,Tier 2,control,113,106,6,1,17.02,35.0,22747.0
2026-06-16,DS1019,Hyderabad,Tier 1,control,267,259,4,4,18.75,35.0,63763.0
2026-06-16,DS1020,Jaipur,Tier 2,control,134,128,2,4,18.94,35.0,24911.0
2026-06-16,DS1021,Bengaluru,Tier 1,treated,144,133,8,3,14.82,53.9,26455.0
2026-06-16,DS1022,Lucknow,Tier 2,control,163,153,5,5,15.81,46.6,28181.0
2026-06-16,DS1023,Mumbai,Tier 1,treated,245,232,6,7,14.06,62.6,56451.0
2026-06-16,DS1024,Mumbai,Tier 1,treated,261,254,5,2,13.91,59.8,45296.0
2026-06-16,DS1025,Jaipur,Tier 2,control,137,129,5,3,14.03,62.3,27583.0
2026-06-16,DS1026,Delhi NCR,Tier 1,treated,204,196,8,0,16.23,37.0,38918.0
2026-06-16,DS1027,Mumbai,Tier 1,treated,166,157,9,0,15.7,35.0,36832.0
2026-06-16,DS1028,Bhopal,Tier 2,control,181,168,9,4,15.35,48.4,43750.0
2026-06-16,DS1029,Jaipur,Tier 2,control,121,118,1,2,17.33,35.0,25750.0
2026-06-16,DS1030,Pune,Tier 1,control,321,300,15,6,17.21,35.0,74289.0
2026-06-16,DS1031,Mumbai,Tier 1,treated,203,197,5,1,14.88,46.6,55901.0
2026-06-16,DS1032,Chennai,Tier 1,control,222,210,8,4,17.56,35.0,52198.0
2026-06-16,DS1033,Jaipur,Tier 2,control,99,96,3,0,20.05,35.0,15951.0
2026-06-16,DS1034,Mumbai,Tier 1,treated,194,182,11,1,16.64,35.0,36352.0
2026-06-16,DS1035,Pune,Tier 1,control,240,230,9,1,17.33,35.0,47415.0
2026-06-16,DS1036,Lucknow,Tier 2,control,118,107,8,3,14.77,50.7,21875.0
2026-06-16,DS1037,Lucknow,Tier 2,control,145,141,1,3,16.75,35.0,21868.0
2026-06-16,DS1038,Delhi NCR,Tier 1,treated,239,232,5,2,12.06,72.9,55821.0
2026-06-16,DS1039,Lucknow,Tier 2,control,102,96,2,4,14.63,50.0,20527.0
2026-06-16,DS1040,Hyderabad,Tier 1,control,207,195,7,5,19.36,35.0,37708.0
2026-06-16,DS1041,Lucknow,Tier 2,control,116,112,3,1,17.3,35.0,20804.0
2026-06-16,DS1042,Jaipur,Tier 2,control,125,122,3,0,17.05,35.0,26275.0
2026-06-16,DS1043,Indore,Tier 2,control,108,102,4,2,12.54,75.5,21389.0
2026-06-16,DS1044,Bengaluru,Tier 1,treated,166,160,6,0,14.53,48.2,37860.0
2026-06-16,DS1045,Delhi NCR,Tier 1,treated,213,199,9,5,12.98,63.8,50864.0
2026-06-16,DS1046,Bengaluru,Tier 1,treated,166,151,11,4,17.11,35.0,37258.0
2026-06-16,DS1047,Bengaluru,Tier 1,treated,177,166,7,4,17.97,35.0,42090.0
2026-06-16,DS1048,Mumbai,Tier 1,treated,244,233,10,1,14.61,58.9,69680.0
2026-06-16,DS1049,Jaipur,Tier 2,control,147,137,6,4,15.7,42.3,32415.0
2026-06-16,DS1050,Chennai,Tier 1,control,163,157,4,2,15.0,43.6,38040.0
2026-06-16,DS1051,Chennai,Tier 1,control,210,197,11,2,18.29,35.0,45203.0
2026-06-16,DS1052,Jaipur,Tier 2,control,133,121,10,2,16.48,35.0,22816.0
2026-06-16,DS1053,Bhopal,Tier 2,control,121,112,4,5,13.84,68.6,21361.0
2026-06-16,DS1054,Pune,Tier 1,control,278,268,10,0,18.78,35.0,71856.0
2026-06-16,DS1055,Delhi NCR,Tier 1,treated,220,215,3,2,12.6,80.1,41680.0
2026-06-16,DS1056,Delhi NCR,Tier 1,treated,274,267,6,1,16.0,35.2,47785.0
2026-06-16,DS1057,Delhi NCR,Tier 1,treated,193,180,11,2,16.9,35.0,37456.0
2026-06-16,DS1058,Chennai,Tier 1,control,265,254,8,3,17.62,35.0,59362.0
2026-06-16,DS1059,Mumbai,Tier 1,treated,234,223,10,1,14.54,61.8,55429.0
2026-06-17,DS1000,Pune,Tier 1,control,235,218,12,5,17.56,35.0,52058.0
2026-06-17,DS1001,Bengaluru,Tier 1,treated,191,179,6,6,18.42,35.0,41826.0
2026-06-17,DS1002,Mumbai,Tier 1,treated,206,197,8,1,14.9,47.5,46964.0
2026-06-17,DS1003,Lucknow,Tier 2,control,125,117,7,1,15.51,49.6,21493.0
2026-06-17,DS1004,Pune,Tier 1,control,139,134,3,2,15.02,47.6,29648.0
2026-06-17,DS1005,Pune,Tier 1,control,168,155,12,1,18.49,35.0,35291.0
2026-06-17,DS1006,Pune,Tier 1,control,274,259,11,4,15.01,47.5,69340.0
2026-06-17,DS1007,Mumbai,Tier 1,treated,226,214,9,3,14.12,57.6,47484.0
2026-06-17,DS1008,Chennai,Tier 1,control,275,266,6,3,18.4,35.0,58849.0
2026-06-17,DS1009,Hyderabad,Tier 1,control,270,260,8,2,15.81,43.1,59737.0
2026-06-17,DS1010,Lucknow,Tier 2,control,93,87,4,2,19.89,35.0,18367.0
2026-06-17,DS1011,Pune,Tier 1,control,192,183,7,2,20.3,35.0,43941.0
2026-06-17,DS1012,Bengaluru,Tier 1,treated,204,193,8,3,14.81,52.0,45034.0
2026-06-17,DS1013,Pune,Tier 1,control,221,202,14,5,16.59,35.0,54003.0
2026-06-17,DS1014,Hyderabad,Tier 1,control,200,190,6,4,20.26,35.0,43773.0
2026-06-17,DS1015,Jaipur,Tier 2,control,170,165,4,1,15.85,35.2,25867.0
2026-06-17,DS1016,Mumbai,Tier 1,treated,245,234,9,2,14.1,60.8,63822.0
2026-06-17,DS1017,Chennai,Tier 1,control,189,177,10,2,16.85,35.0,46084.0
2026-06-17,DS1018,Bhopal,Tier 2,control,126,123,2,1,17.21,35.0,28399.0
2026-06-17,DS1019,Hyderabad,Tier 1,control,285,272,9,4,19.1,35.0,71923.0
2026-06-17,DS1020,Jaipur,Tier 2,control,146,136,5,5,19.01,35.0,24684.0
2026-06-17,DS1021,Bengaluru,Tier 1,treated,143,137,4,2,12.88,77.9,30957.0
2026-06-17,DS1022,Lucknow,Tier 2,control,156,150,5,1,15.77,39.6,27289.0
2026-06-17,DS1023,Mumbai,Tier 1,treated,256,249,6,1,14.63,55.3,46829.0
2026-06-17,DS1024,Mumbai,Tier 1,treated,289,273,11,5,14.41,55.1,56678.0
2026-06-17,DS1025,Jaipur,Tier 2,control,120,113,5,2,17.46,35.0,26038.0
2026-06-17,DS1026,Delhi NCR,Tier 1,treated,237,223,5,9,15.98,38.2,63723.0
2026-06-17,DS1027,Mumbai,Tier 1,treated,172,163,7,2,16.02,38.0,36822.0
2026-06-17,DS1028,Bhopal,Tier 2,control,199,185,10,4,16.57,35.0,39331.0
2026-06-17,DS1029,Jaipur,Tier 2,control,146,141,4,1,16.93,35.0,26327.0
2026-06-17,DS1030,Pune,Tier 1,control,305,289,13,3,17.52,35.0,75757.0
2026-06-17,DS1031,Mumbai,Tier 1,treated,215,209,4,2,14.93,51.8,44719.0
2026-06-17,DS1032,Chennai,Tier 1,control,235,229,5,1,18.77,35.0,59009.0
2026-06-17,DS1033,Jaipur,Tier 2,control,96,94,2,0,20.48,35.0,22116.0
2026-06-17,DS1034,Mumbai,Tier 1,treated,196,192,3,1,16.54,35.0,57415.0
2026-06-17,DS1035,Pune,Tier 1,control,236,229,5,2,16.87,35.0,54219.0
2026-06-17,DS1036,Lucknow,Tier 2,control,93,86,6,1,12.81,81.0,18624.0
2026-06-17,DS1037,Lucknow,Tier 2,control,156,150,6,0,17.0,35.0,28913.0
2026-06-17,DS1038,Delhi NCR,Tier 1,treated,234,221,10,3,12.23,80.2,59877.0
2026-06-17,DS1039,Lucknow,Tier 2,control,108,105,3,0,15.44,44.9,19754.0
2026-06-17,DS1040,Hyderabad,Tier 1,control,202,191,8,3,16.69,35.0,51601.0
2026-06-17,DS1041,Lucknow,Tier 2,control,133,127,6,0,18.47,35.0,21995.0
2026-06-17,DS1042,Jaipur,Tier 2,control,119,114,3,2,17.52,35.0,21049.0
2026-06-17,DS1043,Indore,Tier 2,control,105,102,3,0,14.58,56.5,23223.0
2026-06-17,DS1044,Bengaluru,Tier 1,treated,196,190,6,0,14.7,55.1,51335.0
2026-06-17,DS1045,Delhi NCR,Tier 1,treated,222,207,11,4,14.27,52.7,51896.0
2026-06-17,DS1046,Bengaluru,Tier 1,treated,178,173,5,0,16.06,44.4,37744.0
2026-06-17,DS1047,Bengaluru,Tier 1,treated,190,183,4,3,18.48,35.0,56845.0
2026-06-17,DS1048,Mumbai,Tier 1,treated,238,226,10,2,15.6,46.8,50551.0
2026-06-17,DS1049,Jaipur,Tier 2,control,151,146,2,3,15.94,42.4,29338.0
2026-06-17,DS1050,Chennai,Tier 1,control,177,172,3,2,13.55,58.4,36779.0
2026-06-17,DS1051,Chennai,Tier 1,control,247,233,9,5,16.78,35.0,53399.0
2026-06-17,DS1052,Jaipur,Tier 2,control,114,111,1,2,17.49,35.0,26562.0
2026-06-17,DS1053,Bhopal,Tier 2,control,123,120,2,1,14.63,52.1,24731.0
2026-06-17,DS1054,Pune,Tier 1,control,255,242,10,3,16.95,35.0,63866.0
2026-06-17,DS1055,Delhi NCR,Tier 1,treated,203,196,4,3,13.59,64.7,53575.0
2026-06-17,DS1056,Delhi NCR,Tier 1,treated,295,285,7,3,18.2,35.0,82322.0
2026-06-17,DS1057,Delhi NCR,Tier 1,treated,195,185,8,2,16.0,35.0,51879.0
2026-06-17,DS1058,Chennai,Tier 1,control,233,225,6,2,19.51,35.0,45230.0
2026-06-17,DS1059,Mumbai,Tier 1,treated,219,208,9,2,14.93,52.6,49965.0
2026-06-18,DS1000,Pune,Tier 1,control,242,226,13,3,17.99,35.0,47424.0
2026-06-18,DS1001,Bengaluru,Tier 1,treated,234,218,13,3,20.0,35.0,57188.0
2026-06-18,DS1002,Mumbai,Tier 1,treated,189,181,5,3,14.47,57.0,39099.0
2026-06-18,DS1003,Lucknow,Tier 2,control,110,106,4,0,18.14,35.0,19584.0
2026-06-18,DS1004,Pune,Tier 1,control,169,163,5,1,14.75,49.5,41605.0
2026-06-18,DS1005,Pune,Tier 1,control,176,165,10,1,16.34,39.1,35223.0
2026-06-18,DS1006,Pune,Tier 1,control,263,250,9,4,15.34,42.2,57294.0
2026-06-18,DS1007,Mumbai,Tier 1,treated,222,206,13,3,12.7,69.9,46094.0
2026-06-18,DS1008,Chennai,Tier 1,control,231,216,12,3,18.98,35.0,53280.0
2026-06-18,DS1009,Hyderabad,Tier 1,control,252,243,7,2,14.46,61.4,57825.0
2026-06-18,DS1010,Lucknow,Tier 2,control,78,77,0,1,17.15,35.0,15746.0
2026-06-18,DS1011,Pune,Tier 1,control,187,176,4,7,19.64,35.0,40660.0
2026-06-18,DS1012,Bengaluru,Tier 1,treated,227,216,9,2,15.14,37.2,54125.0
2026-06-18,DS1013,Pune,Tier 1,control,241,226,7,8,19.26,35.0,55242.0
2026-06-18,DS1014,Hyderabad,Tier 1,control,217,205,8,4,17.69,35.0,53903.0
2026-06-18,DS1015,Jaipur,Tier 2,control,145,136,6,3,16.49,41.2,32971.0
2026-06-18,DS1016,Mumbai,Tier 1,treated,215,206,7,2,12.79,75.1,48264.0
2026-06-18,DS1017,Chennai,Tier 1,control,190,183,5,2,14.2,53.6,44938.0
2026-06-18,DS1018,Bhopal,Tier 2,control,95,91,3,1,16.97,35.0,20375.0
2026-06-18,DS1019,Hyderabad,Tier 1,control,258,250,6,2,19.91,35.0,51023.0
2026-06-18,DS1020,Jaipur,Tier 2,control,154,151,3,0,19.17,35.0,27779.0
2026-06-18,DS1021,Bengaluru,Tier 1,treated,137,133,4,0,13.49,70.0,27817.0
2026-06-18,DS1022,Lucknow,Tier 2,control,152,147,3,2,16.1,35.0,36021.0
2026-06-18,DS1023,Mumbai,Tier 1,treated,226,208,12,6,14.7,59.8,52033.0
2026-06-18,DS1024,Mumbai,Tier 1,treated,290,276,9,5,16.14,41.5,76343.0
2026-06-18,DS1025,Jaipur,Tier 2,control,125,118,7,0,17.19,35.0,23982.0
2026-06-18,DS1026,Delhi NCR,Tier 1,treated,210,204,2,4,16.43,38.9,46617.0
2026-06-18,DS1027,Mumbai,Tier 1,treated,197,184,12,1,17.08,35.0,41573.0
2026-06-18,DS1028,Bhopal,Tier 2,control,183,173,8,2,16.51,35.0,33430.0
2026-06-18,DS1029,Jaipur,Tier 2,control,133,127,2,4,17.31,35.0,26746.0
2026-06-18,DS1030,Pune,Tier 1,control,291,286,3,2,15.83,35.5,75133.0
2026-06-18,DS1031,Mumbai,Tier 1,treated,193,171,14,8,14.91,52.1,39391.0
2026-06-18,DS1032,Chennai,Tier 1,control,225,215,10,0,17.36,35.0,53470.0
2026-06-18,DS1033,Jaipur,Tier 2,control,76,72,3,1,18.42,35.0,16433.0
2026-06-18,DS1034,Mumbai,Tier 1,treated,213,204,6,3,16.0,40.3,40490.0
2026-06-18,DS1035,Pune,Tier 1,control,273,265,6,2,17.93,35.0,58676.0
2026-06-18,DS1036,Lucknow,Tier 2,control,109,102,6,1,15.04,46.4,23124.0
2026-06-18,DS1037,Lucknow,Tier 2,control,140,130,8,2,18.57,35.0,25254.0
2026-06-18,DS1038,Delhi NCR,Tier 1,treated,240,227,9,4,11.32,83.8,52640.0
2026-06-18,DS1039,Lucknow,Tier 2,control,95,90,3,2,15.12,43.6,14970.0
2026-06-18,DS1040,Hyderabad,Tier 1,control,178,174,4,0,18.92,35.0,41174.0
2026-06-18,DS1041,Lucknow,Tier 2,control,97,92,3,2,18.91,35.0,22360.0
2026-06-18,DS1042,Jaipur,Tier 2,control,142,132,7,3,15.39,46.1,35292.0
2026-06-18,DS1043,Indore,Tier 2,control,118,113,3,2,14.14,62.1,25446.0
2026-06-18,DS1044,Bengaluru,Tier 1,treated,193,183,10,0,13.85,66.5,41448.0
2026-06-18,DS1045,Delhi NCR,Tier 1,treated,216,208,6,2,12.33,80.6,43737.0
2026-06-18,DS1046,Bengaluru,Tier 1,treated,193,187,4,2,14.6,54.2,49138.0
2026-06-18,DS1047,Bengaluru,Tier 1,treated,146,140,3,3,18.22,35.0,33705.0
2026-06-18,DS1048,Mumbai,Tier 1,treated,220,203,14,3,16.38,42.5,47449.0
2026-06-18,DS1049,Jaipur,Tier 2,control,150,141,7,2,16.1,38.9,27721.0
2026-06-18,DS1050,Chennai,Tier 1,control,171,160,7,4,15.84,36.4,34194.0
2026-06-18,DS1051,Chennai,Tier 1,control,226,214,9,3,17.04,35.0,64145.0
2026-06-18,DS1052,Jaipur,Tier 2,control,118,112,4,2,15.97,41.3,21712.0
2026-06-18,DS1053,Bhopal,Tier 2,control,117,113,3,1,15.09,54.1,24299.0
2026-06-18,DS1054,Pune,Tier 1,control,267,259,5,3,17.42,35.0,61995.0
2026-06-18,DS1055,Delhi NCR,Tier 1,treated,185,179,4,2,14.48,57.6,36645.0
2026-06-18,DS1056,Delhi NCR,Tier 1,treated,285,274,10,1,16.83,36.5,57304.0
2026-06-18,DS1057,Delhi NCR,Tier 1,treated,218,208,9,1,16.39,35.0,48686.0
2026-06-18,DS1058,Chennai,Tier 1,control,223,217,4,2,17.74,35.0,49165.0
2026-06-18,DS1059,Mumbai,Tier 1,treated,217,206,7,4,13.64,68.1,51725.0
2026-06-19,DS1000,Pune,Tier 1,control,317,301,7,9,18.57,35.0,88297.0
2026-06-19,DS1001,Bengaluru,Tier 1,treated,260,248,7,5,18.64,35.0,49352.0
2026-06-19,DS1002,Mumbai,Tier 1,treated,263,251,8,4,15.98,36.7,53818.0
2026-06-19,DS1003,Lucknow,Tier 2,control,160,153,6,1,15.03,46.6,30461.0
2026-06-19,DS1004,Pune,Tier 1,control,201,192,8,1,13.79,55.5,46122.0
2026-06-19,DS1005,Pune,Tier 1,control,224,218,4,2,18.12,35.0,54963.0
2026-06-19,DS1006,Pune,Tier 1,control,296,283,10,3,13.66,59.9,67319.0
2026-06-19,DS1007,Mumbai,Tier 1,treated,290,278,8,4,13.76,60.8,76255.0
2026-06-19,DS1008,Chennai,Tier 1,control,268,255,9,4,19.51,35.0,66412.0
2026-06-19,DS1009,Hyderabad,Tier 1,control,300,283,15,2,14.54,52.4,57661.0
2026-06-19,DS1010,Lucknow,Tier 2,control,110,107,2,1,17.79,35.0,25353.0
2026-06-19,DS1011,Pune,Tier 1,control,217,213,4,0,18.86,35.0,66152.0
2026-06-19,DS1012,Bengaluru,Tier 1,treated,270,254,12,4,17.2,35.0,57420.0
2026-06-19,DS1013,Pune,Tier 1,control,295,281,12,2,17.98,35.0,67634.0
2026-06-19,DS1014,Hyderabad,Tier 1,control,234,224,9,1,21.45,35.0,42586.0
2026-06-19,DS1015,Jaipur,Tier 2,control,188,180,6,2,16.94,35.0,34642.0
2026-06-19,DS1016,Mumbai,Tier 1,treated,291,280,7,4,14.72,45.9,85397.0
2026-06-19,DS1017,Chennai,Tier 1,control,222,212,9,1,15.9,42.2,54079.0
2026-06-19,DS1018,Bhopal,Tier 2,control,142,135,4,3,15.8,43.4,28684.0
2026-06-19,DS1019,Hyderabad,Tier 1,control,295,281,13,1,19.78,35.0,62141.0
2026-06-19,DS1020,Jaipur,Tier 2,control,165,155,8,2,19.37,35.0,29885.0
2026-06-19,DS1021,Bengaluru,Tier 1,treated,183,167,10,6,14.18,65.1,37844.0
2026-06-19,DS1022,Lucknow,Tier 2,control,190,181,8,1,15.15,48.9,36932.0
2026-06-19,DS1023,Mumbai,Tier 1,treated,288,282,6,0,13.13,75.3,58129.0
2026-06-19,DS1024,Mumbai,Tier 1,treated,321,314,5,2,15.56,37.7,65377.0
2026-06-19,DS1025,Jaipur,Tier 2,control,139,133,5,1,16.75,35.0,31554.0
2026-06-19,DS1026,Delhi NCR,Tier 1,treated,245,235,6,4,15.65,45.6,60452.0
2026-06-19,DS1027,Mumbai,Tier 1,treated,223,217,4,2,17.88,35.0,45291.0
2026-06-19,DS1028,Bhopal,Tier 2,control,237,225,9,3,16.8,35.0,40233.0
2026-06-19,DS1029,Jaipur,Tier 2,control,143,133,7,3,17.01,35.0,26590.0
2026-06-19,DS1030,Pune,Tier 1,control,346,337,4,5,16.51,35.0,72494.0
2026-06-19,DS1031,Mumbai,Tier 1,treated,262,249,13,0,15.48,47.5,71845.0
2026-06-19,DS1032,Chennai,Tier 1,control,306,292,9,5,18.88,35.0,73973.0
2026-06-19,DS1033,Jaipur,Tier 2,control,115,112,3,0,18.84,35.0,24301.0
2026-06-19,DS1034,Mumbai,Tier 1,treated,247,233,14,0,15.61,43.3,54705.0
2026-06-19,DS1035,Pune,Tier 1,control,312,296,11,5,16.41,36.0,57598.0
2026-06-19,DS1036,Lucknow,Tier 2,control,121,119,2,0,13.45,66.2,21898.0
2026-06-19,DS1037,Lucknow,Tier 2,control,182,171,10,1,18.3,35.0,30603.0
2026-06-19,DS1038,Delhi NCR,Tier 1,treated,291,282,7,2,12.43,77.7,59845.0
2026-06-19,DS1039,Lucknow,Tier 2,control,125,117,6,2,13.61,63.8,28460.0
2026-06-19,DS1040,Hyderabad,Tier 1,control,234,218,13,3,20.52,35.0,45497.0
2026-06-19,DS1041,Lucknow,Tier 2,control,163,159,3,1,19.0,35.0,40468.0
2026-06-19,DS1042,Jaipur,Tier 2,control,174,170,2,2,16.75,35.0,42076.0
2026-06-19,DS1043,Indore,Tier 2,control,132,123,6,3,14.26,57.1,28546.0
2026-06-19,DS1044,Bengaluru,Tier 1,treated,217,210,7,0,15.0,53.3,56599.0
2026-06-19,DS1045,Delhi NCR,Tier 1,treated,257,241,13,3,15.01,48.1,64240.0
2026-06-19,DS1046,Bengaluru,Tier 1,treated,216,209,4,3,15.99,35.0,49958.0
2026-06-19,DS1047,Bengaluru,Tier 1,treated,189,183,4,2,19.44,35.0,41140.0
2026-06-19,DS1048,Mumbai,Tier 1,treated,254,240,11,3,15.75,47.6,49825.0
2026-06-19,DS1049,Jaipur,Tier 2,control,180,170,7,3,15.53,38.8,43891.0
2026-06-19,DS1050,Chennai,Tier 1,control,180,174,5,1,13.88,59.9,38392.0
2026-06-19,DS1051,Chennai,Tier 1,control,289,283,4,2,16.29,35.0,63346.0
2026-06-19,DS1052,Jaipur,Tier 2,control,132,129,3,0,16.78,35.0,23500.0
2026-06-19,DS1053,Bhopal,Tier 2,control,149,143,3,3,14.75,48.9,28913.0
2026-06-19,DS1054,Pune,Tier 1,control,321,309,8,4,16.61,39.1,82855.0
2026-06-19,DS1055,Delhi NCR,Tier 1,treated,248,235,7,6,13.16,71.2,70538.0
2026-06-19,DS1056,Delhi NCR,Tier 1,treated,362,349,11,2,16.9,35.0,70858.0
2026-06-19,DS1057,Delhi NCR,Tier 1,treated,228,218,9,1,15.94,41.6,39370.0
2026-06-19,DS1058,Chennai,Tier 1,control,291,279,10,2,17.56,35.0,65289.0
2026-06-19,DS1059,Mumbai,Tier 1,treated,256,249,6,1,14.18,64.9,66399.0
2026-06-20,DS1000,Pune,Tier 1,control,268,251,12,5,17.82,35.0,76194.0
2026-06-20,DS1001,Bengaluru,Tier 1,treated,237,229,6,2,17.97,35.0,51184.0
2026-06-20,DS1002,Mumbai,Tier 1,treated,272,260,11,1,14.93,51.2,70048.0
2026-06-20,DS1003,Lucknow,Tier 2,control,155,145,7,3,16.73,35.2,29221.0
2026-06-20,DS1004,Pune,Tier 1,control,188,178,8,2,14.99,42.7,42493.0
2026-06-20,DS1005,Pune,Tier 1,control,184,177,6,1,17.34,35.0,36442.0
2026-06-20,DS1006,Pune,Tier 1,control,312,299,12,1,13.35,70.0,80874.0
2026-06-20,DS1007,Mumbai,Tier 1,treated,289,273,11,5,13.17,73.6,60156.0
2026-06-20,DS1008,Chennai,Tier 1,control,269,256,7,6,19.24,35.0,52560.0
2026-06-20,DS1009,Hyderabad,Tier 1,control,308,296,9,3,13.95,64.8,71062.0
2026-06-20,DS1010,Lucknow,Tier 2,control,107,105,1,1,17.07,35.0,24088.0
2026-06-20,DS1011,Pune,Tier 1,control,241,228,9,4,19.37,35.0,56441.0
2026-06-20,DS1012,Bengaluru,Tier 1,treated,280,272,5,3,15.19,40.5,65738.0
2026-06-20,DS1013,Pune,Tier 1,control,310,299,4,7,17.8,35.0,94696.0
2026-06-20,DS1014,Hyderabad,Tier 1,control,214,204,8,2,19.72,35.0,51034.0
2026-06-20,DS1015,Jaipur,Tier 2,control,196,188,6,2,16.52,35.0,41346.0
2026-06-20,DS1016,Mumbai,Tier 1,treated,286,270,11,5,14.09,66.6,58208.0
2026-06-20,DS1017,Chennai,Tier 1,control,214,205,8,1,16.58,44.2,46680.0
2026-06-20,DS1018,Bhopal,Tier 2,control,123,119,3,1,15.83,36.7,20612.0
2026-06-20,DS1019,Hyderabad,Tier 1,control,303,286,13,4,18.88,35.0,62537.0
2026-06-20,DS1020,Jaipur,Tier 2,control,176,168,6,2,20.19,35.0,35123.0
2026-06-20,DS1021,Bengaluru,Tier 1,treated,195,192,3,0,13.29,68.2,44150.0
2026-06-20,DS1022,Lucknow,Tier 2,control,208,203,2,3,16.81,35.0,37226.0
2026-06-20,DS1023,Mumbai,Tier 1,treated,291,276,10,5,15.36,42.9,68272.0
2026-06-20,DS1024,Mumbai,Tier 1,treated,336,318,13,5,15.6,39.9,74123.0
2026-06-20,DS1025,Jaipur,Tier 2,control,140,132,8,0,16.97,35.0,28348.0
2026-06-20,DS1026,Delhi NCR,Tier 1,treated,258,251,4,3,17.02,35.0,58508.0
2026-06-20,DS1027,Mumbai,Tier 1,treated,190,179,9,2,16.77,35.0,46935.0
2026-06-20,DS1028,Bhopal,Tier 2,control,210,197,8,5,15.8,40.2,45256.0
2026-06-20,DS1029,Jaipur,Tier 2,control,135,131,3,1,16.09,38.7,24019.0
2026-06-20,DS1030,Pune,Tier 1,control,312,296,12,4,15.55,43.5,78016.0
2026-06-20,DS1031,Mumbai,Tier 1,treated,232,223,6,3,16.73,35.0,44608.0
2026-06-20,DS1032,Chennai,Tier 1,control,260,252,6,2,18.31,35.0,59699.0
2026-06-20,DS1033,Jaipur,Tier 2,control,101,98,2,1,20.1,35.0,18844.0
2026-06-20,DS1034,Mumbai,Tier 1,treated,272,255,15,2,14.19,63.0,62106.0
2026-06-20,DS1035,Pune,Tier 1,control,313,301,8,4,17.94,35.0,83797.0
2026-06-20,DS1036,Lucknow,Tier 2,control,136,127,6,3,14.35,60.8,30643.0
2026-06-20,DS1037,Lucknow,Tier 2,control,189,179,8,2,17.17,35.0,27079.0
2026-06-20,DS1038,Delhi NCR,Tier 1,treated,250,239,8,3,11.22,83.9,46209.0
2026-06-20,DS1039,Lucknow,Tier 2,control,134,127,4,3,14.12,51.4,25521.0
2026-06-20,DS1040,Hyderabad,Tier 1,control,232,217,8,7,18.49,35.0,56743.0
2026-06-20,DS1041,Lucknow,Tier 2,control,133,131,1,1,17.73,35.0,19677.0
2026-06-20,DS1042,Jaipur,Tier 2,control,156,148,6,2,15.94,36.9,21142.0
2026-06-20,DS1043,Indore,Tier 2,control,141,136,4,1,12.85,73.6,31964.0
2026-06-20,DS1044,Bengaluru,Tier 1,treated,255,242,7,6,14.08,67.8,62856.0
2026-06-20,DS1045,Delhi NCR,Tier 1,treated,269,253,13,3,14.25,66.6,74502.0
2026-06-20,DS1046,Bengaluru,Tier 1,treated,216,202,9,5,15.06,48.1,42521.0
2026-06-20,DS1047,Bengaluru,Tier 1,treated,211,206,4,1,18.63,35.0,49799.0
2026-06-20,DS1048,Mumbai,Tier 1,treated,272,258,13,1,15.28,41.2,58869.0
2026-06-20,DS1049,Jaipur,Tier 2,control,175,169,4,2,15.3,45.6,29571.0
2026-06-20,DS1050,Chennai,Tier 1,control,188,180,7,1,15.08,55.4,47144.0
2026-06-20,DS1051,Chennai,Tier 1,control,273,258,10,5,19.2,35.0,74367.0
2026-06-20,DS1052,Jaipur,Tier 2,control,157,150,5,2,18.93,35.0,33965.0
2026-06-20,DS1053,Bhopal,Tier 2,control,132,126,6,0,16.18,35.0,26083.0
2026-06-20,DS1054,Pune,Tier 1,control,294,282,7,5,16.12,35.0,80253.0
2026-06-20,DS1055,Delhi NCR,Tier 1,treated,246,229,15,2,14.91,51.2,51493.0
2026-06-20,DS1056,Delhi NCR,Tier 1,treated,327,309,14,4,16.17,35.0,84581.0
2026-06-20,DS1057,Delhi NCR,Tier 1,treated,211,198,7,6,16.29,41.6,47985.0
2026-06-20,DS1058,Chennai,Tier 1,control,290,272,17,1,18.98,35.0,55668.0
2026-06-20,DS1059,Mumbai,Tier 1,treated,254,241,9,4,14.97,51.2,65173.0
2026-06-21,DS1000,Pune,Tier 1,control,219,210,6,3,16.57,35.0,51150.0
2026-06-21,DS1001,Bengaluru,Tier 1,treated,209,200,7,2,19.44,35.0,41223.0
2026-06-21,DS1002,Mumbai,Tier 1,treated,220,211,7,2,12.86,73.7,47004.0
2026-06-21,DS1003,Lucknow,Tier 2,control,110,105,4,1,15.75,43.9,21665.0
2026-06-21,DS1004,Pune,Tier 1,control,179,166,13,0,13.98,57.3,32839.0
2026-06-21,DS1005,Pune,Tier 1,control,171,165,4,2,16.26,35.0,38981.0
2026-06-21,DS1006,Pune,Tier 1,control,245,233,8,4,15.94,35.0,48824.0
2026-06-21,DS1007,Mumbai,Tier 1,treated,220,204,9,7,13.05,73.6,44638.0
2026-06-21,DS1008,Chennai,Tier 1,control,224,212,9,3,18.68,35.0,47183.0
2026-06-21,DS1009,Hyderabad,Tier 1,control,276,266,4,6,14.79,50.3,52744.0
2026-06-21,DS1010,Lucknow,Tier 2,control,84,80,4,0,17.77,35.0,13070.0
2026-06-21,DS1011,Pune,Tier 1,control,207,199,7,1,19.41,35.0,34478.0
2026-06-21,DS1012,Bengaluru,Tier 1,treated,235,225,8,2,13.94,63.0,53080.0
2026-06-21,DS1013,Pune,Tier 1,control,225,217,5,3,17.48,35.0,51370.0
2026-06-21,DS1014,Hyderabad,Tier 1,control,200,192,6,2,18.73,35.0,45872.0
2026-06-21,DS1015,Jaipur,Tier 2,control,164,161,3,0,16.95,35.0,28826.0
2026-06-21,DS1016,Mumbai,Tier 1,treated,240,231,6,3,13.81,54.7,51926.0
2026-06-21,DS1017,Chennai,Tier 1,control,176,170,0,6,14.7,56.0,41547.0
2026-06-21,DS1018,Bhopal,Tier 2,control,106,102,4,0,16.53,37.0,25499.0
2026-06-21,DS1019,Hyderabad,Tier 1,control,241,227,10,4,20.46,35.0,59646.0
2026-06-21,DS1020,Jaipur,Tier 2,control,133,129,3,1,17.98,35.0,25518.0
2026-06-21,DS1021,Bengaluru,Tier 1,treated,143,140,1,2,13.36,72.8,31257.0
2026-06-21,DS1022,Lucknow,Tier 2,control,154,145,2,7,15.2,48.8,22853.0
2026-06-21,DS1023,Mumbai,Tier 1,treated,257,239,15,3,13.31,61.6,54949.0
2026-06-21,DS1024,Mumbai,Tier 1,treated,284,275,5,4,15.47,45.5,70041.0
2026-06-21,DS1025,Jaipur,Tier 2,control,119,115,3,1,15.72,47.3,26437.0
2026-06-21,DS1026,Delhi NCR,Tier 1,treated,222,217,4,1,15.94,42.3,41165.0
2026-06-21,DS1027,Mumbai,Tier 1,treated,178,167,8,3,15.64,40.0,40395.0
2026-06-21,DS1028,Bhopal,Tier 2,control,173,167,3,3,16.3,35.0,27875.0
2026-06-21,DS1029,Jaipur,Tier 2,control,131,127,2,2,16.48,36.8,22865.0
2026-06-21,DS1030,Pune,Tier 1,control,286,277,6,3,17.83,35.0,66171.0
2026-06-21,DS1031,Mumbai,Tier 1,treated,196,187,8,1,14.12,62.9,38060.0
2026-06-21,DS1032,Chennai,Tier 1,control,244,235,6,3,18.31,35.0,42425.0
2026-06-21,DS1033,Jaipur,Tier 2,control,95,88,4,3,18.87,35.0,17703.0
2026-06-21,DS1034,Mumbai,Tier 1,treated,203,194,8,1,14.45,62.0,42540.0
2026-06-21,DS1035,Pune,Tier 1,control,273,260,12,1,17.23,35.0,59631.0
2026-06-21,DS1036,Lucknow,Tier 2,control,112,104,4,4,11.85,77.4,20071.0
2026-06-21,DS1037,Lucknow,Tier 2,control,158,153,5,0,17.5,35.0,26483.0
2026-06-21,DS1038,Delhi NCR,Tier 1,treated,252,245,5,2,11.53,86.4,63152.0
2026-06-21,DS1039,Lucknow,Tier 2,control,120,116,3,1,16.31,39.1,28153.0
2026-06-21,DS1040,Hyderabad,Tier 1,control,214,203,8,3,15.92,41.4,41491.0
2026-06-21,DS1041,Lucknow,Tier 2,control,118,112,5,1,16.73,37.4,22937.0
2026-06-21,DS1042,Jaipur,Tier 2,control,130,127,2,1,17.39,35.0,23116.0
2026-06-21,DS1043,Indore,Tier 2,control,119,114,2,3,11.78,85.5,28252.0
2026-06-21,DS1044,Bengaluru,Tier 1,treated,183,175,6,2,14.94,48.0,41597.0
2026-06-21,DS1045,Delhi NCR,Tier 1,treated,228,213,11,4,14.71,50.6,48910.0
2026-06-21,DS1046,Bengaluru,Tier 1,treated,186,179,5,2,17.03,35.0,50670.0
2026-06-21,DS1047,Bengaluru,Tier 1,treated,185,176,7,2,18.23,35.0,34851.0
2026-06-21,DS1048,Mumbai,Tier 1,treated,219,211,6,2,16.29,35.7,47750.0
2026-06-21,DS1049,Jaipur,Tier 2,control,148,147,1,0,15.01,44.9,32051.0
2026-06-21,DS1050,Chennai,Tier 1,control,172,156,13,3,15.11,44.1,32675.0
2026-06-21,DS1051,Chennai,Tier 1,control,225,220,3,2,16.59,35.0,43837.0
2026-06-21,DS1052,Jaipur,Tier 2,control,114,107,3,4,16.59,35.0,23358.0
2026-06-21,DS1053,Bhopal,Tier 2,control,111,102,6,3,15.0,47.5,25395.0
2026-06-21,DS1054,Pune,Tier 1,control,243,227,8,8,16.04,40.3,45817.0
2026-06-21,DS1055,Delhi NCR,Tier 1,treated,185,177,7,1,13.37,67.8,43104.0
2026-06-21,DS1056,Delhi NCR,Tier 1,treated,292,280,4,8,15.83,42.2,84156.0
2026-06-21,DS1057,Delhi NCR,Tier 1,treated,226,219,4,3,17.58,35.0,42882.0
2026-06-21,DS1058,Chennai,Tier 1,control,228,219,8,1,18.44,35.0,44153.0
2026-06-21,DS1059,Mumbai,Tier 1,treated,212,199,9,4,12.89,78.1,41535.0
2026-06-22,DS1000,Pune,Tier 1,control,264,260,2,2,17.45,35.0,59206.0
2026-06-22,DS1001,Bengaluru,Tier 1,treated,228,218,3,7,18.25,35.0,58301.0
2026-06-22,DS1002,Mumbai,Tier 1,treated,205,197,6,2,13.92,67.1,41777.0
2026-06-22,DS1003,Lucknow,Tier 2,control,120,116,2,2,15.56,44.4,24624.0
2026-06-22,DS1004,Pune,Tier 1,control,187,179,6,2,13.49,73.7,43375.0
2026-06-22,DS1005,Pune,Tier 1,control,180,166,10,4,19.63,35.0,44660.0
2026-06-22,DS1006,Pune,Tier 1,control,268,254,12,2,13.37,69.0,63922.0
2026-06-22,DS1007,Mumbai,Tier 1,treated,235,222,11,2,12.25,77.7,53690.0
2026-06-22,DS1008,Chennai,Tier 1,control,216,212,4,0,19.04,35.0,55324.0
2026-06-22,DS1009,Hyderabad,Tier 1,control,246,239,3,4,14.56,52.9,45779.0
2026-06-22,DS1010,Lucknow,Tier 2,control,97,91,5,1,19.74,35.0,17305.0
2026-06-22,DS1011,Pune,Tier 1,control,208,189,14,5,18.61,35.0,52755.0
2026-06-22,DS1012,Bengaluru,Tier 1,treated,236,221,11,4,15.36,39.1,51373.0
2026-06-22,DS1013,Pune,Tier 1,control,244,239,4,1,17.99,35.0,46572.0
2026-06-22,DS1014,Hyderabad,Tier 1,control,231,217,8,6,19.63,35.0,59359.0
2026-06-22,DS1015,Jaipur,Tier 2,control,150,135,13,2,16.72,35.0,28654.0
2026-06-22,DS1016,Mumbai,Tier 1,treated,243,239,1,3,16.17,44.5,59173.0
2026-06-22,DS1017,Chennai,Tier 1,control,188,180,3,5,15.22,49.6,36672.0
2026-06-22,DS1018,Bhopal,Tier 2,control,120,113,6,1,15.27,41.6,19639.0
2026-06-22,DS1019,Hyderabad,Tier 1,control,264,253,9,2,17.34,35.0,69183.0
2026-06-22,DS1020,Jaipur,Tier 2,control,142,138,2,2,18.92,35.0,30232.0
2026-06-22,DS1021,Bengaluru,Tier 1,treated,178,171,4,3,13.4,66.5,39470.0
2026-06-22,DS1022,Lucknow,Tier 2,control,160,152,6,2,15.86,38.9,33561.0
2026-06-22,DS1023,Mumbai,Tier 1,treated,250,236,10,4,12.92,79.3,58905.0
2026-06-22,DS1024,Mumbai,Tier 1,treated,265,254,10,1,15.96,38.7,70642.0
2026-06-22,DS1025,Jaipur,Tier 2,control,140,130,9,1,15.5,45.7,32756.0
2026-06-22,DS1026,Delhi NCR,Tier 1,treated,231,227,4,0,15.67,43.6,57196.0
2026-06-22,DS1027,Mumbai,Tier 1,treated,190,181,5,4,16.35,35.0,41336.0
2026-06-22,DS1028,Bhopal,Tier 2,control,197,183,13,1,15.54,39.3,35757.0
2026-06-22,DS1029,Jaipur,Tier 2,control,140,137,2,1,18.11,35.0,35118.0
2026-06-22,DS1030,Pune,Tier 1,control,293,280,8,5,17.56,35.0,63403.0
2026-06-22,DS1031,Mumbai,Tier 1,treated,215,207,6,2,15.44,50.6,58280.0
2026-06-22,DS1032,Chennai,Tier 1,control,207,202,3,2,17.87,35.0,42111.0
2026-06-22,DS1033,Jaipur,Tier 2,control,88,85,3,0,19.98,35.0,16348.0
2026-06-22,DS1034,Mumbai,Tier 1,treated,229,221,7,1,15.14,54.9,53288.0
2026-06-22,DS1035,Pune,Tier 1,control,273,257,15,1,17.84,35.0,76578.0
2026-06-22,DS1036,Lucknow,Tier 2,control,97,91,4,2,12.55,76.9,17859.0
2026-06-22,DS1037,Lucknow,Tier 2,control,165,156,7,2,19.88,35.0,41318.0
2026-06-22,DS1038,Delhi NCR,Tier 1,treated,275,262,10,3,13.16,70.1,56076.0
2026-06-22,DS1039,Lucknow,Tier 2,control,94,90,3,1,14.81,55.1,17223.0
2026-06-22,DS1040,Hyderabad,Tier 1,control,192,176,14,2,19.58,35.0,48857.0
2026-06-22,DS1041,Lucknow,Tier 2,control,132,126,4,2,18.16,35.0,25822.0
2026-06-22,DS1042,Jaipur,Tier 2,control,134,127,5,2,16.9,35.0,26877.0
2026-06-22,DS1043,Indore,Tier 2,control,116,112,4,0,14.44,57.4,25707.0
2026-06-22,DS1044,Bengaluru,Tier 1,treated,190,180,6,4,15.89,39.6,43966.0
2026-06-22,DS1045,Delhi NCR,Tier 1,treated,173,161,10,2,13.16,68.3,45176.0
2026-06-22,DS1046,Bengaluru,Tier 1,treated,205,191,9,5,15.08,41.2,47181.0
2026-06-22,DS1047,Bengaluru,Tier 1,treated,190,185,3,2,18.92,35.0,40767.0
2026-06-22,DS1048,Mumbai,Tier 1,treated,210,197,10,3,14.75,53.2,39573.0
2026-06-22,DS1049,Jaipur,Tier 2,control,164,159,3,2,15.91,42.0,31582.0
2026-06-22,DS1050,Chennai,Tier 1,control,151,142,8,1,14.79,47.5,36937.0
2026-06-22,DS1051,Chennai,Tier 1,control,207,193,10,4,16.72,35.0,48290.0
2026-06-22,DS1052,Jaipur,Tier 2,control,116,113,3,0,17.8,35.0,19631.0
2026-06-22,DS1053,Bhopal,Tier 2,control,94,88,5,1,15.13,48.3,17880.0
2026-06-22,DS1054,Pune,Tier 1,control,247,233,10,4,18.08,35.0,58992.0
2026-06-22,DS1055,Delhi NCR,Tier 1,treated,216,213,2,1,12.23,75.8,55804.0
2026-06-22,DS1056,Delhi NCR,Tier 1,treated,280,269,8,3,16.15,39.2,63306.0
2026-06-22,DS1057,Delhi NCR,Tier 1,treated,169,164,4,1,17.18,35.0,43096.0
2026-06-22,DS1058,Chennai,Tier 1,control,257,244,11,2,18.08,35.0,43905.0
2026-06-22,DS1059,Mumbai,Tier 1,treated,223,207,13,3,14.55,52.0,59118.0
2026-06-23,DS1000,Pune,Tier 1,control,243,232,8,3,16.91,35.0,60534.0
2026-06-23,DS1001,Bengaluru,Tier 1,treated,212,204,5,3,18.52,35.0,61517.0
2026-06-23,DS1002,Mumbai,Tier 1,treated,203,193,8,2,15.55,35.0,50940.0
2026-06-23,DS1003,Lucknow,Tier 2,control,128,118,4,6,16.68,36.1,27543.0
2026-06-23,DS1004,Pune,Tier 1,control,173,163,8,2,15.22,50.9,32986.0
2026-06-23,DS1005,Pune,Tier 1,control,150,137,6,7,17.25,35.0,33380.0
2026-06-23,DS1006,Pune,Tier 1,control,280,267,9,4,15.11,47.6,59131.0
2026-06-23,DS1007,Mumbai,Tier 1,treated,243,230,7,6,12.24,85.1,56467.0
2026-06-23,DS1008,Chennai,Tier 1,control,258,247,8,3,19.23,35.0,52604.0
2026-06-23,DS1009,Hyderabad,Tier 1,control,260,247,9,4,15.18,57.7,58243.0
2026-06-23,DS1010,Lucknow,Tier 2,control,102,99,2,1,18.65,35.0,16632.0
2026-06-23,DS1011,Pune,Tier 1,control,172,160,10,2,19.58,35.0,38774.0
2026-06-23,DS1012,Bengaluru,Tier 1,treated,236,224,9,3,15.62,47.4,59142.0
2026-06-23,DS1013,Pune,Tier 1,control,247,238,5,4,19.49,35.0,56188.0
2026-06-23,DS1014,Hyderabad,Tier 1,control,228,215,10,3,20.14,35.0,45388.0
2026-06-23,DS1015,Jaipur,Tier 2,control,154,146,5,3,16.4,36.0,32333.0
2026-06-23,DS1016,Mumbai,Tier 1,treated,214,207,5,2,14.85,49.5,52323.0
2026-06-23,DS1017,Chennai,Tier 1,control,164,150,10,4,16.5,35.0,36865.0
2026-06-23,DS1018,Bhopal,Tier 2,control,124,121,1,2,17.6,35.0,27081.0
2026-06-23,DS1019,Hyderabad,Tier 1,control,251,233,15,3,19.99,35.0,61108.0
2026-06-23,DS1020,Jaipur,Tier 2,control,137,131,4,2,17.41,35.0,32020.0
2026-06-23,DS1021,Bengaluru,Tier 1,treated,153,147,6,0,13.82,65.8,39107.0
2026-06-23,DS1022,Lucknow,Tier 2,control,179,170,6,3,14.89,49.3,26739.0
2026-06-23,DS1023,Mumbai,Tier 1,treated,272,252,15,5,14.86,53.5,55833.0
2026-06-23,DS1024,Mumbai,Tier 1,treated,285,275,7,3,16.58,35.0,74797.0
2026-06-23,DS1025,Jaipur,Tier 2,control,128,121,5,2,16.59,35.0,26072.0
2026-06-23,DS1026,Delhi NCR,Tier 1,treated,226,219,6,1,14.17,53.9,46447.0
2026-06-23,DS1027,Mumbai,Tier 1,treated,190,184,4,2,14.15,56.1,48370.0
2026-06-23,DS1028,Bhopal,Tier 2,control,198,186,9,3,15.59,40.8,36144.0
2026-06-23,DS1029,Jaipur,Tier 2,control,124,121,1,2,17.46,35.0,23278.0
2026-06-23,DS1030,Pune,Tier 1,control,291,279,7,5,18.31,35.0,71462.0
2026-06-23,DS1031,Mumbai,Tier 1,treated,189,175,10,4,14.63,46.5,41914.0
2026-06-23,DS1032,Chennai,Tier 1,control,228,214,10,4,16.85,35.0,50567.0
2026-06-23,DS1033,Jaipur,Tier 2,control,91,88,3,0,20.3,35.0,16201.0
2026-06-23,DS1034,Mumbai,Tier 1,treated,211,196,9,6,14.19,62.8,42334.0
2026-06-23,DS1035,Pune,Tier 1,control,267,254,11,2,16.69,35.0,58283.0
2026-06-23,DS1036,Lucknow,Tier 2,control,105,98,4,3,15.42,46.7,21755.0
2026-06-23,DS1037,Lucknow,Tier 2,control,155,148,4,3,18.61,35.0,26935.0
2026-06-23,DS1038,Delhi NCR,Tier 1,treated,265,251,11,3,12.05,82.2,50426.0
2026-06-23,DS1039,Lucknow,Tier 2,control,121,118,2,1,14.1,64.6,19839.0
2026-06-23,DS1040,Hyderabad,Tier 1,control,214,200,11,3,17.26,35.0,60256.0
2026-06-23,DS1041,Lucknow,Tier 2,control,110,106,3,1,17.87,35.0,17581.0
2026-06-23,DS1042,Jaipur,Tier 2,control,120,112,7,1,15.72,35.0,27426.0
2026-06-23,DS1043,Indore,Tier 2,control,126,124,2,0,14.86,55.7,23837.0
2026-06-23,DS1044,Bengaluru,Tier 1,treated,192,180,11,1,14.41,56.0,36657.0
2026-06-23,DS1045,Delhi NCR,Tier 1,treated,241,229,11,1,14.67,55.3,57167.0
2026-06-23,DS1046,Bengaluru,Tier 1,treated,190,176,12,2,17.13,35.0,38806.0
2026-06-23,DS1047,Bengaluru,Tier 1,treated,190,184,4,2,19.32,35.0,40076.0
2026-06-23,DS1048,Mumbai,Tier 1,treated,237,227,8,2,14.01,61.3,52120.0
2026-06-23,DS1049,Jaipur,Tier 2,control,160,155,3,2,15.93,43.0,40539.0
2026-06-23,DS1050,Chennai,Tier 1,control,190,179,8,3,14.29,48.2,36601.0
2026-06-23,DS1051,Chennai,Tier 1,control,230,216,8,6,17.08,35.0,46575.0
2026-06-23,DS1052,Jaipur,Tier 2,control,102,100,2,0,17.21,35.0,23866.0
2026-06-23,DS1053,Bhopal,Tier 2,control,104,96,6,2,14.5,58.0,23803.0
2026-06-23,DS1054,Pune,Tier 1,control,262,249,12,1,17.19,35.0,75733.0
2026-06-23,DS1055,Delhi NCR,Tier 1,treated,185,178,6,1,13.25,66.5,39936.0
2026-06-23,DS1056,Delhi NCR,Tier 1,treated,281,267,13,1,17.16,35.0,66254.0
2026-06-23,DS1057,Delhi NCR,Tier 1,treated,186,178,8,0,17.29,35.0,37926.0
2026-06-23,DS1058,Chennai,Tier 1,control,247,231,13,3,19.94,35.0,61098.0
2026-06-23,DS1059,Mumbai,Tier 1,treated,225,210,12,3,13.66,66.9,52092.0
2026-06-24,DS1000,Pune,Tier 1,control,253,239,14,0,17.28,35.0,52737.0
2026-06-24,DS1001,Bengaluru,Tier 1,treated,211,202,7,2,18.35,35.0,36470.0
2026-06-24,DS1002,Mumbai,Tier 1,treated,220,214,5,1,16.4,35.0,56479.0
2026-06-24,DS1003,Lucknow,Tier 2,control,129,121,7,1,17.68,35.0,28807.0
2026-06-24,DS1004,Pune,Tier 1,control,175,165,7,3,15.9,46.6,36234.0
2026-06-24,DS1005,Pune,Tier 1,control,178,173,4,1,17.15,35.0,37829.0
2026-06-24,DS1006,Pune,Tier 1,control,281,267,9,5,15.22,47.4,74950.0
2026-06-24,DS1007,Mumbai,Tier 1,treated,232,220,8,4,13.79,60.6,45255.0
2026-06-24,DS1008,Chennai,Tier 1,control,241,233,6,2,20.8,35.0,58990.0
2026-06-24,DS1009,Hyderabad,Tier 1,control,237,225,8,4,15.31,47.4,50200.0
2026-06-24,DS1010,Lucknow,Tier 2,control,86,85,0,1,18.32,35.0,15560.0
2026-06-24,DS1011,Pune,Tier 1,control,191,187,4,0,20.07,35.0,41299.0
2026-06-24,DS1012,Bengaluru,Tier 1,treated,227,216,7,4,14.51,56.4,56997.0
2026-06-24,DS1013,Pune,Tier 1,control,241,229,10,2,19.97,35.0,43202.0
2026-06-24,DS1014,Hyderabad,Tier 1,control,204,193,6,5,20.36,35.0,47235.0
2026-06-24,DS1015,Jaipur,Tier 2,control,160,153,7,0,18.45,35.0,40873.0
2026-06-24,DS1016,Mumbai,Tier 1,treated,228,217,7,4,14.17,52.3,52597.0
2026-06-24,DS1017,Chennai,Tier 1,control,171,165,4,2,16.19,43.1,41480.0
2026-06-24,DS1018,Bhopal,Tier 2,control,115,111,4,0,17.09,35.0,21317.0
2026-06-24,DS1019,Hyderabad,Tier 1,control,274,262,7,5,17.95,35.0,69250.0
2026-06-24,DS1020,Jaipur,Tier 2,control,147,140,5,2,17.44,35.0,18361.0
2026-06-24,DS1021,Bengaluru,Tier 1,treated,157,145,7,5,14.03,60.7,33735.0
2026-06-24,DS1022,Lucknow,Tier 2,control,170,161,7,2,14.55,55.1,31442.0
2026-06-24,DS1023,Mumbai,Tier 1,treated,233,221,8,4,13.65,69.4,43367.0
2026-06-24,DS1024,Mumbai,Tier 1,treated,306,300,5,1,14.85,57.8,74273.0
2026-06-24,DS1025,Jaipur,Tier 2,control,108,103,5,0,16.81,35.0,25922.0
2026-06-24,DS1026,Delhi NCR,Tier 1,treated,203,195,5,3,15.17,54.7,51710.0
2026-06-24,DS1027,Mumbai,Tier 1,treated,177,172,4,1,14.9,53.5,43192.0
2026-06-24,DS1028,Bhopal,Tier 2,control,187,178,8,1,15.63,43.0,34352.0
2026-06-24,DS1029,Jaipur,Tier 2,control,128,123,3,2,16.8,35.0,28380.0
2026-06-24,DS1030,Pune,Tier 1,control,320,305,10,5,17.34,35.0,72608.0
2026-06-24,DS1031,Mumbai,Tier 1,treated,190,179,9,2,14.27,56.7,47897.0
2026-06-24,DS1032,Chennai,Tier 1,control,228,224,4,0,18.23,35.0,58754.0
2026-06-24,DS1033,Jaipur,Tier 2,control,85,83,2,0,20.2,35.0,21180.0
2026-06-24,DS1034,Mumbai,Tier 1,treated,194,191,3,0,15.44,46.1,56275.0
2026-06-24,DS1035,Pune,Tier 1,control,285,272,12,1,16.72,35.0,50231.0
2026-06-24,DS1036,Lucknow,Tier 2,control,90,86,2,2,13.94,63.1,19771.0
2026-06-24,DS1037,Lucknow,Tier 2,control,158,154,3,1,15.84,36.0,32650.0
2026-06-24,DS1038,Delhi NCR,Tier 1,treated,221,206,11,4,11.15,87.6,48402.0
2026-06-24,DS1039,Lucknow,Tier 2,control,109,101,4,4,13.79,58.0,22062.0
2026-06-24,DS1040,Hyderabad,Tier 1,control,181,170,9,2,18.38,35.0,34439.0
2026-06-24,DS1041,Lucknow,Tier 2,control,103,99,2,2,17.74,35.0,26539.0
2026-06-24,DS1042,Jaipur,Tier 2,control,122,116,5,1,17.22,35.0,22183.0
2026-06-24,DS1043,Indore,Tier 2,control,111,104,6,1,13.26,70.0,23008.0
2026-06-24,DS1044,Bengaluru,Tier 1,treated,178,166,8,4,14.27,64.6,32670.0
2026-06-24,DS1045,Delhi NCR,Tier 1,treated,222,200,13,9,13.1,61.8,50612.0
2026-06-24,DS1046,Bengaluru,Tier 1,treated,184,177,6,1,15.9,42.5,27343.0
2026-06-24,DS1047,Bengaluru,Tier 1,treated,181,173,6,2,17.32,35.0,36433.0
2026-06-24,DS1048,Mumbai,Tier 1,treated,236,224,8,4,16.08,39.9,56149.0
2026-06-24,DS1049,Jaipur,Tier 2,control,134,125,7,2,15.97,40.9,19700.0
2026-06-24,DS1050,Chennai,Tier 1,control,172,163,7,2,12.98,65.9,44528.0
2026-06-24,DS1051,Chennai,Tier 1,control,206,199,7,0,16.5,35.0,48747.0
2026-06-24,DS1052,Jaipur,Tier 2,control,109,104,4,1,19.04,35.0,22589.0
2026-06-24,DS1053,Bhopal,Tier 2,control,130,124,3,3,14.29,62.0,28641.0
2026-06-24,DS1054,Pune,Tier 1,control,254,246,5,3,17.34,35.0,45374.0
2026-06-24,DS1055,Delhi NCR,Tier 1,treated,204,195,8,1,14.32,59.6,54733.0
2026-06-24,DS1056,Delhi NCR,Tier 1,treated,262,250,10,2,16.53,35.0,61373.0
2026-06-24,DS1057,Delhi NCR,Tier 1,treated,204,197,4,3,16.55,35.0,44091.0
2026-06-24,DS1058,Chennai,Tier 1,control,249,236,10,3,17.99,35.0,57505.0
2026-06-24,DS1059,Mumbai,Tier 1,treated,235,231,1,3,14.45,54.8,56499.0
2026-06-25,DS1000,Pune,Tier 1,control,232,220,9,3,17.01,35.0,46392.0
2026-06-25,DS1001,Bengaluru,Tier 1,treated,230,222,6,2,18.43,35.0,52413.0
2026-06-25,DS1002,Mumbai,Tier 1,treated,204,191,8,5,13.8,64.2,40074.0
2026-06-25,DS1003,Lucknow,Tier 2,control,123,115,7,1,16.58,40.1,24255.0
2026-06-25,DS1004,Pune,Tier 1,control,199,194,4,1,14.74,45.8,41346.0
2026-06-25,DS1005,Pune,Tier 1,control,170,163,6,1,17.99,35.0,25483.0
2026-06-25,DS1006,Pune,Tier 1,control,280,264,12,4,14.18,58.2,69674.0
2026-06-25,DS1007,Mumbai,Tier 1,treated,209,199,6,4,13.66,67.4,43823.0
2026-06-25,DS1008,Chennai,Tier 1,control,244,231,12,1,18.74,35.0,56991.0
2026-06-25,DS1009,Hyderabad,Tier 1,control,281,262,12,7,16.18,35.0,57842.0
2026-06-25,DS1010,Lucknow,Tier 2,control,95,89,3,3,17.94,35.0,21081.0
2026-06-25,DS1011,Pune,Tier 1,control,179,168,8,3,18.52,35.0,50886.0
2026-06-25,DS1012,Bengaluru,Tier 1,treated,243,225,16,2,16.05,43.3,54017.0
2026-06-25,DS1013,Pune,Tier 1,control,247,239,6,2,18.71,35.0,66104.0
2026-06-25,DS1014,Hyderabad,Tier 1,control,218,209,4,5,19.86,35.0,47912.0
2026-06-25,DS1015,Jaipur,Tier 2,control,182,171,9,2,17.81,35.0,40696.0
2026-06-25,DS1016,Mumbai,Tier 1,treated,240,233,5,2,15.02,41.2,48338.0
2026-06-25,DS1017,Chennai,Tier 1,control,188,173,9,6,16.07,36.5,40020.0
2026-06-25,DS1018,Bhopal,Tier 2,control,105,101,4,0,17.15,35.0,23517.0
2026-06-25,DS1019,Hyderabad,Tier 1,control,295,284,8,3,19.41,35.0,83629.0
2026-06-25,DS1020,Jaipur,Tier 2,control,130,124,5,1,18.4,35.0,18506.0
2026-06-25,DS1021,Bengaluru,Tier 1,treated,136,130,6,0,12.93,67.5,23244.0
2026-06-25,DS1022,Lucknow,Tier 2,control,172,164,4,4,15.64,39.3,33707.0
2026-06-25,DS1023,Mumbai,Tier 1,treated,232,215,16,1,14.1,65.1,58151.0
2026-06-25,DS1024,Mumbai,Tier 1,treated,281,272,7,2,16.14,38.1,58962.0
2026-06-25,DS1025,Jaipur,Tier 2,control,127,120,5,2,15.19,52.9,22711.0
2026-06-25,DS1026,Delhi NCR,Tier 1,treated,214,210,2,2,14.98,49.3,50804.0
2026-06-25,DS1027,Mumbai,Tier 1,treated,180,168,8,4,14.78,53.5,39118.0
2026-06-25,DS1028,Bhopal,Tier 2,control,188,176,10,2,18.49,35.0,33136.0
2026-06-25,DS1029,Jaipur,Tier 2,control,120,116,1,3,17.79,35.0,26484.0
2026-06-25,DS1030,Pune,Tier 1,control,278,269,8,1,17.75,35.0,53170.0
2026-06-25,DS1031,Mumbai,Tier 1,treated,213,204,7,2,14.0,67.1,51445.0
2026-06-25,DS1032,Chennai,Tier 1,control,233,222,7,4,17.75,35.0,54320.0
2026-06-25,DS1033,Jaipur,Tier 2,control,78,73,1,4,20.74,35.0,16287.0
2026-06-25,DS1034,Mumbai,Tier 1,treated,212,204,7,1,16.59,38.4,49825.0
2026-06-25,DS1035,Pune,Tier 1,control,265,252,9,4,17.03,35.0,60414.0
2026-06-25,DS1036,Lucknow,Tier 2,control,95,89,5,1,12.89,62.8,19508.0
2026-06-25,DS1037,Lucknow,Tier 2,control,166,157,7,2,18.22,35.0,30982.0
2026-06-25,DS1038,Delhi NCR,Tier 1,treated,262,251,8,3,12.62,76.6,64783.0
2026-06-25,DS1039,Lucknow,Tier 2,control,100,95,3,2,13.88,60.0,25192.0
2026-06-25,DS1040,Hyderabad,Tier 1,control,209,199,7,3,17.45,35.0,43394.0
2026-06-25,DS1041,Lucknow,Tier 2,control,130,127,3,0,19.37,35.0,27493.0
2026-06-25,DS1042,Jaipur,Tier 2,control,131,122,7,2,-1.492,48.3,23637.0
2026-06-25,DS1043,Indore,Tier 2,control,102,97,4,1,14.82,59.8,17541.0
2026-06-25,DS1044,Bengaluru,Tier 1,treated,184,177,4,3,15.68,46.7,42575.0
2026-06-25,DS1045,Delhi NCR,Tier 1,treated,226,206,15,5,13.24,73.0,53529.0
2026-06-25,DS1046,Bengaluru,Tier 1,treated,191,183,4,4,15.56,47.0,38632.0
2026-06-25,DS1047,Bengaluru,Tier 1,treated,173,168,5,0,18.44,35.0,38338.0
2026-06-25,DS1048,Mumbai,Tier 1,treated,239,226,10,3,14.87,55.0,44867.0
2026-06-25,DS1049,Jaipur,Tier 2,control,162,159,2,1,15.13,44.4,24248.0
2026-06-25,DS1050,Chennai,Tier 1,control,157,146,9,2,13.37,72.8,31609.0
2026-06-25,DS1051,Chennai,Tier 1,control,236,228,4,4,17.74,35.0,62554.0
2026-06-25,DS1052,Jaipur,Tier 2,control,118,115,2,1,15.77,35.0,20862.0
2026-06-25,DS1053,Bhopal,Tier 2,control,110,103,6,1,14.45,56.1,19413.0
2026-06-25,DS1054,Pune,Tier 1,control,267,254,10,3,18.47,35.0,61155.0
2026-06-25,DS1055,Delhi NCR,Tier 1,treated,203,196,4,3,14.56,54.9,44646.0
2026-06-25,DS1056,Delhi NCR,Tier 1,treated,270,262,5,3,16.97,35.0,57771.0
2026-06-25,DS1057,Delhi NCR,Tier 1,treated,187,172,9,6,16.02,35.0,35975.0
2026-06-25,DS1058,Chennai,Tier 1,control,258,245,10,3,18.13,35.0,58118.0
2026-06-25,DS1059,Mumbai,Tier 1,treated,204,196,6,2,14.22,56.6,50582.0
2026-06-26,DS1000,Pune,Tier 1,control,321,311,6,4,16.57,35.0,73754.0
2026-06-26,DS1001,Bengaluru,Tier 1,treated,256,245,6,5,18.69,35.0,45367.0
2026-06-26,DS1002,Mumbai,Tier 1,treated,246,227,12,7,14.46,63.3,53968.0
2026-06-26,DS1003,Lucknow,Tier 2,control,157,146,8,3,16.54,35.0,31575.0
2026-06-26,DS1004,Pune,Tier 1,control,204,198,6,0,14.29,57.1,45181.0
2026-06-26,DS1005,Pune,Tier 1,control,197,187,8,2,17.42,35.0,48828.0
2026-06-26,DS1006,Pune,Tier 1,control,306,295,10,1,12.95,78.4,62690.0
2026-06-26,DS1007,Mumbai,Tier 1,treated,268,257,11,0,13.49,71.0,67477.0
2026-06-26,DS1008,Chennai,Tier 1,control,289,277,11,1,18.76,35.0,60148.0
2026-06-26,DS1009,Hyderabad,Tier 1,control,314,304,7,3,16.58,35.0,76380.0
2026-06-26,DS1010,Lucknow,Tier 2,control,104,98,3,3,17.75,35.0,15237.0
2026-06-26,DS1011,Pune,Tier 1,control,229,218,9,2,19.09,35.0,56015.0
2026-06-26,DS1012,Bengaluru,Tier 1,treated,276,265,11,0,15.16,50.8,68774.0
2026-06-26,DS1013,Pune,Tier 1,control,299,284,10,5,18.31,35.0,72761.0
2026-06-26,DS1014,Hyderabad,Tier 1,control,268,254,9,5,19.12,35.0,54119.0
2026-06-26,DS1015,Jaipur,Tier 2,control,192,184,7,1,15.43,50.2,36822.0
2026-06-26,DS1016,Mumbai,Tier 1,treated,309,298,10,1,14.52,51.2,86477.0
2026-06-26,DS1017,Chennai,Tier 1,control,196,183,11,2,15.4,44.5,48637.0
2026-06-26,DS1018,Bhopal,Tier 2,control,115,107,7,1,17.0,35.0,19700.0
2026-06-26,DS1019,Hyderabad,Tier 1,control,331,315,12,4,18.39,35.0,61806.0
2026-06-26,DS1020,Jaipur,Tier 2,control,173,165,7,1,18.14,35.0,35998.0
2026-06-26,DS1021,Bengaluru,Tier 1,treated,185,178,5,2,12.89,77.0,38512.0
2026-06-26,DS1022,Lucknow,Tier 2,control,214,202,10,2,16.01,38.1,44626.0
2026-06-26,DS1023,Mumbai,Tier 1,treated,322,306,12,4,14.93,44.9,69012.0
2026-06-26,DS1024,Mumbai,Tier 1,treated,305,297,5,3,16.08,39.9,73100.0
2026-06-26,DS1025,Jaipur,Tier 2,control,157,143,13,1,16.41,35.0,28648.0
2026-06-26,DS1026,Delhi NCR,Tier 1,treated,283,272,10,1,16.08,35.0,61574.0
2026-06-26,DS1027,Mumbai,Tier 1,treated,220,210,7,3,13.91,60.8,48772.0
2026-06-26,DS1028,Bhopal,Tier 2,control,237,223,10,4,15.88,35.0,47644.0
2026-06-26,DS1029,Jaipur,Tier 2,control,140,134,6,0,17.52,35.0,28134.0
2026-06-26,DS1030,Pune,Tier 1,control,345,333,5,7,17.78,35.0,73749.0
2026-06-26,DS1031,Mumbai,Tier 1,treated,257,247,8,2,14.87,47.7,63173.0
2026-06-26,DS1032,Chennai,Tier 1,control,273,259,12,2,19.37,35.0,61745.0
2026-06-26,DS1033,Jaipur,Tier 2,control,128,125,2,1,21.37,35.0,25621.0
2026-06-26,DS1034,Mumbai,Tier 1,treated,235,224,9,2,15.47,44.7,46372.0
2026-06-26,DS1035,Pune,Tier 1,control,304,289,11,4,17.93,35.0,60121.0
2026-06-26,DS1036,Lucknow,Tier 2,control,122,115,5,2,12.94,73.3,22676.0
2026-06-26,DS1037,Lucknow,Tier 2,control,164,157,4,3,16.92,35.0,34544.0
2026-06-26,DS1038,Delhi NCR,Tier 1,treated,278,261,12,5,12.64,79.3,60266.0
2026-06-26,DS1039,Lucknow,Tier 2,control,126,122,3,1,12.79,80.3,23116.0
2026-06-26,DS1040,Hyderabad,Tier 1,control,261,252,6,3,18.19,35.0,64984.0
2026-06-26,DS1041,Lucknow,Tier 2,control,147,144,1,2,18.15,35.0,31427.0
2026-06-26,DS1042,Jaipur,Tier 2,control,167,162,4,1,17.34,35.0,26198.0
2026-06-26,DS1043,Indore,Tier 2,control,142,134,8,0,14.86,52.5,25523.0
2026-06-26,DS1044,Bengaluru,Tier 1,treated,195,185,10,0,13.76,64.1,50733.0
2026-06-26,DS1045,Delhi NCR,Tier 1,treated,261,243,11,7,15.89,35.0,69136.0
2026-06-26,DS1046,Bengaluru,Tier 1,treated,206,194,6,6,15.04,43.3,52967.0
2026-06-26,DS1047,Bengaluru,Tier 1,treated,208,198,7,3,19.09,35.0,39550.0
2026-06-26,DS1048,Mumbai,Tier 1,treated,270,264,3,3,14.75,57.6,63454.0
2026-06-26,DS1049,Jaipur,Tier 2,control,167,161,4,2,16.83,35.0,36508.0
2026-06-26,DS1050,Chennai,Tier 1,control,176,168,4,4,15.98,35.0,32921.0
2026-06-26,DS1051,Chennai,Tier 1,control,297,288,6,3,17.61,35.0,72600.0
2026-06-26,DS1052,Jaipur,Tier 2,control,145,139,4,2,17.72,35.0,34484.0
2026-06-26,DS1053,Bhopal,Tier 2,control,133,130,2,1,14.45,55.1,25228.0
2026-06-26,DS1054,Pune,Tier 1,control,289,272,11,6,17.54,35.0,66823.0
2026-06-26,DS1055,Delhi NCR,Tier 1,treated,249,238,7,4,14.16,60.3,62887.0
2026-06-26,DS1056,Delhi NCR,Tier 1,treated,353,341,11,1,18.97,35.0,66569.0
2026-06-26,DS1057,Delhi NCR,Tier 1,treated,235,219,12,4,16.79,35.0,53375.0
2026-06-26,DS1058,Chennai,Tier 1,control,271,257,7,7,18.54,35.0,65745.0
2026-06-26,DS1059,Mumbai,Tier 1,treated,268,258,7,3,15.55,39.4,57890.0
2026-06-27,DS1000,Pune,Tier 1,control,282,273,8,1,17.6,35.0,65006.0
2026-06-27,DS1001,Bengaluru,Tier 1,treated,278,270,7,1,18.99,35.0,52780.0
2026-06-27,DS1002,Mumbai,Tier 1,treated,264,251,8,5,13.68,72.9,55939.0
2026-06-27,DS1003,Lucknow,Tier 2,control,158,148,8,2,16.8,35.0,35453.0
2026-06-27,DS1004,Pune,Tier 1,control,202,193,6,3,15.73,38.0,40812.0
2026-06-27,DS1005,Pune,Tier 1,control,202,188,9,5,15.69,44.8,53090.0
2026-06-27,DS1006,Pune,Tier 1,control,318,309,7,2,15.75,37.3,72072.0
2026-06-27,DS1007,Mumbai,Tier 1,treated,257,253,2,2,14.16,61.6,69880.0
2026-06-27,DS1008,Chennai,Tier 1,control,262,252,9,1,20.23,35.0,44775.0
2026-06-27,DS1009,Hyderabad,Tier 1,control,322,302,17,3,16.12,37.4,67054.0
2026-06-27,DS1010,Lucknow,Tier 2,control,117,110,5,2,19.85,35.0,24949.0
2026-06-27,DS1011,Pune,Tier 1,control,238,223,15,0,20.31,35.0,43618.0
2026-06-27,DS1012,Bengaluru,Tier 1,treated,249,234,13,2,15.18,43.6,47687.0
2026-06-27,DS1013,Pune,Tier 1,control,289,278,5,6,18.54,35.0,53379.0
2026-06-27,DS1014,Hyderabad,Tier 1,control,277,269,6,2,20.61,35.0,68185.0
2026-06-27,DS1015,Jaipur,Tier 2,control,194,188,4,2,15.03,47.4,36364.0
2026-06-27,DS1016,Mumbai,Tier 1,treated,255,236,13,6,15.71,40.9,53637.0
2026-06-27,DS1017,Chennai,Tier 1,control,216,206,7,3,15.06,51.0,51347.0
2026-06-27,DS1018,Bhopal,Tier 2,control,130,126,3,1,16.96,35.0,26024.0
2026-06-27,DS1019,Hyderabad,Tier 1,control,333,315,15,3,21.36,35.0,62393.0
2026-06-27,DS1020,Jaipur,Tier 2,control,185,182,2,1,18.02,35.0,38533.0
2026-06-27,DS1021,Bengaluru,Tier 1,treated,180,175,2,3,13.29,68.0,45438.0
2026-06-27,DS1022,Lucknow,Tier 2,control,192,176,11,5,16.25,35.0,32070.0
2026-06-27,DS1023,Mumbai,Tier 1,treated,288,278,5,5,13.78,54.5,66963.0
2026-06-27,DS1024,Mumbai,Tier 1,treated,326,320,4,2,15.45,42.0,65897.0
2026-06-27,DS1025,Jaipur,Tier 2,control,140,136,2,2,17.1,35.0,24262.0
2026-06-27,DS1026,Delhi NCR,Tier 1,treated,250,239,6,5,15.53,42.2,57701.0
2026-06-27,DS1027,Mumbai,Tier 1,treated,218,208,5,5,15.36,48.7,45486.0
2026-06-27,DS1028,Bhopal,Tier 2,control,216,206,7,3,16.99,35.0,47402.0
2026-06-27,DS1029,Jaipur,Tier 2,control,166,160,4,2,17.79,35.0,30122.0
2026-06-27,DS1030,Pune,Tier 1,control,336,326,7,3,16.97,35.0,82149.0
2026-06-27,DS1031,Mumbai,Tier 1,treated,252,242,7,3,15.05,50.5,49009.0
2026-06-27,DS1032,Chennai,Tier 1,control,289,275,8,6,18.71,35.0,48262.0
2026-06-27,DS1033,Jaipur,Tier 2,control,119,110,6,3,19.4,35.0,18309.0
2026-06-27,DS1034,Mumbai,Tier 1,treated,254,242,6,6,16.45,35.0,52680.0
2026-06-27,DS1035,Pune,Tier 1,control,328,318,7,3,17.13,35.0,72239.0
2026-06-27,DS1036,Lucknow,Tier 2,control,119,118,1,0,15.75,42.2,24761.0
2026-06-27,DS1037,Lucknow,Tier 2,control,206,196,8,2,18.44,35.0,40660.0
2026-06-27,DS1038,Delhi NCR,Tier 1,treated,295,279,13,3,12.08,75.3,65558.0
2026-06-27,DS1039,Lucknow,Tier 2,control,154,149,1,4,13.95,66.0,34284.0
2026-06-27,DS1040,Hyderabad,Tier 1,control,228,213,13,2,18.52,35.0,52718.0
2026-06-27,DS1041,Lucknow,Tier 2,control,151,146,3,2,17.41,35.0,32871.0
2026-06-27,DS1042,Jaipur,Tier 2,control,147,143,3,1,16.65,35.0,32871.0
2026-06-27,DS1043,Indore,Tier 2,control,131,123,5,3,13.95,68.8,21643.0
2026-06-27,DS1044,Bengaluru,Tier 1,treated,224,216,6,2,14.41,54.3,57418.0
2026-06-27,DS1045,Delhi NCR,Tier 1,treated,236,224,10,2,14.47,61.2,48318.0
2026-06-27,DS1046,Bengaluru,Tier 1,treated,232,225,5,2,16.53,35.0,54227.0
2026-06-27,DS1047,Bengaluru,Tier 1,treated,181,170,7,4,18.25,35.0,38560.0
2026-06-27,DS1048,Mumbai,Tier 1,treated,269,253,12,4,15.77,41.5,71960.0
2026-06-27,DS1049,Jaipur,Tier 2,control,164,153,9,2,16.14,35.0,29070.0
2026-06-27,DS1050,Chennai,Tier 1,control,218,204,10,4,14.81,57.2,58223.0
2026-06-27,DS1051,Chennai,Tier 1,control,276,263,11,2,16.03,40.3,46453.0
2026-06-27,DS1052,Jaipur,Tier 2,control,150,143,3,4,16.84,35.0,30664.0
2026-06-27,DS1053,Bhopal,Tier 2,control,119,114,2,3,15.0,51.9,26072.0
2026-06-27,DS1054,Pune,Tier 1,control,337,323,8,6,16.14,40.0,81840.0
2026-06-27,DS1055,Delhi NCR,Tier 1,treated,248,241,3,4,12.46,78.5,56281.0
2026-06-27,DS1056,Delhi NCR,Tier 1,treated,367,350,12,5,17.5,35.0,85468.0
2026-06-27,DS1057,Delhi NCR,Tier 1,treated,212,204,7,1,17.98,35.0,47330.0
2026-06-27,DS1058,Chennai,Tier 1,control,291,273,13,5,18.65,35.0,71455.0
2026-06-27,DS1059,Mumbai,Tier 1,treated,278,262,12,4,13.77,68.4,45622.0
2026-06-28,DS1000,Pune,Tier 1,control,245,235,9,1,17.76,35.0,54564.0
2026-06-28,DS1001,Bengaluru,Tier 1,treated,241,228,10,3,17.85,35.0,61292.0
2026-06-28,DS1002,Mumbai,Tier 1,treated,231,222,8,1,15.15,49.9,50755.0
2026-06-28,DS1003,Lucknow,Tier 2,control,125,119,6,0,18.08,35.0,27856.0
2026-06-28,DS1004,Pune,Tier 1,control,181,175,4,2,14.55,49.3,35403.0
2026-06-28,DS1005,Pune,Tier 1,control,184,180,4,0,17.23,35.0,44040.0
2026-06-28,DS1006,Pune,Tier 1,control,250,241,7,2,15.72,50.6,59550.0
2026-06-28,DS1007,Mumbai,Tier 1,treated,221,216,4,1,13.99,63.9,44445.0
2026-06-28,DS1008,Chennai,Tier 1,control,262,254,4,4,20.91,35.0,51611.0
2026-06-28,DS1009,Hyderabad,Tier 1,control,270,252,12,6,15.07,46.6,71677.0
2026-06-28,DS1010,Lucknow,Tier 2,control,95,92,2,1,18.09,35.0,14990.0
2026-06-28,DS1011,Pune,Tier 1,control,171,161,9,1,18.59,35.0,36184.0
2026-06-28,DS1012,Bengaluru,Tier 1,treated,228,222,5,1,17.21,35.0,55576.0
2026-06-28,DS1013,Pune,Tier 1,control,261,247,9,5,17.93,35.0,60648.0
2026-06-28,DS1014,Hyderabad,Tier 1,control,232,226,6,0,19.52,35.0,49485.0
2026-06-28,DS1015,Jaipur,Tier 2,control,147,144,2,1,16.21,39.5,31923.0
2026-06-28,DS1016,Mumbai,Tier 1,treated,246,235,9,2,15.26,49.2,57826.0
2026-06-28,DS1017,Chennai,Tier 1,control,178,167,8,3,15.17,48.9,47714.0
2026-06-28,DS1018,Bhopal,Tier 2,control,105,103,2,0,17.56,35.0,20955.0
2026-06-28,DS1019,Hyderabad,Tier 1,control,267,249,14,4,19.92,35.0,63725.0
2026-06-28,DS1020,Jaipur,Tier 2,control,148,139,7,2,18.34,35.0,31711.0
2026-06-28,DS1021,Bengaluru,Tier 1,treated,166,162,3,1,14.52,54.1,39048.0
2026-06-28,DS1022,Lucknow,Tier 2,control,160,149,10,1,13.81,58.1,30389.0
2026-06-28,DS1023,Mumbai,Tier 1,treated,253,245,5,3,14.05,60.1,63098.0
2026-06-28,DS1024,Mumbai,Tier 1,treated,301,290,9,2,16.0,35.0,81444.0
2026-06-28,DS1025,Jaipur,Tier 2,control,116,108,4,4,15.7,44.5,19664.0
2026-06-28,DS1026,Delhi NCR,Tier 1,treated,212,204,6,2,15.23,49.4,52519.0
2026-06-28,DS1027,Mumbai,Tier 1,treated,190,182,7,1,15.47,43.2,45773.0
2026-06-28,DS1028,Bhopal,Tier 2,control,181,167,11,3,16.69,35.0,41333.0
2026-06-28,DS1029,Jaipur,Tier 2,control,136,136,0,0,15.52,43.3,28672.0
2026-06-28,DS1030,Pune,Tier 1,control,281,270,4,7,16.52,35.0,59691.0
2026-06-28,DS1031,Mumbai,Tier 1,treated,206,195,11,0,15.96,35.0,41157.0
2026-06-28,DS1032,Chennai,Tier 1,control,247,238,6,3,17.02,35.0,63178.0
2026-06-28,DS1033,Jaipur,Tier 2,control,91,90,0,1,19.49,35.0,20743.0
2026-06-28,DS1034,Mumbai,Tier 1,treated,189,178,6,5,15.7,39.4,37901.0
2026-06-28,DS1035,Pune,Tier 1,control,296,282,12,2,15.44,45.8,64449.0
2026-06-28,DS1036,Lucknow,Tier 2,control,105,97,4,4,13.02,72.3,18171.0
2026-06-28,DS1037,Lucknow,Tier 2,control,149,140,7,2,18.36,35.0,30846.0
2026-06-28,DS1038,Delhi NCR,Tier 1,treated,247,237,5,5,11.39,81.4,65739.0
2026-06-28,DS1039,Lucknow,Tier 2,control,112,107,5,0,14.65,54.5,19844.0
2026-06-28,DS1040,Hyderabad,Tier 1,control,196,186,6,4,18.45,35.0,46562.0
2026-06-28,DS1041,Lucknow,Tier 2,control,113,111,2,0,18.28,35.0,20376.0
2026-06-28,DS1042,Jaipur,Tier 2,control,137,130,6,1,16.51,35.0,34804.0
2026-06-28,DS1043,Indore,Tier 2,control,97,91,5,1,13.87,65.5,19254.0
2026-06-28,DS1044,Bengaluru,Tier 1,treated,189,183,3,3,13.45,72.1,43707.0
2026-06-28,DS1045,Delhi NCR,Tier 1,treated,203,190,10,3,13.54,67.3,43934.0
2026-06-28,DS1046,Bengaluru,Tier 1,treated,172,164,6,2,17.51,35.0,44645.0
2026-06-28,DS1047,Bengaluru,Tier 1,treated,171,163,7,1,18.95,35.0,43284.0
2026-06-28,DS1048,Mumbai,Tier 1,treated,236,224,10,2,15.84,40.4,48298.0
2026-06-28,DS1049,Jaipur,Tier 2,control,151,146,4,1,16.41,35.0,34651.0
2026-06-28,DS1050,Chennai,Tier 1,control,155,147,7,1,14.53,52.1,39813.0
2026-06-28,DS1051,Chennai,Tier 1,control,222,211,9,2,16.67,35.0,51565.0
2026-06-28,DS1052,Jaipur,Tier 2,control,95,91,3,1,15.06,52.2,21883.0
2026-06-28,DS1053,Bhopal,Tier 2,control,118,111,5,2,16.25,35.0,22984.0
2026-06-28,DS1054,Pune,Tier 1,control,260,248,10,2,17.28,35.0,50213.0
2026-06-28,DS1055,Delhi NCR,Tier 1,treated,222,210,8,4,13.14,67.8,58623.0
2026-06-28,DS1056,Delhi NCR,Tier 1,treated,300,287,11,2,18.27,35.0,66136.0
2026-06-28,DS1057,Delhi NCR,Tier 1,treated,184,178,2,4,17.54,35.0,43385.0
2026-06-28,DS1058,Chennai,Tier 1,control,219,215,3,1,18.88,35.0,60748.0
2026-06-28,DS1059,Mumbai,Tier 1,treated,234,221,8,5,13.82,60.9,51944.0
2026-06-29,DS1000,Pune,Tier 1,control,261,249,10,2,17.18,35.0,61026.0
2026-06-29,DS1001,Bengaluru,Tier 1,treated,207,201,4,2,17.35,35.0,49307.0
2026-06-29,DS1002,Mumbai,Tier 1,treated,214,207,1,6,14.56,58.9,36509.0
2026-06-29,DS1003,Lucknow,Tier 2,control,117,111,6,0,15.75,42.1,24209.0
2026-06-29,DS1004,Pune,Tier 1,control,191,182,7,2,14.86,50.9,48607.0
2026-06-29,DS1005,Pune,Tier 1,control,182,175,6,1,18.59,35.0,37504.0
2026-06-29,DS1006,Pune,Tier 1,control,239,232,4,3,14.21,55.9,54842.0
2026-06-29,DS1007,Mumbai,Tier 1,treated,198,186,8,4,14.12,63.8,47773.0
2026-06-29,DS1008,Chennai,Tier 1,control,258,245,10,3,18.75,35.0,59258.0
2026-06-29,DS1009,Hyderabad,Tier 1,control,243,230,7,6,17.36,35.0,58878.0
2026-06-29,DS1010,Lucknow,Tier 2,control,94,92,2,0,18.3,35.0,18448.0
2026-06-29,DS1011,Pune,Tier 1,control,183,176,4,3,18.9,35.0,34152.0
2026-06-29,DS1012,Bengaluru,Tier 1,treated,240,225,11,4,13.41,72.4,67511.0
2026-06-29,DS1013,Pune,Tier 1,control,253,244,6,3,17.18,35.0,68717.0
2026-06-29,DS1014,Hyderabad,Tier 1,control,218,207,7,4,20.92,35.0,36176.0
2026-06-29,DS1015,Jaipur,Tier 2,control,178,166,11,1,18.33,35.0,44495.0
2026-06-29,DS1016,Mumbai,Tier 1,treated,210,202,8,0,13.12,73.8,40930.0
2026-06-29,DS1017,Chennai,Tier 1,control,208,198,8,2,14.1,61.8,50129.0
2026-06-29,DS1018,Bhopal,Tier 2,control,112,109,2,1,15.79,39.9,21276.0
2026-06-29,DS1019,Hyderabad,Tier 1,control,241,234,5,2,17.4,35.0,50519.0
2026-06-29,DS1020,Jaipur,Tier 2,control,137,131,6,0,17.82,35.0,19857.0
2026-06-29,DS1021,Bengaluru,Tier 1,treated,182,167,12,3,13.42,75.6,41950.0
2026-06-29,DS1022,Lucknow,Tier 2,control,177,170,7,0,15.33,48.9,41264.0
2026-06-29,DS1023,Mumbai,Tier 1,treated,235,225,8,2,13.85,66.9,48956.0
2026-06-29,DS1024,Mumbai,Tier 1,treated,276,265,10,1,14.05,59.5,67325.0
2026-06-29,DS1025,Jaipur,Tier 2,control,120,116,3,1,17.21,35.0,27269.0
2026-06-29,DS1026,Delhi NCR,Tier 1,treated,204,197,6,1,14.92,46.2,52805.0
2026-06-29,DS1027,Mumbai,Tier 1,treated,179,170,7,2,13.33,68.5,43388.0
2026-06-29,DS1028,Bhopal,Tier 2,control,178,171,5,2,17.11,35.0,28061.0
2026-06-29,DS1029,Jaipur,Tier 2,control,140,134,5,1,17.02,35.0,26040.0
2026-06-29,DS1030,Pune,Tier 1,control,290,273,10,7,17.05,35.0,68726.0
2026-06-29,DS1031,Mumbai,Tier 1,treated,209,198,8,3,16.23,35.5,41056.0
2026-06-29,DS1032,Chennai,Tier 1,control,254,243,8,3,16.99,36.8,49106.0
2026-06-29,DS1033,Jaipur,Tier 2,control,75,74,1,0,20.64,35.0,14696.0
2026-06-29,DS1034,Mumbai,Tier 1,treated,226,220,4,2,15.24,48.6,52468.0
2026-06-29,DS1035,Pune,Tier 1,control,279,264,10,5,17.71,35.0,64322.0
2026-06-29,DS1036,Lucknow,Tier 2,control,96,89,6,1,14.78,51.2,19586.0
2026-06-29,DS1037,Lucknow,Tier 2,control,164,158,5,1,17.54,35.0,36396.0
2026-06-29,DS1038,Delhi NCR,Tier 1,treated,241,230,9,2,12.0,83.1,42942.0
2026-06-29,DS1039,Lucknow,Tier 2,control,90,86,4,0,15.59,41.4,16735.0
2026-06-29,DS1040,Hyderabad,Tier 1,control,176,166,8,2,19.98,35.0,42954.0
2026-06-29,DS1041,Lucknow,Tier 2,control,139,133,5,1,17.85,35.0,22530.0
2026-06-29,DS1042,Jaipur,Tier 2,control,139,135,3,1,16.25,38.3,25293.0
2026-06-29,DS1043,Indore,Tier 2,control,115,109,6,0,14.24,56.2,17726.0
2026-06-29,DS1044,Bengaluru,Tier 1,treated,216,206,8,2,14.48,60.4,45661.0
2026-06-29,DS1045,Delhi NCR,Tier 1,treated,216,200,14,2,13.9,66.3,48648.0
2026-06-29,DS1046,Bengaluru,Tier 1,treated,177,164,10,3,17.32,35.0,36866.0
2026-06-29,DS1047,Bengaluru,Tier 1,treated,151,142,6,3,18.97,35.0,30140.0
2026-06-29,DS1048,Mumbai,Tier 1,treated,179,171,5,3,16.05,39.5,48202.0
2026-06-29,DS1049,Jaipur,Tier 2,control,169,159,6,4,15.5,49.6,32615.0
2026-06-29,DS1050,Chennai,Tier 1,control,170,157,8,5,14.59,57.9,35973.0
2026-06-29,DS1051,Chennai,Tier 1,control,225,216,5,4,16.03,38.4,60032.0
2026-06-29,DS1052,Jaipur,Tier 2,control,124,118,4,2,16.12,35.0,25599.0
2026-06-29,DS1053,Bhopal,Tier 2,control,107,102,2,3,16.15,35.0,22929.0
2026-06-29,DS1054,Pune,Tier 1,control,267,254,9,4,16.01,35.2,60941.0
2026-06-29,DS1055,Delhi NCR,Tier 1,treated,225,216,9,0,12.72,80.4,50116.0
2026-06-29,DS1056,Delhi NCR,Tier 1,treated,317,304,12,1,16.51,35.0,52992.0
2026-06-29,DS1057,Delhi NCR,Tier 1,treated,203,192,9,2,14.26,63.4,47060.0
2026-06-29,DS1058,Chennai,Tier 1,control,271,259,9,3,19.29,35.0,52835.0
2026-06-29,DS1059,Mumbai,Tier 1,treated,215,201,9,5,13.8,62.8,38359.0
2026-06-30,DS1000,Pune,Tier 1,control,257,246,11,0,17.67,35.0,67377.0
2026-06-30,DS1001,Bengaluru,Tier 1,treated,221,210,8,3,18.18,35.0,55875.0
2026-06-30,DS1002,Mumbai,Tier 1,treated,202,194,6,2,16.98,35.0,49566.0
2026-06-30,DS1003,Lucknow,Tier 2,control,116,109,3,4,16.04,38.2,26845.0
2026-06-30,DS1004,Pune,Tier 1,control,166,162,3,1,17.03,35.0,33795.0
2026-06-30,DS1005,Pune,Tier 1,control,178,167,8,3,17.02,35.0,49741.0
2026-06-30,DS1006,Pune,Tier 1,control,279,273,6,0,15.2,36.5,54747.0
2026-06-30,DS1007,Mumbai,Tier 1,treated,207,195,10,2,12.65,69.1,43374.0
2026-06-30,DS1008,Chennai,Tier 1,control,222,208,10,4,19.13,35.0,47915.0
2026-06-30,DS1009,Hyderabad,Tier 1,control,251,237,12,2,14.4,59.4,44908.0
2026-06-30,DS1010,Lucknow,Tier 2,control,93,91,1,1,18.63,35.0,19216.0
2026-06-30,DS1011,Pune,Tier 1,control,161,151,8,2,19.02,35.0,36853.0
2026-06-30,DS1012,Bengaluru,Tier 1,treated,243,232,10,1,15.25,50.5,52373.0
2026-06-30,DS1013,Pune,Tier 1,control,230,224,4,2,16.55,35.0,47801.0
2026-06-30,DS1014,Hyderabad,Tier 1,control,214,201,7,6,20.98,35.0,53703.0
2026-06-30,DS1015,Jaipur,Tier 2,control,156,155,1,0,16.65,35.0,32049.0
2026-06-30,DS1016,Mumbai,Tier 1,treated,247,236,6,5,14.09,60.2,48508.0
2026-06-30,DS1017,Chennai,Tier 1,control,189,184,4,1,14.69,52.8,41931.0
2026-06-30,DS1018,Bhopal,Tier 2,control,123,116,4,3,19.28,35.0,21106.0
2026-06-30,DS1019,Hyderabad,Tier 1,control,251,242,8,1,17.74,35.0,57887.0
2026-06-30,DS1020,Jaipur,Tier 2,control,127,122,2,3,19.29,35.0,20357.0
2026-06-30,DS1021,Bengaluru,Tier 1,treated,155,150,3,2,13.21,72.6,40725.0
2026-06-30,DS1022,Lucknow,Tier 2,control,166,160,5,1,15.33,47.5,24404.0
2026-06-30,DS1023,Mumbai,Tier 1,treated,256,245,9,2,12.75,75.1,67505.0
2026-06-30,DS1024,Mumbai,Tier 1,treated,297,285,8,4,14.48,59.3,58633.0
2026-06-30,DS1025,Jaipur,Tier 2,control,131,125,4,2,17.87,35.0,24598.0
2026-06-30,DS1026,Delhi NCR,Tier 1,treated,239,228,8,3,13.97,56.5,54198.0
2026-06-30,DS1027,Mumbai,Tier 1,treated,159,151,8,0,15.92,40.3,34940.0
2026-06-30,DS1028,Bhopal,Tier 2,control,172,167,5,0,16.76,35.0,29913.0
2026-06-30,DS1029,Jaipur,Tier 2,control,138,129,6,3,17.31,35.0,24987.0
2026-06-30,DS1030,Pune,Tier 1,control,297,279,13,5,16.81,35.0,74626.0
2026-06-30,DS1031,Mumbai,Tier 1,treated,210,202,8,0,14.95,52.2,48843.0
2026-06-30,DS1032,Chennai,Tier 1,control,280,272,6,2,17.25,35.0,46186.0
2026-06-30,DS1033,Jaipur,Tier 2,control,93,88,4,1,19.12,35.0,17893.0
2026-06-30,DS1034,Mumbai,Tier 1,treated,210,197,6,7,16.47,35.0,46267.0
2026-06-30,DS1035,Pune,Tier 1,control,286,271,11,4,16.75,35.0,61190.0
2026-06-30,DS1036,Lucknow,Tier 2,control,99,95,4,0,13.11,70.3,17953.0
2026-06-30,DS1037,Lucknow,Tier 2,control,171,161,7,3,16.92,35.0,40652.0
2026-06-30,DS1038,Delhi NCR,Tier 1,treated,225,217,4,4,10.88,85.2,59816.0
2026-06-30,DS1039,Lucknow,Tier 2,control,113,108,4,1,15.94,37.1,22195.0
2026-06-30,DS1040,Hyderabad,Tier 1,control,207,192,11,4,18.47,35.0,40812.0
2026-06-30,DS1041,Lucknow,Tier 2,control,119,114,4,1,17.84,35.0,27964.0
2026-06-30,DS1042,Jaipur,Tier 2,control,122,116,6,0,16.86,35.0,19394.0
2026-06-30,DS1043,Indore,Tier 2,control,99,93,3,3,13.19,73.1,16479.0
2026-06-30,DS1044,Bengaluru,Tier 1,treated,200,193,6,1,13.71,65.8,51009.0
2026-06-30,DS1045,Delhi NCR,Tier 1,treated,211,197,12,2,14.53,60.1,49192.0
2026-06-30,DS1046,Bengaluru,Tier 1,treated,199,190,6,3,16.21,35.0,46082.0
2026-06-30,DS1047,Bengaluru,Tier 1,treated,173,166,5,2,17.82,35.0,46381.0
2026-06-30,DS1048,Mumbai,Tier 1,treated,251,235,10,6,15.13,43.5,53029.0
2026-06-30,DS1049,Jaipur,Tier 2,control,141,136,3,2,15.23,46.0,26014.0
2026-06-30,DS1050,Chennai,Tier 1,control,159,153,6,0,13.73,59.9,33905.0
2026-06-30,DS1051,Chennai,Tier 1,control,222,208,11,3,14.97,48.9,53546.0
2026-06-30,DS1052,Jaipur,Tier 2,control,137,128,8,1,16.87,35.3,29374.0
2026-06-30,DS1053,Bhopal,Tier 2,control,111,107,4,0,13.09,73.0,23558.0
2026-06-30,DS1054,Pune,Tier 1,control,281,265,12,4,18.11,35.0,72728.0
2026-06-30,DS1055,Delhi NCR,Tier 1,treated,213,208,5,0,12.05,77.6,58418.0
2026-06-30,DS1056,Delhi NCR,Tier 1,treated,281,272,7,2,17.93,35.0,61574.0
2026-06-30,DS1057,Delhi NCR,Tier 1,treated,227,212,8,7,16.2,35.0,52952.0
2026-06-30,DS1058,Chennai,Tier 1,control,243,239,2,2,18.29,35.0,43912.0
2026-06-30,DS1059,Mumbai,Tier 1,treated,219,213,5,1,15.44,35.4,58881.0
